time,A_pos_x,A_vel_x,A_pos_y,A_vel_y,A_pos_z,A_vel_z,B_pos_x,B_vel_x,B_pos_y,B_vel_y,B_pos_z,B_vel_z,C_pos_x,C_vel_x,C_pos_y,C_vel_y,C_pos_z,C_vel_z
0.005000000000000001,6.231011264462457e-06,0.0024885719949951325,1.0836536479367423e-05,0.004336839542232579,0.0,0.0,0.9999838877051813,-0.006445690409873316,0.006002051738212616,1.2008141907287646,0.0,0.0,-0.5049901187164457,-0.996042881585122,0.8634871117253081,-0.5051510302709972,0.0,0.0
0.010000000000000005,2.4848432282930348e-05,0.004954545530104364,4.3389891939410684e-05,0.008686707187169938,0.0,0.0,0.9999355357068269,-0.012895859174673138,0.012008078828962546,1.2015901521348893,0.0,0.0,-0.5099603841391098,-0.9920586863554316,0.860948531279098,-0.5102768593220587,0.0,0.0
0.01500000000000001,5.573900360960168e-05,0.007397814370374333,9.772490469889853e-05,0.013049481622875387,0.0,0.0,0.9998549219371614,-0.019350377322553618,0.018017890288318798,1.2023279491144163,0.0,0.0,-0.5149106609407711,-0.9880474370478212,0.8583843848069824,-0.5153774307372911,0.0,0.0
0.020000000000000014,9.878894381208535e-05,0.009818275959776699,0.00017390580019974853,0.017425039024032377,0.0,0.0,0.9997420249640697,-0.02580911955429473,0.024031295454173474,1.2030276454889375,0.0,0.0,-0.519840813907882,-0.9840091564054826,0.8557947987456269,-0.5204526845129698,0.0,0.0
0.02500000000000002,0.00015388396792016457,0.012215831442948933,0.0002719961786372994,0.021813253130574944,0.0,0.0,0.999596823972834,-0.03227196420360741,0.030048103980699802,1.2036893039378915,0.0,0.0,-0.5247507079407542,-0.9799438672393421,0.8531798998406631,-0.5255025570684665,0.0,0.0
0.030000000000000023,0.0002209093059845728,0.014590385687469069,0.00039205900298029976,0.02621399532495767,0.0,0.0,0.9994192987480676,-0.03873879319753998,0.03606812583247437,1.204312985931947,0.0,0.0,-0.529640208054052,-0.9758515924899296,0.8505398151645456,-0.5305269812569049,0.0,0.0
0.035000000000000024,0.00029974972174860644,0.016941847306726043,0.000534156587374017,0.030627134708148106,0.0,0.0,0.9992094296558467,-0.04520949201702023,0.042091171278268884,1.2048987516674385,0.0,0.0,-0.5345091793775951,-0.9717323552897065,0.8478746721343574,-0.5355258863755867,0.0,0.0
0.04000000000000003,0.00039028953143570164,0.019270128683445045,0.0006983505859202886,0.035052538174425774,0.0,0.0,0.9989671976260404,-0.05168394965756598,0.04811705088451674,1.2054466600018003,0.0,0.0,-0.539357487157476,-0.9675861790258797,0.8451845985295632,-0.540499198176227,0.0,0.0
0.04500000000000003,0.0004924126226563952,0.02157514599392484,0.0008847019818287613,0.03949007048507237,0.0,0.0,0.9986925841348346,-0.058162058590196,0.05414557550845908,1.2059567683899717,0.0,0.0,-0.5441849967574909,-0.9634130874037296,0.8424697225097125,-0.5454468388750447,0.0,0.0
0.05000000000000004,0.0006060024734383654,0.023856819233042142,0.001093271076933985,0.04393959434103878,0.0,0.0,0.9983855711874523,-0.06464371472257095,0.06017655629097527,1.2064291328217067,0.0,0.0,-0.5489915736608904,-0.959213104510472,0.839730172632091,-0.5503687271627463,0.0,0.0
0.05500000000000004,0.0007309421713835225,0.026115072240075657,0.001324117481573466,0.04840097045467552,0.0,0.0,0.9980461413010664,-0.07112881736039398,0.066209804649102,1.206863807759773,0.0,0.0,-0.5537770834724494,-0.9549862548796828,0.8369660778693246,-0.5552647782144499,0.0,0.0
0.060000000000000046,0.0008671144329563752,0.028349832725400436,0.0015773001048222076,0.05287405762061355,0.0,0.0,0.9976742774879055,-0.0776172691690984,0.0722451322682457,1.2072608460789718,0.0,0.0,-0.5585413919208615,-0.9507325635563033,0.8341775676269323,-0.5601349036995873,0.0,0.0
0.06500000000000004,0.0010144016229081424,0.03056103229810075,0.0018528771450797166,0.05735871278588387,0.0,0.0,0.9972699632385514,-0.08410897613584875,0.07828235109409178,1.207620299005947,0.0,0.0,-0.5632843648614589,-0.9464520561622535,0.8313647717608286,-0.5649790117918331,0.0,0.0
0.07000000000000005,0.0011726857738413269,0.032748606494547944,0.002150906081005892,0.061854791119364975,0.0,0.0,0.9968331825054235,-0.09060384753188112,0.08432127332421498,1.2079422160597326,0.0,0.0,-0.5680058682792644,-0.9421447589626682,0.8285278205947794,-0.5697970071791004,0.0,0.0
0.07500000000000005,0.0013418486059196771,0.0349124948079873,0.0024714436628026464,0.06636214608064772,0.0,0.0,0.9963639196864524,-0.0971017958752065,0.09036171139939411,1.2082266449929993,0.0,0.0,-0.5727057682923717,-0.9378106989327821,0.8256668449378034,-0.5745887910736497,0.0,0.0
0.08000000000000006,0.001521771546728698,0.03705264071917588,0.002814545903838596,0.07088062948840863,0.0,0.0,0.9958621596089383,-0.1036027368937,0.09640347799463475,1.2084736317339433,0.0,0.0,-0.5773839311556668,-0.9334499038254771,0.8227819761015266,-0.5793542612223537,0.0,0.0
0.08500000000000006,0.0017123357512920604,0.03916899172811148,0.0031802680726145715,0.07541009158838326,0.0,0.0,0.9953278875135932,-0.1101065894885991,0.10244638600990283,1.208683220328782,0.0,0.0,-0.5820402232648849,-0.929062402239514,0.8198733459174826,-0.5840933119171671,0.0,0.0
0.09000000000000007,0.00191342212224946,0.041261499386890166,0.0035686646850681875,0.07995038112103178,0.0,0.0,0.9947610890387646,-0.11661327569843022,0.10849024856057211,1.2088554528848092,0.0,0.0,-0.5866745111610134,-0.9246482236884614,0.8169410867543596,-0.5888058340058423,0.0,0.0
0.09500000000000007,0.002124911330201662,0.04333011933372844,0.003979789497216167,0.08450134538899112,0.0,0.0,0.9941617502048379,-0.1231227206633851,0.11453487896758832,1.2089903695139461,0.0,0.0,-0.5912866615350387,-0.9202073986703451,0.8139853315351954,-0.5934917149029394,0.0,0.0
0.10000000000000007,0.002346683834228639,0.04537481132818361,0.004413695498133585,0.08906283032440701,0.0,0.0,0.9935298573988165,-0.1296348525901649,0.12058009074735213,1.209088008276772,0.0,0.0,-0.5958765412330445,-0.9157399587380207,0.811006213754514,-0.5981508386011811,0.0,0.0
0.10500000000000008,0.00257861990258687,0.0473955392876038,0.004870434903269676,0.09363468055624173,0.0,0.0,0.9928653973590764,-0.13614960271731077,0.12662569760132328,1.2091484051269472,0.0,0.0,-0.6004440172616626,-0.9112459365702951,0.8080038674954066,-0.6027830856831914,0.0,0.0
0.11000000000000008,0.002820599633592029,0.04939227132483736,0.0053500591481003106,0.09821673947765418,0.0,0.0,0.9921683571602917,-0.1426669052810374,0.132671513405348,1.2091715938560184,0.0,0.0,-0.6049889567938833,-0.9067253660438017,0.8049784274465512,-0.607388333333675,0.0,0.0
0.11500000000000009,0.0030725029766934205,0.05136497978722871,0.0058526188821177594,0.10280884931354882,0.0,0.0,0.991438724198532,-0.14918669748158647,0.13871735219871095,1.2091576060385272,0.0,0.0,-0.609511227175225,-0.9021782823056441,0.8019300289191709,-0.6119664553520786,0.0,0.0
0.12000000000000009,0.003334209753746668,0.053313641296926326,0.0063781639631588305,0.10741085118839229,0.0,0.0,0.9906764861765237,-0.15570891945011497,0.1447630281729137,1.209106470977395,0.0,0.0,-0.6140106959302699,-0.8976047218468134,0.7988588078639269,-0.6165173221657899,0.0,0.0
0.12500000000000008,0.003605599680491269,0.05523823679252578,0.006926743452072957,0.11202258519439653,0.0,0.0,0.9898816310890783,-0.16223351421613286,0.15080835566018033,1.209018215649518,0.0,0.0,-0.6184872307695689,-0.8930047225763948,0.7957649008877461,-0.621040800843916,0.0,0.0
0.1300000000000001,0.0038865523882397547,0.057138751572069275,0.007498405607732331,0.11664389046016899,0.0,0.0,0.9890541472086798,-0.16876042767550406,0.1568531491216918,1.2088928646515291,0.0,0.0,-0.622940699596919,-0.888378323896567,0.7926484452705751,-0.6255367551117003,0.0,0.0
0.1350000000000001,0.004176947445785262,0.05901517533742021,0.008093197882386672,0.12127460521993114,0.0,0.0,0.9881940230712328,-0.17528960855902495,0.1628972231355493,1.2087304401456878,0.0,0.0,-0.6273709705170178,-0.8837255667783975,0.7895095789820632,-0.630005045365621,0.0,0.0
0.1400000000000001,0.004476664381534466,0.0608675022400304,0.008711166917365691,0.12591456688340746,0.0,0.0,0.987301247461965,-0.18182100840158968,0.16894039238446726,1.2085309618058186,0.0,0.0,-0.631777911843499,-0.8790464938384431,0.786348440698166,-0.6344455286892282,0.0,0.0
0.1450000000000001,0.004785582705872862,0.06269573092811367,0.00935235853913294,0.13056361210648837,0.0,0.0,0.9863758094014815,-0.18835458151195814,0.17498247164319589,1.2082944467632761,0.0,0.0,-0.6361613921073537,-0.8743411494161578,0.7831651698176703,-0.6388580588697673,0.0,0.0
0.1500000000000001,0.005103581933769441,0.06449986459523954,0.010016817755695078,0.13522157686277214,0.0,0.0,0.9854176981319708,-0.19489028494313348,0.18102327576567398,1.2080209095528687,0.0,0.0,-0.6405212800657394,-0.8696095796521081,0.7799599064786301,-0.643242486415643,0.0,0.0
0.1550000000000001,0.00543054160762793,0.06627991103035638,0.010704588753371293,0.13988829651609022,0.0,0.0,0.9844269031035561,-0.2014280784633627,0.18706261967191032,1.2077103620586869,0.0,0.0,-0.6448574447111832,-0.864851832566996,0.7767327915747175,-0.6475986585747797,0.0,0.0
0.16000000000000011,0.00576634132039172,0.06803588266925312,0.011415714893928028,0.144563605894124,0.0,0.0,0.9834034139607906,-0.20796792452776827,0.1931003183345951,1.2073628134597998,0.0,0.0,-0.6491697552811815,-0.8600679581414872,0.7734839667714759,-0.6519264193539269,0.0,0.0
0.16500000000000012,0.006110860738909714,0.06976779664746476,0.012150238712084723,0.1492473393632208,0.0,0.0,0.9823472205292919,-0.21450978825062048,0.19913618676543793,1.2069782701757419,0.0,0.0,-0.6534580812682008,-0.8552580083968468,0.7702135745224764,-0.6562256095389661,0.0,0.0
0.17000000000000012,0.00646397962757034,0.07147567485462619,0.012908201913396885,0.15393933090451667,0.0,0.0,0.9812583128025149,-0.2210536373782591,0.2051700400012339,1.2065567358117562,0.0,0.0,-0.6577222924300844,-0.8504220374763698,0.7669217580853684,-0.6604960667162763,0.0,0.0
0.17500000000000013,0.006825577872210928,0.0731595439902749,0.01368964537252326,0.15863941419147795,0.0,0.0,0.9801366809286576,-0.22759944226267265,0.21120169308965434,1.2060982111037268,0.0,0.0,-0.6619622588008676,-0.8455601017276048,0.7636086615378217,-0.664737625295208,0.0,0.0
0.18000000000000013,0.00719553550430974,0.07481943562110263,0.014494609131884478,0.16334742266897276,0.0,0.0,0.9789823151976975,-0.23414717583574263,0.2172309610747615,1.2056026938627504,0.0,0.0,-0.6661778507020063,-0.8406722597853628,0.7602744297933536,-0.6689501165317264,0.0,0.0
0.18500000000000014,0.007573732725467877,0.07645538623965238,0.015323132400721126,0.1680631896339838,0.0,0.0,0.9777952060285551,-0.2406968135841599,0.2232576589822456,1.2050701789192917,0.0,0.0,-0.670368938754022,-0.8357585726554954,0.756919208617033,-0.6731333685532789,0.0,0.0
0.19000000000000014,0.00796004993218826,0.07806743732445529,0.016175253554559742,0.17278654831807794,0.0,0.0,0.9765753439563811,-0.2472483335250198,0.2292816018043807,1.2045006580668565,0.0,0.0,-0.6745353938885684,-0.8308191037994386,0.7535431446410594,-0.6772872063849384,0.0,0.0
0.19500000000000015,0.008354367740958884,0.07965563540159969,0.01705101013509573,0.17751733197174657,0.0,0.0,0.9753227196199645,-0.2538017161821025,0.2353026044846982,1.2038941200051372,0.0,0.0,-0.6786770873609225,-0.8258539192195,0.7501463853802058,-0.6814114519768878,0.0,0.0
0.20000000000000015,0.008756567013647493,0.08122003210772166,0.01795043885050298,0.18225537395073438,0.0,0.0,0.9740373237492561,-0.26035694456284386,0.24132048190237432,1.2032505502825577,0.0,0.0,-0.6827938907629028,-0.8208630875448807,0.7467290792471224,-0.6855059242332966,0.0,0.0
0.20500000000000015,0.009166528883214705,0.08276068425440501,0.018873575576180246,0.1870005078044728,0.0,0.0,0.9727191471530072,-0.266914004136003,0.24733504885632884,1.2025699312381728,0.0,0.0,-0.6868856760362213,-0.8158466801184049,0.7432913755674907,-0.6895704390426497,0.0,0.0
0.21000000000000016,0.00958413477975266,0.08427765389397467,0.01982045535594531,0.19175256736673724,0.0,0.0,0.9713681807065173,-0.2734728828100315,0.25334612004903145,1.201852241942844,0.0,0.0,-0.6909523154862693,-0.8108047710839462,0.7398334245950231,-0.693604809309585,0.0,0.0
0.21500000000000016,0.010009266456856056,0.08577100838666608,0.020791112403688142,0.1965113868486508,0.0,0.0,0.9699844153394873,-0.2800335709121477,0.2593535100700121,1.2010974581396463,0.0,0.0,-0.6949936817963427,-0.8057374374745215,0.7363553775262994,-0.6976088449883007,0.0,0.0
0.22000000000000017,0.010441806018332457,0.0872408204691504,0.021785580105495264,0.20127680093415226,0.0,0.0,0.9685678420239773,-0.28659606116812253,0.2653570333790717,1.2003055521834316,0.0,0.0,-0.6990096480423093,-0.8006447593010311,0.7328573865154328,-0.7015823531175874,0.0,0.0
0.22500000000000017,0.010881635945258537,0.08868716832439226,0.02280389102225782,0.20604864487805458,0.0,0.0,0.9671184517624632,-0.29316034868278024,0.27135650428918756,1.1994764929794877,0.0,0.0,-0.7030000877077216,-0.7955268196416151,0.7293396046885542,-0.7055251378575461,0.0,0.0
0.23000000000000018,0.011328639123388929,0.09011013565281469,0.023846076892776714,0.21082675460681619,0.0,0.0,0.9656362355759884,-0.29972643092121604,0.2773517369491104,1.1986102459212282,0.0,0.0,-0.7069648746993771,-0.790383704731602,0.7258021861581124,-0.7094370005280485,0.0,0.0
0.23500000000000018,0.011782698870924077,0.09150981174474275,0.02491216863737865,0.21561096682215175,0.0,0.0,0.964121184492407,-0.306294307690738,0.2833425453256473,1.1977067728268438,0.0,0.0,-0.7109038833633309,-0.7852155040540083,0.7222452860369735,-0.7133177396489991,0.0,0.0
0.24000000000000019,0.012243698966643452,0.09288629155409522,0.026002196362057518,0.22040111910760968,0.0,0.0,0.9625732895347178,-0.31286398112353186,0.2893287431856247,1.1967660318748463,0.0,0.0,-0.7148169885013613,-0.7800223104305668,0.7186690604523172,-0.7171671509824598,0.0,0.0
0.2450000000000002,0.012711523678410282,0.09423967577329008,0.02711618936315644,0.22519705003824367,0.0,0.0,0.9609925417094808,-0.3194354556600572,0.2953101440775263,1.195787977538443,0.0,0.0,-0.7187040653878914,-0.7748042201132364,0.7150736665593164,-0.7209850275766904,0.0,0.0
0.25000000000000017,0.01318605779205376,0.09557007090932777,0.028254176132606133,0.22999859929350996,0.0,0.0,0.9593789319953161,-0.32600873803317165,0.3012865613128002,1.1947725605186568,0.0,0.0,-0.7225649897873705,-0.7695613328761592,0.7114592625545927,-0.7247711598121707,0.0,0.0
0.25500000000000017,0.013667186640634536,0.09687758936101266,0.02941618436373609,0.23480560777351908,0.0,0.0,0.9577324513314807,-0.33258383725299184,0.30725780794682794,1.193719727676129,0.0,0.0,-0.7263996379721156,-0.7642937521080237,0.707826007689435,-0.7285253354496528,0.0,0.0
0.2600000000000002,0.014154796134099071,0.09816234949727011,0.03060224095767569,0.23961791771877813,0.0,0.0,0.9560530906065166,-0.33916076459248906,0.31322369675954914,1.192629421961527,0.0,0.0,-0.7302078867406162,-0.7590015849047839,0.7041740622827741,-0.7322473396803102,0.0,0.0
0.2650000000000002,0.014648772789328229,0.09942447573651421,0.031812372030363044,0.24443537283355463,0.0,0.0,0.9543408406469738,-0.34573953357382337,0.3191840402357349,1.1915015823444763,0.0,0.0,-0.7339896134363028,-0.7536849421626933,0.700503587733901,-0.7359369551780356,0.0,0.0
0.2700000000000002,0.015149003760585226,0.10066409862701865,0.03304660292017995,0.2492578184129997,0.0,0.0,0.9525956922061944,-0.3523201599554203,0.3251386505449012,1.1903361437409432,0.0,0.0,-0.7377446959667806,-0.7483439386716003,0.6968147465349176,-0.7395939621539478,0.0,0.0
0.2750000000000002,0.01565537687036785,0.10188135492823847,0.034304958196232194,0.25408510147416713,0.0,0.0,0.9508176359531639,-0.3589026617197883,0.3310873395208562,1.1891330369389856,0.0,0.0,-0.7414730128235326,-0.7429786932084521,0.6931077022829102,-0.7432181384131578,0.0,0.0
0.2800000000000002,0.01616778064066953,0.10307638769302914,0.03558746166729496,0.25891707089106636,0.0,0.0,0.9490066624614184,-0.36548705906208107,0.3370299186408713,1.1878921885227878,0.0,0.0,-0.7451744431020889,-0.7375893286309503,0.6893826196918325,-0.7468092594138589,0.0,0.0
0.2850000000000002,0.016686104324653662,0.10424934635070603,0.03689413639144385,0.26375357753389095,0.0,0.0,0.947162762198009,-0.37207337437940696,0.34296619900446795,1.1866135207948891,0.0,0.0,-0.7488488665226636,-0.7321759719713011,0.6856396646040868,-0.750367098328785,0.0,0.0
0.2900000000000002,0.017210237938745154,0.10540038679088343,0.03822500468639281,0.26859447441256196,0.0,0.0,0.9452859255125174,-0.3786616322608853,0.3488959913118117,1.1852969516965326,0.0,0.0,-0.7524961634512636,-0.7267387545300001,0.681879004001794,-0.7538914261091005,0.0,0.0
0.2950000000000002,0.01774007229514308,0.1065296714480301,0.039580088140560854,0.273439616824733,0.0,0.0,0.9433761426261192,-0.385251859478452,0.3548191058417018,1.183942394726028,0.0,0.0,-0.7561162149212632,-0.7212778119695799,0.6781008060177358,-0.7573820115507671,0.0,0.0
0.3000000000000002,0.018275499034757635,0.10763736938667466,0.04095940762489026,0.2782888625083984,0.0,0.0,0.9414334036206902,-0.3918440849784151,0.3607353524291486,1.1825497588550404,0.0,0.0,-0.759708902655449,-0.7157932844082615,0.6743052399459594,-0.7608386213634449,0.0,0.0
0.3050000000000002,0.01881641066057471,0.10872365638719077,0.04236298330543963,0.2831420717992516,0.0,0.0,0.9394576984279553,-0.3984383398737626,0.3666445404425265,1.1811189484427154,0.0,0.0,-0.7632741090885313,-0.7102853165134302,0.6704924762520322,-0.7642610202419734,0.0,0.0
0.3100000000000002,0.01936270057145063,0.1097887150320901,0.04379083465677588,0.287999107792945,0.0,0.0,0.9374490168186728,-0.40503465743722256,0.3725464787602917,1.179649863147533,0.0,0.0,-0.7668117173901245,-0.7047540575948693,0.6666626865829307,-0.7676489709404841,0.0,0.0
0.3150000000000002,0.0199142630963395,0.11083273479274572,0.04524298047619018,0.29285983651239594,0.0,0.0,0.9354073483918498,-0.4116330730950769,0.3784409757472541,1.1781423978367893,0.0,0.0,-0.7703216114881904,-0.6991996616976709,0.662816043776554,-0.7710022343491915,0.0,0.0
0.32000000000000023,0.02047099352895507,0.11185591211646781,0.046719438898763246,0.29772412708029383,0.0,0.0,0.9333326825639906,-0.41823362442172923,0.3843278392303895,1.176596442493609,0.0,0.0,-0.7738036760929465,-0.6936222876947408,0.6589527218708453,-0.7743205695739089,0.0,0.0
0.32500000000000023,0.021032788162868653,0.11285845051384787,0.048220227413306616,0.3025918518969616,0.0,0.0,0.9312250085583665,-0.4248363511350282,0.3902068764741813,1.1750118821213658,0.0,0.0,-0.777257796721236,-0.6880220993788219,0.6550728961125101,-0.7776037340183333,0.0,0.0
0.33000000000000024,0.021599544327044345,0.11384056064628678,0.04974536287920679,0.30746288682372397,0.0,0.0,0.9290843153943094,-0.43144129509234747,0.3960778941554768,1.1733885966454085,0.0,0.0,-0.7806838597213545,-0.6823992655539414,0.6511767429653144,-0.7808514834691389,0.0,0.0
0.33500000000000024,0.02217116042181205,0.11480246041361676,0.05129486154420043,0.31233711137194187,0.0,0.0,0.9269105918765221,-0.4380485002874207,0.4019406983378461,1.1717264608119746,0.0,0.0,-0.7840817522983352,-0.6767539601261982,0.6472644401179514,-0.7840635721839225,0.0,0.0
0.34000000000000025,0.02274753595527877,0.11574437504172519,0.052868739063109176,0.3172144088978692,0.0,0.0,0.9247038265844035,-0.4446580128479343,0.40779509444542766,1.1700253440841637,0.0,0.0,-0.7874513625396834,-0.6710863621937931,0.6433361664914611,-0.7872397529820386,0.0,0.0
0.34500000000000025,0.023328571580177718,0.11666653717008466,0.05446701051756359,0.322094666803496,0.0,0.0,0.922464007861382,-0.45126988103387744,0.4136408872362455,1.1682851105348555,0.0,0.0,-0.7907925794415611,-0.6653966561362098,0.6393921022461887,-0.7903797773383565,0.0,0.0
0.35000000000000026,0.02391416913115473,0.11756918693909044,0.05608969043674673,0.3269777767435361,0.0,0.0,0.9201911238042582,-0.45788415523664866,0.41947788077498466,1.1665056187364349,0.0,0.0,-0.7941052929354143,-0.6596850317024443,0.6354324287882663,-0.7934833954799765,0.0,0.0
0.35500000000000026,0.024504231662490605,0.1184525720771036,0.05773679281918826,0.3318636348387287,0.0,0.0,0.9178851622525466,-0.4645008879789211,0.425305878405206,1.1646867216471963,0.0,0.0,-0.7973893939150387,-0.6539516840981852,0.6314573287756032,-0.7965503564859308,0.0,0.0
0.36000000000000026,0.025098663486257743,0.11931694798709355,0.05940833115564124,0.336752141895617,0.0,0.0,0.9155461107778199,-0.4711201339152642,0.4311246827209844,1.1628282664942815,0.0,0.0,-0.8006447742640792,-0.6481968140718322,0.6274669861233717,-0.7995804083899049,0.0,0.0
0.36500000000000027,0.025697370210908777,0.12016257783277311,0.06110431845307436,0.34164320363297507,0.0,0.0,0.9131739566730451,-0.47774194983352214,0.4369340955379531,1.1609300946530086,0.0,0.0,-0.8038713268839557,-0.6424206279992536,0.6234615860089698,-0.8025732982859911,0.0,0.0
0.3700000000000003,0.026300258780294336,0.12098973262411282,0.06282476725981324,0.3465367309150535,0.0,0.0,0.9107686869419128,-0.48436639465695086,0.4427339178637346,1.158992041522447,0.0,0.0,-0.8070689457222089,-0.6366233379671647,0.6194413148764493,-0.8055287724375083,0.0,0.0
0.3750000000000003,0.026907237513106655,0.12179869130212108,0.06456968969186548,0.35143263999181906,0.0,0.0,0.9083302882881525,-0.4909935294471088,0.448523949867741,1.157013936397072,0.0,0.0,-0.8102375258012607,-0.6308051618550151,0.6154063604403905,-0.8084465763888988,0.0,0.0
0.3800000000000003,0.02751821614274493,0.1225897408227716,0.06633909746046462,0.356330852746363,0.0,0.0,0.9058587471048329,-0.49762341740750443,0.4543039908503214,1.1549956023343475,0.0,0.0,-0.8133769632475796,-0.62496632341527,0.611356911689211,-0.8113264550807184,0.0,0.0
0.3850000000000003,0.028133105857598012,0.12336317623995768,0.06813300190086952,0.36123129694966033,0.0,0.0,0.9033540494636416,-0.5042561238879979,0.46007383921123696,1.1529368560180606,0.0,0.0,-0.8164871553212414,-0.6191070523519624,0.6072931588878907,-0.8141681529677289,0.0,0.0
0.3900000000000003,0.028751819341739118,0.1241193007873494,0.06995141400245616,0.3661339065228597,0.0,0.0,0.9008161811041403,-0.5108917163899552,0.46583329241744165,1.1508375076172361,0.0,0.0,-0.8195680004458812,-0.6132275843973969,0.6032152935800994,-0.8169714141401035,0.0,0.0
0.3950000000000003,0.02937427081602683,0.12485842595902692,0.07179434444014042,0.37103862180729147,0.0,0.0,0.898245127422993,-0.5175302645721533,0.4715821469701466,1.1486973606404463,0.0,0.0,-0.8226193982390215,-0.6073281613868763,0.5991235085897102,-0.8197359824477461,0.0,0.0
0.4000000000000003,0.030000376079606,0.1255808715887607,0.07366180360717016,0.37594538984238174,0.0,0.0,0.8956408734631625,-0.5241718402574362,0.4773201983711434,1.1465162117853283,0.0,0.0,-0.82564124954277,-0.6014090313313272,0.5950179980216838,-0.8224616016277191,0.0,0.0
0.4050000000000003,0.030630052551801287,0.12628696592780575,0.07555380164932737,0.380854164651664,0.0,0.0,0.8930034039030721,-0.5308165174401148,0.48304724108836283,1.1442938507831073,0.0,0.0,-0.8286334564548749,-0.595470448487693,0.5908989572623071,-0.82514801543478,0.0,0.0
0.4100000000000003,0.031263219314395775,0.12697704572107565,0.07747034850058093,0.38576490753708803,0.0,0.0,0.8903327030457284,-0.5374643722941166,0.48876306852064366,1.1420300602379196,0.0,0.0,-0.8315959223601254,-0.5895126734269613,0.5867665829787726,-0.8277949677750168,0.0,0.0
0.4150000000000003,0.031899797154286064,0.12765145628155786,0.0794114539202319,0.3906775873818228,0.0,0.0,0.8876287548078005,-0.5441154831818694,0.49446747296168403,1.1397246154607261,0.0,0.0,-0.8345285519620876,-0.5835359730996905,0.5826210731180811,-0.830402202842559,0.0,0.0
0.4200000000000003,0.03253970860650478,0.12831055156283078,0.08137712753159479,0.39559218096175963,0.0,0.0,0.8848915427086549,-0.5507699306639302,0.5001602455631491,1.137377284297581,0.0,0.0,-0.8374312513151606,-0.5775406208989025,0.578462626905253,-0.8329694652593507,0.0,0.0
0.4250000000000003,0.03318287799760058,0.12895469422953967,0.08336737886225824,0.400508673265925,0.0,0.0,0.8821210498593383,-0.5574277975093418,0.5058411762969045,1.1349878269520266,0.0,0.0,-0.8403039278569397,-0.5715268967201997,0.574291444840834,-0.8354965002179627,0.0,0.0
0.4300000000000003,0.03382923148936522,0.12958425572568724,0.08538221738597078,0.40542705782601846,0.0,0.0,0.8793172589515078,-0.5640891687067204,0.5115100539163475,1.132555995801375,0.0,0.0,-0.8431464904408739,-0.5654950870189682,0.5701077286976786,-0.8379830536274043,0.0,0.0
0.43500000000000033,0.03447869712289625,0.1301996163405905,0.08742165256619719,0.4103473370552922,0.0,0.0,0.8764801522463048,-0.5707541314760675,0.517166665916803,1.1300815352066058,0.0,0.0,-0.8459588493692021,-0.5594454848645248,0.5659116815169963,-0.8404288722619088,0.0,0.0
0.44000000000000034,0.03513120486298334,0.13080116527235616,0.08948569390139346,0.415269522597004,0.0,0.0,0.8736097115631661,-0.5774227752812952,0.5228107984949537,1.1275641813156276,0.0,0.0,-0.8487409164261505,-0.5533783899910626,0.5617035076036493,-0.8428337039126426,0.0,0.0
0.44500000000000034,0.03578668664280548,0.13138930068872226,0.09157435097204807,0.4201936356826702,0.0,0.0,0.870705918268572,-0.5840951918434661,0.528442236507268,1.125003661859618,0.0,0.0,-0.8514926049113783,-0.5472941088452571,0.5574834125206805,-0.8451972975422997,0.0,0.0
0.45000000000000034,0.03644507640892554,0.13196442978511363,0.09368763348953975,0.4251197075003603,0.0,0.0,0.8677687532647257,-0.5907714751547334,0.5340607634273921,1.122399695942145,0.0,0.0,-0.854213829673652,-0.5411929546303816,0.5532516030830648,-0.8475194034425167,0.0,0.0
0.45500000000000035,0.037106310166567714,0.13252696883975681,0.09582555134686238,0.43004777957328116,0.0,0.0,0.8647981969781612,-0.5974517214929705,0.5396661613024694,1.1197519938207694,0.0,0.0,-0.8569045071447297,-0.5350752473467878,0.5490082873506648,-0.8497997733940621,0.0,0.0
0.46000000000000035,0.037770326025162955,0.1330773432656968,0.09798811467126883,0.4349779041489013,0.0,0.0,0.8617942293482781,-0.6041360294370905,0.5452582107083487,1.11706025668081,0.0,0.0,-0.8595645553734418,-0.5289413138286077,0.5447536746203789,-0.8520381608297228,0.0,0.0
0.46500000000000036,0.03843706424414638,0.13361598765955945,0.10017533387888754,0.439910144598884,0.0,0.0,0.8587568298157952,-0.6108244998830332,0.55083669070364,1.1143241764009302,0.0,0.0,-0.8621938940599423,-0.5227914877765274,0.5404879754174688,-0.8542343209998255,0.0,0.0
0.47000000000000036,0.03910646727899003,0.1341433458468988,0.10238721973136612,0.4448445758300962,0.0,0.0,0.8556859773111247,-0.6175172360604126,0.5564013787825778,1.1115434353101996,0.0,0.0,-0.8647924445901155,-0.5166261097864872,0.5362114014860524,-0.8563880111403059,0.0,0.0
0.47500000000000037,0.03977847982745351,0.13465987092397103,0.10462378339459857,0.44978128470698053,0.0,0.0,0.8525816502426612,-0.6242143435498104,0.5619520508266475,1.1087177059362583,0.0,0.0,-0.8673601300701153,-0.510445527374161,0.5319241657787503,-0.8584989906432495,0.0,0.0
0.48000000000000037,0.040453048876034174,0.13516602529577124,0.10688503649959309,0.4547203704855831,0.0,0.0,0.8494438264849812,-0.6309159303006989,0.5674884810549287,1.1058466507442108,0.0,0.0,-0.8698968753610161,-0.504250094995073,0.5276264824454745,-0.8605670212298048,0.0,0.0
0.4850000000000004,0.04113012374659793,0.13566228071017297,0.10917099120553998,0.4596619452595411,0.0,0.0,0.8462724833669538,-0.6376221066499755,0.5730104419731111,1.1029299218658233,0.0,0.0,-0.8724026071135526,-0.49804017406019835,0.5233185668213451,-0.8625918671253754,0.0,0.0
0.4900000000000004,0.0418096561431705,0.13614911828800574,0.11148166026513993,0.4646061344183511,0.0,0.0,0.8430675976597555,-0.6443329853410923,0.5785177043211289,1.099967160818621,0.0,0.0,-0.8748772538029268,-0.49181613294691395,0.5190006354137271,-0.864573295236984,0.0,0.0
0.4950000000000004,0.04249160019886876,0.13662702854890743,0.11381705709225516,0.4695530771182499,0.0,0.0,0.8398291455647882,-0.6510486815437565,0.5840100370193662,1.096957998214434,0.0,0.0,-0.8773207457636577,-0.48557834700515135,0.5146729058883747,-0.8665110753326957,0.0,0.0
0.5000000000000003,0.04317591252295024,0.13709651143278795,0.11617719583194708,0.4745029267660561,0.0,0.0,0.8365571027014976,-0.6577693128741775,0.5894872071133761,1.0939020534569137,0.0,0.0,-0.8797330152244485,-0.47932719855861045,0.5103355970546726,-0.8684049802229815,0.0,0.0
0.5049999999999998,0.04386255224795881,0.13755807631673733,0.1185620914329663,0.47945585151633535,0.0,0.0,0.8332514440950896,-0.6644949994158397,0.5949489797170611,1.090798934427551,0.0,0.0,-0.882113996343049,-0.4730630769008977,0.5059889288499684,-0.8702547859438974,0.0,0.0
0.5099999999999992,0.04455148107694303,0.1380122420272153,0.12097175972276288,0.4844120347822742,0.0,0.0,0.8299121441641397,-0.6712258637407621,0.6003951179542517,1.0876482371596579,0.0,0.0,-0.8844636252410836,-0.4667863782864532,0.5016331223229812,-0.8720602719419429,0.0,0.0
0.5149999999999987,0.045242663330723416,0.13845953684735532,0.12340621748508548,0.4893716757606584,0.0,0.0,0.8265391767080977,-0.6779620309312249,0.6058253828986245,1.0844495454997898,0.0,0.0,-0.8867818400388221,-0.4604975059161304,0.4972683996162855,-0.8738212212604587,0.0,0.0
0.5199999999999981,0.04593606599518362,0.1389004985192177,0.12586548254024216,0.4943349899713824,0.0,0.0,0.8231325148946803,-0.6847036286019168,0.6112395335118954,1.081202430756026,0.0,0.0,-0.8890685808898651,-0.45419686991730096,0.49289498394785786,-0.8755374207274186,0.0,0.0
0.5249999999999976,0.046631658768559854,0.13933567424082677,0.12834957382809542,0.4993022098119313,0.0,0.0,0.8196921312471531,-0.6914507869224711,0.6166373265802192,1.0779064513325165,0.0,0.0,-0.8913237900157142,-0.44788488731835574,0.4885130995916807,-0.8772086611444577,0.0,0.0
0.529999999999997,0.04732941410870224,0.13976562065782455,0.13085851149386848,0.504273585127303,0.0,0.0,0.8162179976314984,-0.6982036386403435,0.6220185166487263,1.074561152349662,0.0,0.0,-0.8935474117402017,-0.44156198201748115,0.4841229718574005,-0.8788347374769748,0.0,0.0
0.5349999999999965,0.048029307280280514,0.1401909038495762,0.13339231697684048,0.5092493837958662,0.0,0.0,0.8127100852434687,-0.7049623191039862,0.6273828559541238,1.071166065249266,0.0,0.0,-0.8957393925237505,-0.43522858474558973,0.479724827069031,-0.8804154490451426,0.0,0.0
0.5399999999999959,0.048731316401906095,0.14061209930956026,0.1359510131020121,0.514229892331677,0.0,0.0,0.8091683645955233,-0.7117269662862683,0.6327300943552828,1.0677207073839605,0.0,0.0,-0.8978996809974308,-0.4288851330232917,0.47531889254270004,-0.8819505997156472,0.0,0.0
0.5449999999999954,0.049435422493141465,0.14102979191987686,0.13853462417482487,0.519215416503802,0.0,0.0,0.8055928055036479,-0.7184977208080763,0.6380599792617326,1.0642245815901636,0.0,0.0,-0.9000282279967906,-0.4225320711117999,0.4709053965634373,-0.8834399980939751,0.0,0.0
0.5499999999999948,0.05014160952136701,0.14144457591970772,0.1411431760790211,0.5242062819732405,0.0,0.0,0.8019833770740531,-0.7252747259620466,0.6433722555599756,1.060677175743807,0.0,0.0,-0.9021249865954214,-0.4161698499576607,0.4664845683609981,-0.8848834577170566,0.0,0.0
0.5549999999999943,0.05084986444847473,0.14185705486755995,0.14377669637773327,0.5292028349480589,0.0,0.0,0.7983400476897586,-0.7320581277363446,0.6486666655375368,1.0570779622980002,0.0,0.0,-0.9041899121382346,-0.4097989271312145,0.46205663808472464,-0.8862807972460695,0.0,0.0
0.5599999999999937,0.05156017727735729,0.14226784159712574,0.14643521441789634,0.5342054428574039,0.0,0.0,0.794662784997055,-0.7388480748384295,0.6539429488046561,1.0534263978017873,0.0,0.0,-0.9062229622744136,-0.40341976675869545,0.4576218367774423,-0.887631840659202,0.0,0.0
0.5649999999999932,0.052272541098159944,0.14267755816658972,0.1491187614380786,0.5392144950450842,0.0,0.0,0.7909515558918477,-0.7456447187187075,0.6592008422135224,1.0497219223990668,0.0,0.0,-0.908224096990009,-0.3970328394478809,0.4531803963483937,-0.8889364174441622,0.0,0.0
0.5699999999999926,0.05298695213426249,0.14308683580121279,0.15182737067983104,0.5442304034834755,0.0,0.0,0.7872063265058848,-0.7524482135939962,0.6644400797749535,1.0459639593067327,0.0,0.0,-0.9101932786401489,-0.3906386222072158,0.44873254954521036,-0.8901943627902196,0.0,0.0
0.5749999999999921,0.05370340978795668,0.1434963148290216,0.15456107750265843,0.549253603508532,0.0,0.0,0.7834270621928656,-0.7592587164706851,0.66966039257241,1.0421519142710145,0.0,0.0,-0.9121304719808238,-0.38423759835833576,0.4442785299249264,-0.8914055177795576,0.0,0.0
0.5799999999999915,0.0544219166857848,0.14390664460942945,0.1573199195027203,0.5542845545767524,0.0,0.0,0.7796137275144361,-0.7660763871674982,0.674861508673237,1.0382851750009456,0.0,0.0,-0.9140356442002225,-0.3778302574419304,0.4398185718240374,-0.8925697295777094,0.0,0.0
0.584999999999991,0.055142478723503065,0.14431848345461365,0.160103936635373,0.5593237410449942,0.0,0.0,0.775766286226072,-0.7729013883377268,0.6800431530370119,1.0343631105778355,0.0,0.0,-0.9159087649495767,-0.37141709511688586,0.43535291032760964,-0.8936868516228419,0.0,0.0
0.5899999999999904,0.05586510511063353,0.14473249854346823,0.16291317134167047,0.5643716729740972,0.0,0.0,0.771884701262851,-0.7797338854908031,0.6852050474208768,1.0303850708395441,0.0,0.0,-0.917749806373486,-0.36499861305266385,0.43088178123744697,-0.8947567438136534,0.0,0.0
0.5949999999999899,0.056589808414566845,0.14514936582795074,0.16574766867894447,0.5694288869573363,0.0,0.0,0.7679689347251198,-0.7865740470130774,0.690346910281728,1.0263503857382885,0.0,0.0,-0.919558743139688,-0.35857531881487165,0.42640542103932155,-0.8957792726956374,0.0,0.0
0.5999999999999893,0.057316604604177264,0.14556976993163415,0.16860747645559132,0.5744959469747929,0.0,0.0,0.7640189478640602,-0.7934220441876316,0.6954684566751246,1.0222583646706598,0.0,0.0,-0.9213355524682387,-0.35214772574400116,0.4219240668692779,-0.8967543116454659,0.0,0.0
0.6049999999999888,0.05804551309291059,0.14599440404027153,0.17149264537019784,0.5795734452748128,0.0,0.0,0.7600347010671571,-0.8002780512129607,0.7005693981507752,1.0181082957784182,0.0,0.0,-0.9230802141600687,-0.3457163528273093,0.4174379564790207,-0.8976817410532436,0.0,0.0
0.6099999999999882,0.05877655678130457,0.14642396978417294,0.17440322915514495,0.5846620032837879,0.0,0.0,0.7560161538435782,-0.8071422452203374,0.7056494426444518,1.0138994452185695,0.0,0.0,-0.9247927106248839,-0.339281724563834,0.4129473282003968,-0.8985614485023703,0.0,0.0
0.6149999999999877,0.05950976209890018,0.1468591771121871,0.1773392847248334,0.5897622725456,0.0,0.0,0.7519632648094703,-0.8140148062896438,0.7107082943661758,1.0096310564011413,0.0,0.0,-0.9264730269083714,-0.3328443708225419,0.4084524209089843,-0.8993933289467545,0.0,0.0
0.6199999999999871,0.06024515904550151,0.14730074415707078,0.18030087232868416,0.594874935692142,0.0,0.0,0.7478759916731789,-0.8208959174634508,0.7157456536845059,1.0053023491929627,0.0,0.0,-0.9281211507186812,-0.3264048266936187,0.4039534739868034,-0.9001772848851182,0.0,0.0
0.6249999999999866,0.06098278123174042,0.1477493970920182,0.183288055709072,0.6000007074464403,0.0,0.0,0.7437542912204047,-0.8277857647590962,0.7207612170067588,1.000912519085666,0.0,0.0,-0.929737072452146,-0.3199636323329208,0.39945072728416275,-0.9009132265321201,0.0,0.0
0.629999999999986,0.06172266591890123,0.1482058699781099,0.18630090226435966,0.6051403356600047,0.0,0.0,0.739598119299304,-0.8346845371784879,0.7257546766549748,0.996460736326018,0.0,0.0,-0.9313207852182062,-0.3135213327996208,0.394944421080659,-0.9016010719860362,0.0,0.0
0.6349999999999855,0.06246485405795949,0.14867090460242657,0.1893394832172079,0.6102946023861504,0.0,0.0,0.7354074308055464,-0.8415924267153386,0.7307257207374379,0.9919461450065588,0.0,0.0,-0.9328722848635069,-0.3070784778870866,0.39043479604534764,-0.902240747392723,0.0,0.0
0.6399999999999849,0.06320939032778738,0.14914525030655593,0.1924038737883459,0.6154643249911548,0.0,0.0,0.7311821796673441,-0.8485096283595052,0.7356740330155448,0.9873678621144214,0.0,0.0,-0.9343915699951325,-0.3006356219470495,0.3859220931961028,-0.9028321871055898,0.0,0.0
0.6449999999999844,0.06395632317247713,0.14962966380520268,0.1954941533759962,0.6206503573052508,0.0,0.0,0.7269223188304661,-0.8554363400980785,0.7405992927658086,0.9827249765360533,0.0,0.0,-0.9358786420029443,-0.2941933237071228,0.3814065538581888,-0.9033753338413173,0.0,0.0
0.6499999999999838,0.06470570483773176,0.15012490899458705,0.19861040574115857,0.6258535908155924,0.0,0.0,0.7226278002432578,-0.8623727629128362,0.7455011746367713,0.9780165480154308,0.0,0.0,-0.9373335050809906,-0.2877521460817493,0.37688841962206354,-0.9038701388310362,0.0,0.0
0.6549999999999833,0.06545759140627218,0.15063175675029666,0.20175271919896837,0.6310749559034937,0.0,0.0,0.7182985748416815,-0.8693191007736302,0.7503793485005864,0.9732416060631965,0.0,0.0,-0.9387561662479545,-0.2813126559766645,0.3723679323004387,-0.9043165619667027,0.0,0.0
0.6599999999999827,0.06621204283220582,0.15115098471422306,0.2049211868163569,0.636315423128395,0.0,0.0,0.7139345925344022,-0.8762755606272459,0.7552334792990173,0.9683991488139895,0.0,0.0,-0.9401466353666088,-0.2748754240869751,0.3678453338846193,-0.9047145719423967,0.0,0.0
0.6649999999999822,0.06696912297430221,0.15168337707018673,0.2081159066162538,0.6415760045611976,0.0,0.0,0.7095358021879409,-0.8832423523812211,0.7600632268835879,0.9634881418290576,0.0,0.0,-0.941504925162244,-0.2684410246889637,0.36332086650015183,-0.9050641463902672,0.0,0.0
0.6699999999999816,0.06772889962811751,0.15222972430781317,0.21133698178858537,0.646857755169792,0.0,0.0,0.7051021516119232,-0.8902196888820667,0.764868245849603,0.958507516841058,0.0,0.0,-0.9428310512400417,-0.26201003542574436,0.35879477236180496,-0.9053652720108618,0.0,0.0
0.6749999999999811,0.06849144455690774,0.15279082297418614,0.21458452090833718,0.6521617742598177,0.0,0.0,0.7006335875444516,-0.8972077858872806,0.7696481853637419,0.9534561704377386,0.0,0.0,-0.9441250321013606,-0.25558303708690333,0.3542672937279143,-0.9056179446975681,0.0,0.0
0.6799999999999805,0.06925683352126907,0.15336747541275342,0.21785863816096557,0.6574892069739078,0.0,0.0,0.6961300556376342,-0.9042068620304798,0.7744026889849086,0.9483329626809857,0.0,0.0,-0.9453868891589041,-0.2491606133822714,0.34973867285411925,-0.9058221696549049,0.0,0.0
0.68499999999998,0.07002514630743926,0.15396048948891103,0.22115945357545816,0.6628412458529185,0.0,0.0,0.6915915004433068,-0.9112171387789192,0.7791313944780095,0.9431367156574754,0.0,0.0,-0.9466166467507469,-0.24274335070998956,0.34520915194652574,-0.9059779615104053,0.0,0.0
0.6899999999999794,0.07079646675419271,0.15457067830163218,0.22448709326536403,0.6682191324628872,0.0,0.0,0.687017865398989,-0.9182388403825942,0.7838339336203051,0.9378662119569264,0.0,0.0,-0.9478143321531824,-0.23633183791903623,0.3406789731143244,-0.9060853444198255,0.0,0.0
0.6949999999999789,0.07157088277825699,0.15519885988044085,0.2278416896781306,0.6736241590917633,0.0,0.0,0.6824090928141162,-0.9252721938140391,0.7885099319999618,0.9325201930736657,0.0,0.0,-0.9489799755923738,-0.22992666606640005,0.3361483783219011,-0.9061443521654406,0.0,0.0
0.6999999999999783,0.07234848639817626,0.1558458568669559,0.23122338185310806,0.6790576705202265,0.0,0.0,0.6777651238565987,-0.9323174286978627,0.793159008806412,0.9270973577269297,0.0,0.0,-0.9501136102547755,-0.22352842816909166,0.3316176093404734,-0.9061550282471678,0.0,0.0
0.7049999999999778,0.07312937375654201,0.1565124961801514,0.23463231568860216,0.6845210658712562,0.0,0.0,0.6730858985397606,-0.9393747772289494,0.7977807766121011,0.9215963600950137,0.0,0.0,-0.9512152722963034,-0.21713771895120046,0.32708690769929005,-0.9061174259662816,0.0,0.0
0.7099999999999772,0.07391364514050747,0.157199608664382,0.2380686442183825,0.6900158005434514,0.0,0.0,0.6683713557097192,-0.9464444740781682,0.8023748411451805,0.916015807958024,0.0,0.0,-0.9522850008502276,-0.21075513458621223,0.3225565146364303,-0.9060316085014877,0.0,0.0
0.7149999999999767,0.07470140500049682,0.15790802871912313,0.24153252789807758,0.6955433882334716,0.0,0.0,0.663621433033268,-0.9535267562843064,0.8069408010526724,0.9103542607436347,0.0,0.0,-0.9533228380337657,-0.20438127243481494,0.3180266710492432,-0.9058976489771189,0.0,0.0
0.7199999999999761,0.07549276196701511,0.15863859390925777,0.24502413490191685,0.7011054030533952,0.0,0.0,0.6588360669863395,-0.9606218631308248,0.8114782476536108,0.9046102274698363,0.0,0.0,-0.9543288289533555,-0.198016730778431,0.3134976174444655,-0.9057156305232439,0.0,0.0
0.7249999999999756,0.07628782886545815,0.15939214455461384,0.24854364143030974,0.7067034817492099,0.0,0.0,0.6540151928431236,-0.9677300360058894,0.8159867646816236,0.8987821645782422,0.0,0.0,-0.9553030217085826,-0.191662108548723,0.30896959388806,-0.9054856463274648,0.0,0.0
0.729999999999975,0.07708672272881546,0.160169523297313,0.2520912320287835,0.7123393260271398,0.0,0.0,0.6491587446659324,-0.9748515182439802,0.8204659280163937,0.8928684736510515,0.0,0.0,-0.9562454673947488,-0.18531800505333124,0.304442839954816,-0.9052077996782039,0.0,0.0
0.7349999999999745,0.07788956480815108,0.16097157464532896,0.2556670999188376,0.7180147049950248,0.0,0.0,0.6442666552959054,-0.9819865549472176,0.8249153054034003,0.8868674990042483,0.0,0.0,-0.9571562201040578,-0.17898501969810948,0.2999175946777553,-0.9048822039992857,0.0,0.0
0.7399999999999739,0.07869648058073907,0.1617991444904791,0.2592714473413084,0.723731457726521,0.0,0.0,0.6393388563446655,-0.9891353927843421,0.8293344561612985,0.880777525149089,0.0,0.0,-0.958035336925406,-0.1726637517061352,0.29539409649738635,-0.9045089828756223,0.0,0.0
0.7449999999999734,0.07950759975572097,0.16265307959887026,0.26290448591287874,0.7294914959565039,0.0,0.0,0.6343752781870369,-0.9962982797650903,0.8337229308762601,0.8745967741133148,0.0,0.0,-0.9588828779427595,-0.16635479983377782,0.29087258321085435,-0.9040882700698311,0.0,0.0
0.7499999999999728,0.08032305627714216,0.16353422707159843,0.2665664369964118,0.7352968069167028,0.0,0.0,0.6293758499549618,-1.0034754649874793,0.8380802710825519,0.8683234026128985,0.0,0.0,-0.9596989062321056,-0.16005876208411726,0.2863532919210295,-0.903620209529614,0.0,0.0
0.7549999999999722,0.0811429883242124,0.16444343377325754,0.2702575320858334,0.7411494563213107,0.0,0.0,0.6243404995327504,-1.010667198355244,0.8424060089285765,0.8619554990644201,0.0,0.0,-0.9604834878569644,-0.153776235418012,0.2818364589855833,-0.9031049553857441,0.0,0.0
0.7599999999999717,0.08196753830862265,0.1653815457255322,0.2739780132063392,0.7470515915130862,0.0,0.0,0.6192691535538275,-1.0178737302624086,0.8466996668275565,0.8554910804274184,0.0,0.0,-0.9612366918624518,-0.14750781546312186,0.2773223199660973,-0.9025426719405182,0.0,0.0
0.7649999999999711,0.08279685286873646,0.16634940746284563,0.2777281333307567,0.7530054447813007,0.0,0.0,0.6141617373991433,-1.0250953112416459,0.8509607570919813,0.8489280888652209,0.0,0.0,-0.9619585902678812,-0.1412540962211978,0.27281110957725474,-0.9019335336465347,0.0,0.0
0.7699999999999706,0.08363108286045787,0.16734786134668816,0.28150815681295177,0.7590133368637999,0.0,0.0,0.6090181751974415,-1.0323321915727308,0.8551887815508784,0.8422643882118706,0.0,0.0,-0.9626492580579009,-0.13501566977395513,0.2683030616361625,-0.9012777250756836,0.0,0.0
0.77499999999997,0.08447038334455985,0.16837774683487292,0.2853183598392334,0.765077680646442,0.0,0.0,0.6038383898275933,-1.039584620847019,0.8593832311489067,0.8354977602317751,0.0,0.0,-0.9633087731721546,-0.12879312598785178,0.26379840901185264,-0.9005754408782309,0.0,0.0
0.7799999999999695,0.08531491357023785,0.1694398997015335,0.28915903089877876,0.771200985074254,0.0,0.0,0.5986223029232269,-1.046852847483435,0.8635435855262008,0.8286259006576357,0.0,0.0,-0.9639372164934662,-0.12258705221809664,0.25929738357501325,-0.8998268857319037,0.0,0.0
0.784999999999969,0.08616483695463051,0.17053515120320556,0.2930304712741745,0.7773858592898335,0.0,0.0,0.5933698348799106,-1.0541371181909869,0.8676693125778188,0.8216464149910447,0.0,0.0,-0.9645346718345426,-0.11639803301221666,0.25480021614799964,-0.8990322742808929,0.0,0.0
0.7899999999999684,0.08702032105802546,0.1716643271858,0.2969329955532536,0.7836350170158088,0.0,0.0,0.5880809048651666,-1.0614376773722853,0.8717598679915636,0.8145568140488697,0.0,0.0,-0.9651012259231937,-0.11022664981351239,0.2503071364551755,-0.8981918310646935,0.0,0.0
0.7949999999999678,0.08788153755444028,0.1728282471266806,0.3008669321634919,0.789951281199574,0.0,0.0,0.5827554308316286,-1.0687547664619448,0.8758146947628653,0.807354509237139,0.0,0.0,-0.9656369683860704,-0.10407348066473379,0.24581837307363555,-0.897305790436728,0.0,0.0
0.7999999999999673,0.08874866219723827,0.1740277231053925,0.30483262393032423,0.7963375889400623,0.0,0.0,0.5773933295336824,-1.0760886231930826,0.879833222685308,0.8000368075326253,0.0,0.0,-0.9661419917309221,-0.09793909991230816,0.24133415338436037,-0.896374396472702,0.0,0.0
0.8049999999999667,0.08962187477940509,0.17526355869584317,0.3088304286608444,0.802796996717994,0.0,0.0,0.571994516547971,-1.0834394807843892,0.8838148678152923,0.7926009061506469,0.0,0.0,-0.9666163913273773,-0.09182407791145222,0.23685470352385582,-0.8953979028686555,0.0,0.0
0.8099999999999662,0.09050135908807286,0.17653654777190214,0.3128607197544622,0.8093326859528908,0.0,0.0,0.5665589062981792,-1.090807567039403,0.8877590319092028,0.7850438868757833,0.0,0.0,-0.967060265386253,-0.08572898073249768,0.2323802483363274,-0.8943765728286885,0.0,0.0
0.8149999999999656,0.09138730285283803,0.17784747321745012,0.3169238868422149,0.8159479689121557,0.0,0.0,0.5610864120845602,-1.0981931033486902,0.8916651018313352,0.7773627100301772,0.0,0.0,-0.9674737149373992,-0.07965436986875822,0.2279110113264422,-0.8933106789423476,0.0,0.0
0.8199999999999651,0.0922798976873696,0.17919710553085694,0.3210203364565608,0.8226462949997496,0.0,0.0,0.5555769461187167,-1.1055963035845933,0.8955324489307018,0.7695542080519111,0.0,0.0,-0.9678568438060868,-0.07360080194626217,0.22344721461272968,-0.8922005030516759,0.0,0.0
0.8249999999999645,0.09317933902375314,0.18058620131268951,0.32515049273362706,0.8294312574544257,0.0,0.0,0.5500304195641973,-1.1130173728770174,0.8993604283846923,0.7616150786534974,0.0,0.0,-0.9682097585879509,-0.06756882843567037,0.2189890788816729,-0.8910463361079383,0.0,0.0
0.829999999999964,0.09408582603895548,0.18201550162412355,0.3293147981500393,0.8363066004901603,0.0,0.0,0.5444467425835421,-1.120456506257429,0.9031483785074109,0.7535418775278692,0.0,0.0,-0.9685325686224979,-0.061558995366693466,0.21453682334254204,-0.8898484780180447,0.0,0.0
0.8349999999999634,0.09499956157272973,0.18348573020204106,0.3335137142966324,0.8432762269143814,0.0,0.0,0.5388258243924631,-1.127913887156723,0.9068956200203385,0.7453310105663095,0.0,0.0,-0.9688253859651931,-0.05557184304531681,0.21009066568302143,-0.8886072374807062,0.0,0.0
0.8399999999999629,0.09592075203620513,0.18499759151511386,0.3377477226915262,0.8503442062628291,0.0,0.0,0.533167573321936,-1.1353896857409806,0.9106014552827847,0.7369787255495265,0.0,0.0,-0.9690883253581413,-0.04960790577413213,0.20565082202568125,-0.8873229318123705,0.0,0.0
0.8449999999999623,0.09684960731032374,0.18655176864327902,0.34201732563525533,0.8575147834934855,0.0,0.0,0.527471896889054,-1.1428840570672099,0.9142651674793912,0.7284811032694908,0.0,0.0,-0.969321504199378,-0.04366771157606782,0.20121750688534545,-0.8859958867629918,0.0,0.0
0.8499999999999618,0.09778634063319261,0.1881489209608688,0.34632304711086076,0.8647923882859676,0.0,0.0,0.5217387018775947,-1.1503971390390688,0.9178860197617257,0.7198340480357105,0.0,0.0,-0.9695250425107875,-0.03775178192179882,0.19679093312740545,-0.8846264363216938,0.0,0.0
0.8549999999999612,0.09873116847531514,0.18978968160123943,0.35066543373209674,0.8721816449971517,0.0,0.0,0.5159678944293534,-1.1579290501401323,0.921463254340764,0.7110332775152433,0.0,0.0,-0.9696990629046688,-0.031860631461106376,0.19237131192713097,-0.8832149225124107,0.0,0.0
0.8599999999999607,0.09968431040154857,0.19147465467800373,0.355045055743171,0.879687383328653,0.0,0.0,0.5101593801474188,-1.1654798869195584,0.924996091526793,0.7020743118509046,0.0,0.0,-0.9698436905489675,-0.02599476775844504,0.1879588527300277,-0.8817616951795735,0.0,0.0
0.8649999999999601,0.10064598891850152,0.19320441223486756,0.3594625080737266,0.8873146497671582,0.0,0.0,0.5043130642126966,-1.1730497212019055,0.9284837287129742,0.6929524619967639,0.0,0.0,-0.9699590531311981,-0.02015469103296168,0.183553763213291,-0.8802671117639378,0.0,0.0
0.8699999999999596,0.10161642930593764,0.19497949089254732,0.36391841145309595,0.8950687198645639,0.0,0.0,0.4984288515151393,-1.1806385969893514,0.9319253392984908,0.6836628172040624,0.0,0.0,-0.9700452808210769,-0.014340893903195217,0.179156249248405,-0.8787315370686422,0.0,0.0
0.874999999999959,0.10259585943058398,0.19680038815724343,0.368413413588206,0.9029551114315036,0.0,0.0,0.4925066468013064,-1.1882465270205729,0.9353200715468499,0.6742002315840805,0.0,0.0,-0.9701025062318903,-0.008553861136670476,0.17476651486493572,-0.8771553430155999,0.0,0.0
0.8799999999999585,0.10358450954055325,0.19866755835058747,0.3729481904099005,0.9109795987252101,0.0,0.0,0.4865463548400718,-1.1958734889460065,0.9386670473745252,0.6645593096670949,0.0,0.0,-0.970130864380625,-0.0027940694045815104,0.17038476221556584,-0.875538908392321,0.0,0.0
0.8849999999999579,0.10458261203837678,0.20058140811578828,0.3775234473928708,0.9191482277208607,0.0,0.0,0.4805478806085066,-1.2035194210740479,0.9419653610647011,0.654734390868396,0.0,0.0,-0.9701304926468833,0.0029380129582590488,0.16601119154241956,-0.8738826185892721,0.0,0.0
0.8899999999999574,0.10559040123040407,0.20254229144877814,0.38213992095485394,0.9274673325647068,0.0,0.0,0.4745111295002089,-1.2111842176368277,0.9452140779004138,0.6447195327631612,0.0,0.0,-0.9701015307306131,0.008641926188048713,0.16164600114472377,-0.8721868653278836,0.0,0.0
0.8949999999999568,0.10660811305005154,0.20455050419638193,0.38679837994127353,0.9359435533174929,0.0,0.0,0.4684360075586248,-1.218867723517451,0.9484122327108654,0.6345084930617899,0.0,0.0,-0.9700441206086763,0.014317219321067933,0.1572893873478525,-0.8704520463792986,0.0,0.0
0.8999999999999563,0.10763598475207524,0.20660627795577696,0.3914996272020699,0.9445838551080917,0.0,0.0,0.4623224217382143,-1.2265697283728652,0.951558828324121,0.6240947101658751,0.0,0.0,-0.9699584064902893,0.019963450417086755,0.1529415444738003,-0.8686785652739835,0.0,0.0
0.9049999999999557,0.10867425457469129,0.20870977330061377,0.39624450126809657,0.9533955488300621,0.0,0.0,0.45617028019666694,-1.2342899600776358,0.9546528339187642,0.6134712821722046,0.0,0.0,-0.9698445347713579,0.025580186777020498,0.14860266481313056,-0.8668668310022836,0.0,0.0
0.9099999999999552,0.10972316136596984,0.21086107224894565,0.40103387813515795,0.9623863135281581,0.0,0.0,0.44997949262177,-1.2420280774037253,0.95769318326639,0.6026309441778579,0.0,0.0,-0.9697026539877395,0.03116700515477694,0.14427293859844323,-0.8650172577060338,0.0,0.0
0.9149999999999546,0.11078294417047542,0.21306016987635332,0.40586867316453995,0.9715642206378986,0.0,0.0,0.44374997059698573,-1.2497836618396232,0.9606787728560443,0.5915660437233848,0.0,0.0,-0.9695329147674606,0.03672349196326653,0.13995255397940684,-0.8631302643613015,0.0,0.0
0.9199999999999541,0.11185384177161059,0.21530696496408552,0.4107498431097425,0.9809377602593746,0.0,0.0,0.4374816280103093,-1.2575562084386676,0.9636084598908496,0.5802685141929527,0.0,0.0,-0.9693354697819195,0.042249243474578785,0.13564169699939876,-0.8612062744523452,0.0,0.0
0.9249999999999535,0.11293609218453013,0.21760124955637505,0.41567838828008047,0.9905158696668205,0.0,0.0,0.4311743815115713,-1.26534511557074,0.966481060146113,0.5687298459700181,0.0,0.0,-0.9691104736961009,0.04774386601436145,0.1313405515737973,-0.8592457156368566,0.0,0.0
0.929999999999953,0.1140299320938204,0.21994269728295643,0.42065535485288214,1.0003079642784003,0.0,0.0,0.4248281510240155,-1.2731496734334353,0.9692953456771394,0.5569410551241162,0.0,0.0,-0.9688580831178353,0.05320697615047511,0.12704929946996937,-0.8572490194025343,0.0,0.0
0.9349999999999524,0.11513559622936681,0.22233085028179295,0.4256818373472005,1.0103239713365355,0.0,0.0,0.4184428603167609,-1.2809690511578316,0.9720500423637929,0.5448926493784793,0.0,0.0,-0.9685784565461271,0.05863820087603495,0.12276812028899725,-0.8552166207150328,0.0,0.0
0.9399999999999519,0.11625331667294805,0.22476510453259452,0.4307589812732766,1.020574366578379,0.0,0.0,0.41201843764563506,-1.288802282319592,0.9747438272775275,0.5325745910789017,0.0,0.0,-0.9682717543185824,0.06403717778699297,0.11849719144918644,-0.8531489576572994,0.0,0.0
0.9449999999999513,0.1173833220870795,0.22724469338327166,0.4358879859734713,1.0310702142091401,0.0,0.0,0.405554816470883,-1.296648248637735,0.9773753258551201,0.5199762568511365,0.0,0.0,-0.9679381385579618,0.06940355525445932,0.11423668817139901,-0.8510464710602952,0.0,0.0
0.9499999999999508,0.11852583685645819,0.2297686690182893,0.44107010767203886,1.041823210528546,0.0,0.0,0.39905193626142677,-1.3045056616103037,0.979943108861697,0.5070863935965084,0.0,0.0,-0.9675777731178844,0.07473699259201001,0.1099867834662545,-0.8489096041250737,0.0,0.0
0.9549999999999502,0.11968108013101186,0.2323358815790851,0.44630666275297187,1.0528457316033653,0.0,0.0,0.39250974339669525,-1.3123730417973711,0.9824456891237761,0.4938930704327676,0.0,0.0,-0.9671908235277067,0.08003716021828156,0.10574764812324235,-0.8467388020361517,0.0,0.0
0.9599999999999497,0.12084926475799539,0.23494495560124334,0.4515990312872282,1.0641508854274138,0.0,0.0,0.3859281921786052,-1.3202486954164576,0.9848815180109728,0.48038362613865826,0.0,0.0,-0.9667774569366001,0.08530373981521036,0.10151945070178932,-0.844534511566091,0.0,0.0
0.9649999999999491,0.1220305960887705,0.23759426337969056,0.45694866083299474,1.075752569065733,0.0,0.0,0.3793072459680772,-1.3281306878620316,0.987248981642669,0.4665446116054039,0.0,0.0,-0.9663378420568474,0.09053642448233747,0.09730235752432641,-0.8422971806711562,0.0,0.0
0.9699999999999486,0.12322527064380977,0.24028189481027376,0.46235707053527914,1.0876655313426147,0.0,0.0,0.3726468784625662,-1.3360168136979447,0.989546396793311,0.4523617267352494,0.0,0.0,-0.9658721491063758,0.09573491888766797,0.09309653267139988,-0.8400272580778829,0.0,0.0
0.974999999999948,0.1244334746170252,0.24300562318181185,0.46782585555409545,1.09990544170517,0.0,0.0,0.36594707513351865,-1.3439045625974646,0.9917720064670217,0.4378197511551612,0.0,0.0,-0.9653805497505437,0.1008989394156499,0.08890213797887284,-0.8377251928603499,0.0,0.0
0.9799999999999475,0.1256553821976806,0.24576286630481262,0.47335669185386925,1.1124889659765032,0.0,0.0,0.35920783484551294,-1.3517910806177356,0.9939239751088567,0.42290246803135906,0.0,0.0,-0.9648632170431933,0.10602821431291995,0.0847193330372641,-0.8353914340078817,0.0,0.0
0.9849999999999469,0.12689115368482387,0.24855064225873588,0.4789513413904881,1.1254338498069463,0.0,0.0,0.35242917168215543,-1.3596731260912949,0.9960003834162289,0.40759258017591016,0.0,0.0,-0.9643203253669792,0.11112248383255578,0.08054827519327303,-0.8330264299828753,0.0,0.0
0.9899999999999464,0.12814093336528348,0.25136551891555986,0.48461165773673076,1.138759010740118,0.0,0.0,0.34561111700769226,-1.3675470192932377,0.9979992227097182,0.3918716175282311,0.0,0.0,-0.9637520503729757,0.11618150037767533,0.07638911955354095,-0.8306306282683686,0.0,0.0
0.9949999999999458,0.12940484712170394,0.2542035562492889,0.49033959219169515,1.1524846399350768,0.0,0.0,0.3387537217978645,-1.3754085848946287,0.9999183888175934,0.37571983496980493,0.0,0.0,-0.9631585689195684,0.12120502864533722,0.0722420189907011,-0.8282044749049015,0.0,0.0
0.9999999999999453,0.13068299973171307,0.2570602402637778,0.49613720042540266,1.1666323147290407,0.0,0.0,0.33185705927890874,-1.3832530860356034,1.001755675422815,0.3591160992870974,0.0,0.0,-0.9625400590106219,0.12619284577182313,0.06810712415177197,-0.8257484140161584,0.0,0.0
1.0049999999999448,0.13197547181296018,0.2599304071584597,0.502006649716078,1.1812251233902342,0.0,0.0,0.3249212279199545,-1.3910751486389856,1.0035087668149596,0.3420377639325362,0.0,0.0,-0.9618966997329148,0.1311447414805235,0.06398458346895206,-0.8232628873227907,0.0,0.0
1.0099999999999443,0.13328231636124327,0.2628081560953502,0.5079502268448214,1.196287803600785,0.0,0.0,0.31794635483158373,-1.3988686743291607,1.0051752299822918,0.32446053004292674,0.0,0.0,-0.9612286711928273,0.13606051823380838,0.05987454317287621,-0.8207483336437321,0.0,0.0
1.0149999999999437,0.13460355482000996,0.2656867486211931,0.51397034672062,1.2118468964294944,0.0,0.0,0.31093259963224457,-1.4066267400116395,1.0067525059709712,0.30635829195471026,0.0,0.0,-0.9605361544522547,0.14093999139044444,0.05577714730839829,-0.8182051883842247,0.0,0.0
1.0199999999999432,0.13593917260888053,0.26855849242350016,0.5200695618180673,1.2279309178084277,0.0,0.0,0.3038801588548371,-1.4143414817938258,1.0082379004289534,0.28770296520122535,0.0,0.0,-0.9598193314637178,0.14578298937032305,0.0516925377529688,-0.8156338830096731,0.0,0.0
1.0249999999999426,0.1372891140261324,0.2714146066430424,0.5262505725209461,1.2445705498212363,0.0,0.0,0.29678927097849367,-1.422003960471542,1.0096285732413628,0.2684642946830707,0.0,0.0,-0.959078385004626,0.15058935382849659,0.04762085423768066,-0.8130348445043268,0.0,0.0
1.029999999999942,0.13865327642485337,0.27424506540859284,0.5325162384771981,1.2617988544512375,0.0,0.0,0.28966022218579024,-1.4296040052493786,1.0109215271517296,0.24860964036241534,0.0,0.0,-0.9583134986106437,0.15535893984078294,0.043562234371061846,-0.8104084948136722,0.0,0.0
1.0349999999999415,0.14003150354415597,0.2770384155777365,0.5388695910850027,1.279651512830886,0.0,0.0,0.2824933529639365,-1.4371300316812419,1.0121135952492877,0.22810373743838122,0.0,0.0,-0.9575248565080926,0.1600916161035028,0.039516813665699334,-0.8077552502692867,0.0,0.0
1.039999999999941,0.14142357785473966,0.2797815638290374,0.5453138472460063,1.2981670934895189,0.0,0.0,0.2752890656905762,-1.4445688289792993,1.013201427186198,0.20690842750522787,0.0,0.0,-0.9567126435453158,0.16478726515025868,0.03548472556778547,-0.8050755209947666,0.0,0.0
1.0449999999999404,0.14282921175132246,0.2824595272158096,0.5518524245405119,1.317387353622346,0.0,0.0,0.26804783337158644,-1.4519053108048798,1.0141814739697923,0.18498235666883228,0.0,0.0,-0.9558770451229087,0.1694457835890672,0.03146610148968515,-0.8023697102911979,0.0,0.0
1.0499999999999399,0.14424803739192413,0.2850551400089862,0.558488958001034,1.3373575780104612,0.0,0.0,0.26077020973077947,-1.459122222372605,1.015049971153325,0.16228063599000145,0.0,0.0,-0.9550182471227034,0.17406708236361576,0.027461070845630244,-0.7996382140004819,0.0,0.0
1.0549999999999393,0.14567959494428045,0.28754870806021404,0.5652273186854722,1.358126960919637,0.0,0.0,0.2534568408911,-1.4661997951031671,1.0158029202238608,0.13875445892502375,0.0,0.0,-0.9541364358353805,0.1786510870429502,0.0234697610906566,-0.7968814198446807,0.0,0.0
1.0599999999999388,0.1471233189510255,0.28991759992109317,0.5720716342797554,1.3797490371050152,0.0,0.0,0.2461084789355231,-1.4731153380656183,1.0164360679573257,0.11435066963433643,0.0,0.0,-0.9532317978865485,0.18319773814452206,0.019492297762908332,-0.7940997067393716,0.0,0.0
1.0649999999999382,0.14857852246544145,0.2921357614497955,0.5790263119926702,1.402282168958647,0.0,0.0,0.23872599769567537,-1.4798427529460452,1.0169448834778745,0.08901127512020429,0.0,0.0,-0.9523045201611168,0.18770699149624592,0.015528804529444756,-0.7912934440788714,0.0,0.0
1.0699999999999377,0.15004437853564953,0.29417313747767754,0.5860960640432766,1.4257900978630125,0.0,0.0,0.23131041119009355,-1.4863519561217464,1.0173245327210165,0.0626728931279953,0.0,0.0,-0.951354789725743,0.19217881864406502,0.011579403235696268,-0.7884629909910283,0.0,0.0
1.0749999999999371,0.1515198985233796,0.2959949801066298,0.5932859360844531,1.4503425689557479,0.0,0.0,0.2238628952257377,-1.4926081874191415,1.0175698499568089,0.03526612660340261,0.0,0.0,-0.9503827937491174,0.1966132073125084,0.007644213958727342,-0.7856086955591718,0.0,0.0
1.0799999999999366,0.15300390662910035,0.29756101811331304,0.6006013389552014,1.4760160397570812,0.0,0.0,0.21638481279069083,-1.4985711800402026,1.0176753059803108,0.006714854251633591,0.0,0.0,-0.9493887194197911,0.2010101619268863,0.0037233550644770125,-0.7827308940087361,0.0,0.0
1.084999999999936,0.15449500985206813,0.29882445541903563,0.6080480842098853,1.5028944844302339,0.0,0.0,0.20887774400915407,-1.5041941596261723,1.0176349725209437,-0.02306457457421105,0.0,0.0,-0.9483727538612221,0.20536970420713332,-0.0001830567308402223,-0.7798299098560442,0.0,0.0
1.0899999999999355,0.15599156243360027,0.29973075820484946,0.6156324239347565,1.5310703067716684,0.0,0.0,0.20134352161004593,-1.5094226320497637,1.01744248236021,-0.05416425375486755,0.0,0.0,-0.9473350840436461,0.2096918738449107,-0.004074906294977736,-0.7769060530168228,0.0,0.0
1.094999999999935,0.1574916236038989,0.3002161794243137,0.6233610954307263,1.5606453762432313,0.0,0.0,0.1937842730884294,-1.5141929087017925,1.0170909845785996,-0.08668575737101568,0.0,0.0,-0.9462758966923283,0.213976729277475,-0.00795208000933736,-0.773959618872238,0.0,0.0
1.0999999999999344,0.15899290716293402,0.3002059554051583,0.6312413714153433,1.5917322022541216,0.0,0.0,0.18620247102873627,-1.5184303039792106,1.0165730942785152,-0.12074131496349096,0.0,0.0,-0.9451953781916703,0.21822434857404877,-0.011814465693870093,-0.7709908872906533,0.0,0.0
1.1049999999999338,0.16049272105556361,0.2996120908775798,0.6392811164739193,1.6244552621260488,0.0,0.0,0.17860099342900407,-1.5220469213306427,1.0158808360530416,-0.15645514052204196,0.0,0.0,-0.9440937144845678,0.22243483045306017,-0.015661952526972462,-0.7680001216040299,0.0,0.0
1.1099999999999333,0.1619878946253652,0.2983306246923276,0.6474888505650495,1.6589524971480114,0.0,0.0,0.1709831963409444,-1.5249389201440495,1.0150055803950901,-0.1939649296090132,0.0,0.0,-0.9429710909663097,0.2266082954517195,-0.019494430960151292,-0.7649875675390213,0.0,0.0
1.1149999999999327,0.16347469061739658,0.29623823676272676,0.6558738204509319,1.6953769878947156,0.0,0.0,0.163353001754802,-1.526983124035772,1.0139379721762902,-0.2334235357901745,0.0,0.0,-0.9418276923721987,0.23074488727304296,-0.023311792627233922,-0.7619534521045636,0.0,0.0
1.1199999999999322,0.16494869820280464,0.2931880147632561,0.6644460799633239,1.7338988129935915,0.0,0.0,0.1557150044551271,-1.5280327891029604,1.01266785028458,-0.2750008305532567,0.0,0.0,-0.9406637026579318,0.2348447743397018,-0.02711393024791608,-0.7588979824403574,0.0,0.0
1.1249999999999316,0.16640470225810353,0.28900414330269386,0.6732165800071269,1.774707082263266,0.0,0.0,0.14807460261352187,-1.5279122948917256,1.0111841575183311,-0.3188857376288124,0.0,0.0,-0.9394793048716255,0.23890815158902953,-0.0309007375254704,-0.7558213446344758,0.0,0.0
1.129999999999931,0.16783652276865482,0.2834752038953195,0.6821972691047253,1.8180121115316028,0.0,0.0,0.14043815824752545,-1.5264104464445416,1.0094748399337554,-0.3652884090076891,0.0,0.0,-0.9382746810161804,0.24293524254921992,-0.034672109038493035,-0.7527237025239365,0.0,0.0
1.1349999999999305,0.16923681643137162,0.2763456747214758,0.6914012050283748,1.8640476658536373,0.0,0.0,0.13281319546909576,-1.5232719764646616,1.007526735098267,-0.4144424693534821,0.0,0.0,-0.9370500119004674,0.2469263017431832,-0.038427940126653966,-0.7496051965001772,0.0,0.0
1.13999999999993,0.17059683016132707,0.267305086566281,0.7008426775455747,1.9130731295222607,0.0,0.0,0.12520864681623936,-1.5181867040398709,1.0053254492249666,-0.4666071871691719,0.0,0.0,-0.9358054769775668,0.2508816174735868,-0.04216812677055359,-0.7464659423531111,0.0,0.0
1.1449999999999294,0.17190609306894988,0.2559741148730979,0.7105373413345274,1.9653753476412548,0.0,0.0,0.11763516109905113,-1.5107756299230828,1.002855224131457,-0.5220693174369375,0.0,0.0,-0.9345412541680013,0.25480151504998083,-0.04589256546599662,-0.7433060302043388,0.0,0.0
1.1499999999999289,0.17315202931868845,0.24188665489903674,0.7205023564212264,2.021269696407616,0.0,0.0,0.11010549034690477,-1.5005730154249581,1.0000987966720656,-0.5811441728031422,0.0,0.0,-0.9332575196655933,0.2586863605259179,-0.0496011530933039,-0.7401255236044939,0.0,0.0
1.1549999999999283,0.17431946879037466,0.22446662422272687,0.730756530568732,2.0810996306122003,0.0,0.0,0.10263497893283216,-1.4870031892420161,0.9970372562139966,-0.6441751717073422,0.0,0.0,-0.931954447723207,0.26253656501928657,-0.05329378678274067,-0.7369244589048789,0.0,0.0
1.1599999999999278,0.17539002526512273,0.20299785485943916,0.7413204531312234,2.145233450198833,0.0,0.0,0.0952421851501527,-1.4693504445496766,0.9936499106465736,-0.7115306051344894,0.0,0.0,-0.9306322104152754,0.26635258969023495,-0.056970363777809056,-0.7337028450643648,0.0,0.0
1.1649999999999272,0.17634130255609728,0.17658498175117218,0.7522166016918993,2.214056197287265,0.0,0.0,0.08794967481755762,-1.4467199331947675,0.9899141796072186,-0.783595533161392,0.0,0.0,-0.9292909773736548,0.2701349514435926,-0.06063078129913018,-0.7304606641258937,0.0,0.0
1.1699999999999267,0.17714587732581857,0.14410275315837012,0.7634693892483078,2.287953237501506,0.0,0.0,0.08078503816723634,-1.4179869825571358,0.9858055471647403,-0.8607553647987065,0.0,0.0,-0.9279309154930548,0.2738842293987629,-0.06427493641306045,-0.7271978727028197,0.0,0.0
1.174999999999926,0.1777699934571933,0.10413083073752677,0.7751050974105538,2.3672798723585675,0.0,0.0,0.07378219514501462,-1.381731902853494,0.9812976285006799,-0.9433654673909667,0.0,0.0,-0.9265521886022078,0.2776010721159642,-0.06790272591124609,-0.7239144049676214,0.0,0.0
1.1799999999999256,0.1781718881996906,0.05487129136860463,0.7871516046436291,2.452307781926765,0.0,0.0,0.06698306889753858,-1.336157496828545,0.9763624415666512,-1.031697604073803,0.0,0.0,-0.9251549570972288,0.2812862054599371,-0.07151404621029302,-0.7206101778529825,0.0,0.0
1.184999999999925,0.17829965929068464,-0.005952439000954695,0.7996377596730019,2.5431335212472144,0.0,0.0,0.060439718243983094,-1.2789880017801465,0.9709710336119873,-1.1258484217660873,0.0,0.0,-0.9237393775346674,0.2849404407810978,-0.07510879328500193,-0.7172850994811469,0.0,0.0
1.1899999999999245,0.17808858584488801,-0.08121171288148962,0.8125921566592608,2.639525904534788,0.0,0.0,0.054217016339274664,-1.2073529698525856,0.9650947059954179,-1.225586822278819,0.0,0.0,-0.9223056021841624,0.28856468273407226,-0.07868686265469131,-0.7139390822559895,0.0,0.0
1.194999999999924,0.1774578587852165,-0.17448847814123433,0.8260409252817927,2.740677563244645,0.0,0.0,0.048395919760218536,-1.117671457289604,0.9587072241688044,-1.3301055006495084,0.0,0.0,-0.9208537785454348,0.29215993543083485,-0.08224814945060983,-0.7105720625951578,0.0,0.0
1.1999999999999234,0.17630681058520242,-0.2901492874337125,0.8400039427317503,2.844813139702903,0.0,0.0,0.04307723825803713,-1.0055780171543862,0.9517886058721251,-1.4376291097919986,0.0,0.0,-0.9193840488432395,0.29572730458809493,-0.08579254860388787,-0.7071840299109259,0.0,0.0
1.2049999999999228,0.17451105750703882,-0.4332840589253102,0.8544886170145692,2.948601384002571,0.0,0.0,0.038385492022370085,-0.8659839327617335,0.9443313381934193,-1.5448263160018314,0.0,0.0,-0.917896549529409,0.2992679916870401,-0.0893199552080012,-0.7037750680007626,0.0,0.0
1.2099999999999222,0.17191964282428968,-0.6093257139810273,0.8694801755749848,3.046347349057479,0.0,0.0,0.034471768022381895,-0.6934575598007271,0.9363500895509392,-1.646001937044184,0.0,0.0,-0.9163914108466716,0.302783273781751,-0.09283026512593653,-0.7003454120133196,0.0,0.0
1.2149999999999217,0.16835549023068394,-0.8230441716215506,0.884927523867639,3.1290642342898485,0.0,0.0,0.031513266317255505,-0.48323028806165247,0.9278958520574481,-1.7321687117301885,0.0,0.0,-0.9148687565479396,0.3062744596831995,-0.09632337592509975,-0.6968955225596847,0.0,0.0
1.2199999999999211,0.16362324239984904,-1.076539906180122,0.9007249178115132,3.183837217702418,0.0,0.0,0.029705461517533616,-0.23320290489671536,0.9190742704085857,-1.7904110442632004,0.0,0.0,-0.9133287039173829,0.30974281107683366,-0.09979918822011195,-0.6934261734392407,0.0,0.0
1.2249999999999206,0.15753001543641004,-1.366121282624582,0.916693022910486,3.194424782052455,0.0,0.0,0.029241348858235042,0.05293186345590794,0.9100645845509666,-1.804486243561758,0.0,0.0,-0.9117713642946452,0.31318941916866977,-0.10325760746146566,-0.6899385384907198,0.0,0.0
1.22999999999992,0.14992302385034365,-1.6789703803272045,0.9325688658686806,3.144428275157588,0.0,0.0,0.030273820475221702,0.36235534053913554,0.9011296802262361,-1.7579940290308977,0.0,0.0,-0.9101968443255656,0.3166150397880643,-0.10669854609492992,-0.6864342461267123,0.0,0.0
1.2349999999999195,0.14073933289209845,-1.992194614967677,0.948019477147661,3.023479061513124,0.0,0.0,0.03286591519397988,0.6721746978278871,0.892602448670402,-1.6405637061432148,0.0,0.0,-0.9086052480860786,0.32001991713978606,-0.11012192581807645,-0.6829153553699313,0.0,0.0
1.239999999999919,0.13004770478151265,-2.2772933304938596,0.9626894951547887,2.833876586737187,0.0,0.0,0.03694897520785154,0.953889670875291,0.8848381842795573,-1.4544923715966736,0.0,0.0,-0.9069966799893643,0.32340365961856415,-0.11352767943435975,-0.6793842151405349,0.0,0.0
1.2449999999999184,0.11805439229715954,-2.5095135678868066,0.9762720963404238,2.592380204991542,0.0,0.0,0.04231685573359523,1.1827483291009508,0.878143655376656,-1.2165369884899921,0.0,0.0,-0.905371248030755,0.3267652387858511,-0.1169157517170936,-0.6758432165015721,0.0,0.0
1.2499999999999178,0.10506151761163157,-2.6762065246023843,0.9885697303665265,2.3244431844346853,0.0,0.0,0.04866754905124942,1.3461033888022544,0.8727163685480182,-0.9521486702315766,0.0,0.0,-0.9037290666628814,0.33010313580012585,-0.12028609891455837,-0.6722945142031309,0.0,0.0
1.2549999999999173,0.09139918656134748,-2.778457361791126,0.9995143310785591,2.054907048244249,0.0,0.0,0.05567107210493528,1.4450417795615835,0.8686243559228581,-0.686167229285516,0.0,0.0,-0.9020702586662831,0.33341558222953965,-0.12363868700143119,-0.6687398189587562,0.0,0.0
1.2599999999999167,0.0773664954607968,-2.8265340965120274,1.0091460017955152,1.8015540255565266,0.0,0.0,0.0630284603145367,1.489833294970083,0.8658274874058137,-0.43637370862025426,0.0,0.0,-0.900394955775334,0.33670080154194015,-0.12697348920134305,-0.6651803169362963,0.0,0.0
1.2649999999999162,0.06320098144909857,-2.83388063600223,1.017572460209377,1.5737871256061622,0.0,0.0,0.07050231680042116,1.493923453822456,0.8642180231993429,-0.2121704225963526,0.0,0.0,-0.8987032982495203,0.33995718217977094,-0.130290483408734,-0.6616167030098342,0.0,0.0
1.2699999999999156,0.04907404617755177,-2.813037017274673,1.0249311342251088,1.374533024682759,0.0,0.0,0.07792138761771533,1.4698536519690348,0.8636585157319848,-0.01648374797671033,0.0,0.0,-0.8969954337952678,0.3431833653056349,-0.13358964995710804,-0.6580492767060733,0.0,0.0
1.274999999999915,0.03510052554624258,-2.7739670012500715,1.0313633864559708,1.2028534671039612,0.0,0.0,0.0851709906812507,1.4275887354726513,0.8640075834646991,0.15162458600267564,0.0,0.0,-0.8952715162274939,0.3463782657774168,-0.13687096992068473,-0.6544780531066617,0.0,0.0
1.2799999999999145,0.021352388787945518,-2.723901785795939,1.037000640582221,1.0559878672824514,0.0,0.0,0.09217931534738275,1.3743607318407327,0.8651337833645335,0.2949149940521114,0.0,0.0,-0.8935317041353288,0.34954105395520385,-0.14013442394676967,-0.6509028613345873,0.0,0.0
1.284999999999914,0.007871361505958747,-2.6678070528430933,1.0419586977805289,0.9306003328262769,0.0,0.0,0.09890479818322649,1.3151359325089627,0.8669212937464783,0.41672308825457893,0.0,0.0,-0.8917761596891859,0.3526711203341274,-0.1433799915270227,-0.6473234210808804,0.0,0.0
1.2899999999999134,-0.005321222003539135,-2.608969542743922,1.046336666944732,0.823421074778867,0.0,0.0,0.10532626964185918,1.2532015064250186,0.8692709836511918,0.5203183226914824,0.0,0.0,-0.8900050476383207,0.3557680363188993,-0.14660765059593958,-0.6437393974703739,0.0,0.0
1.2949999999999129,-0.01821734109746916,-2.5495034674559567,1.0502180944777848,0.7315209057694101,0.0,0.0,0.11143587559693528,1.1906719497397107,0.872099282879775,0.6086295325126626,0.0,0.0,-0.8882185344994669,0.3588315177162415,-0.14981737735757564,-0.6401504382820967,0.0,0.0
1.2999999999999123,-0.030817430547845533,-2.490731085662946,1.0536729248632202,0.6523919356570246,0.0,0.0,0.11723421846327847,1.1288696922032073,0.8753362214005758,0.684164262424104,0.0,0.0,-0.8864167879154337,0.36186139345973395,-0.15300914626381235,-0.6365561980811518,0.0,0.0
1.3049999999999118,-0.04312713211755708,-2.4334502525297634,1.0567596057558026,0.5839373454929964,0.0,0.0,0.1227271082734054,1.0685926725330865,0.878923324332997,0.7490190076507013,0.0,0.0,-0.884599976155849,0.36485757999667234,-0.15618293008881567,-0.6329563531437211,0.0,0.0
1.3099999999999112,-0.05515515741538522,-2.3781160844430387,1.0595270353523902,0.5244249240100762,0.0,0.0,0.1279234251481085,1.010296023592272,0.8828116647089937,0.8049256861073629,0.0,0.0,-0.8827682677327239,0.36782006085076235,-0.15933870006140025,-0.6293506101174631,0.0,0.0
1.3149999999999107,-0.06691189808432081,-2.3249620605916204,1.0620162461397709,0.4724310493120491,0.0,0.0,0.13283372919121442,0.9542131900254688,0.8869601798897612,0.8533076612071455,0.0,0.0,-0.880921831106894,0.37074887056614825,-0.16247642602954845,-0.6257387105192186,0.0,0.0
1.3199999999999101,-0.07840853168692992,-2.274079982342848,1.064261811184132,0.42678694084499025,0.0,0.0,0.13746936615243316,0.9004359001300684,0.89133426545599,0.8953334916777016,0.0,0.0,-0.8790608344655036,0.37364408221277573,-0.16559607664013806,-0.6221204325227155,0.0,0.0
1.3249999999999096,-0.08965645403798789,-2.225472505876276,1.066292997503228,0.38653161718817897,0.0,0.0,0.14184189959258872,0.8489667081547254,0.8959046220197098,0.93196397383248,0.0,0.0,-0.8771854455546012,0.37650579772154813,-0.16869761952295434,-0.6184955910206829,0.0,0.0
1.329999999999909,-0.10066692569419333,-2.179087552978903,1.0681347034589395,0.3508725486698015,0.0,0.0,0.14596275724847121,0.7997534125397151,0.9006463180131639,0.9639914879501459,0.0,0.0,-0.8752958315542785,0.379334140439185,-0.1717810214721199,-0.6148640366199712,0.0,0.0
1.3349999999999085,-0.11145085854773738,-2.134840787980401,1.0698082178174637,0.3191535276610989,0.0,0.0,0.14984301753426332,0.7527115385686154,0.9055380308032931,0.9920721263449225,0.0,0.0,-0.8733921589865266,0.38212924941178233,-0.17484624862077397,-0.6112256540060449,0.0,0.0
1.339999999999908,-0.12201869377364528,-2.092630238579385,1.071331834183599,0.29082876357844956,0.0,0.0,0.15349328742182294,0.7077389635697418,0.9105614324230006,1.01675159638482,0.0,0.0,-0.8714745936481781,0.3848912750096411,-0.17789326660661697,-0.6075803599632923,0.0,0.0
1.3449999999999074,-0.1323803390251962,-2.0523457396364604,1.0727213492223677,0.2654421241760831,0.0,0.0,0.15692363958820935,0.664725364045468,0.9157006915047123,1.038485977061031,0.0,0.0,-0.8695433005630137,0.3876203755909903,-0.18092204072709794,-0.6039281012371366,0.0,0.0
1.3499999999999068,-0.1425451437071381,-2.0138749609349578,1.0739904678742809,0.24261053579766215,0.0,0.0,0.16014358765558845,0.623558245965007,0.9209420682094758,1.0576583165591704,0.0,0.0,-0.867598443948451,0.3903167149699498,-0.18393253608377494,-0.6002688523568552,0.0,0.0
1.3549999999999063,-0.15252189835167695,-1.9771071792240975,1.0751511341952182,0.2220107036797088,0.0,0.0,0.16316208554494774,0.5841267187170187,0.9262735835206158,1.0745919098136643,0.0,0.0,-0.8656401871932714,0.39298046050707786,-0.18692471771585265,-0.5966026134933956,0.0,0.0
1.3599999999999057,-0.16231884887023432,-1.9419355615948073,1.0762138026440538,0.20336846643658305,0.0,0.0,0.16598754171387023,0.54632377991285,0.9316847480791223,1.0895609419602943,0.0,0.0,-0.8636686928436366,0.39561178168195704,-0.1898985507231943,-0.5929294083969006,0.0,0.0
1.3649999999999052,-0.17194371959789945,-1.9082584690396225,1.0771876615628049,0.18645023570696542,0.0,0.0,0.16862784219316568,0.5100476200006474,0.9371663388164517,1.1027990467321753,0.0,0.0,-0.8616841225952669,0.3982108490389748,-0.19285400037927536,-0.5892492824391637,0.0,0.0
1.3699999999999046,-0.1814037411363414,-1.8759801188372731,1.0780808181452275,0.17105608656336502,0.0,0.0,0.17109037842647987,0.4752022854153789,0.942710214089394,1.1145062142101247,0.0,0.0,-0.8596866372901393,0.40077783342189405,-0.19579103223464045,-0.5855623007735135,0.0,0.0
1.374999999999904,-0.19070568039276342,-1.8450108316759044,1.0789004522584034,0.15701415701723576,0.0,0.0,0.1733820773091907,0.4416979262442752,0.9483091599530408,1.1248543895991199,0.0,0.0,-0.8576763969164283,0.40331290543162907,-0.19870961221146305,-0.5818685466163798,0.0,0.0
1.3799999999999035,-0.19985587114165188,-1.8152670144188507,1.0796529449649352,0.14417608853125094,0.0,0.0,0.17550943175236056,0.4094507793626931,0.9539567617248614,1.1339920311183715,0.0,0.0,-0.8556535606107095,0.40581623505615705,-0.2016097066898162,-0.5781681196496459,0.0,0.0
1.384999999999903,-0.20886024405673323,-1.7866709792794004,1.0803439864033249,0.13241329720235892,0.0,0.0,0.1774785307184014,0.3783829878466748,0.9596472961829046,1.1420478373372969,0.0,0.0,-0.8536182866616691,0.4082879914327247,-0.2044912825862489,-0.5744611345396787,0.0,0.0
1.3899999999999024,-0.21772435557460526,-1.7591506665245693,1.0809786667498766,0.12161391035207132,0.0,0.0,0.17929508808933856,0.34842232381335986,0.9653756406753414,1.149133809215036,0.0,0.0,-0.851570732514734,0.41072834271120867,-0.20735430742523744,-0.57074771956713,0.0,0.0
1.3949999999999019,-0.22645341522669077,-1.7326393151749193,1.0815615532506364,0.11168023835388081,0.0,0.0,0.1809644700038793,0.3195018591806742,0.9711371961533928,1.1553477770067366,0.0,0.0,-0.8495110547771891,0.4131374559942447,-0.21019874940404848,-0.5670280153606401,0.0,0.0
1.3999999999999013,-0.23505231125773873,-1.707075110881404,1.0820967557322052,0.10252667884533077,0.0,0.0,0.18249172048117668,0.29155961354638255,0.9769278217192905,1.1607754948818603,0.0,0.0,-0.8474394092234384,0.41551549733502124,-0.21302457745151518,-0.5633021737272141,0.0,0.0
1.4049999999999008,-0.24352563446747064,-1.682400829834805,1.0825879825414852,0.09407797176338309,0.0,0.0,0.18388158526763726,0.2645381980570601,0.9827437787396873,1.165492384808624,0.0,0.0,-0.8453559508001671,0.41786263177774474,-0.2158317612811922,-0.5595703565720298,0.0,0.0
1.4099999999999002,-0.2518777002876585,-1.6585634905926745,1.0830385884999156,0.08626774027295392,0.0,0.0,0.18513853391887677,0.238384467163651,0.9885816829393834,1.1695649946276936,0.0,0.0,-0.8432608336312186,0.4201790234290234,-0.21862027143931864,-0.5558327349006712,0.0,0.0
1.4149999999998997,-0.2601125691538199,-1.6355140210150134,1.0834516161670225,0.07903726568754765,0.0,0.0,0.18626678017587767,0.21304918546406035,0.9944384631809413,1.173052222209555,0.0,0.0,-0.8411542110220583,0.4224648355509528,-0.22139007934798413,-0.5520894878971262,0.0,0.0
1.4199999999998991,-0.2682340652582713,-1.6132069443560348,1.0838298314752484,0.07233445472243591,0.0,0.0,0.18727030072200157,0.1884867136873425,1.0003113258685923,1.1760063473488764,0.0,0.0,-0.8390362354637307,0.42472023066869224,-0.22414115734386142,-0.5483408020713358,0.0,0.0
1.4249999999998986,-0.27624579378593517,-1.5916000864722293,1.0841757546107216,0.06611296550078453,0.0,0.0,0.18815285242219182,0.1646547157853254,1.006197724102096,1.1784739049697117,0.0,0.0,-0.8369070586362574,0.4269453706869039,-0.22687347871283847,-0.5445868704705192,0.0,0.0
1.429999999999898,-0.2841511567404266,-1.5706543047408077,1.0844916868633716,0.060331465132404685,0.0,0.0,0.18891798815186217,0.14151388773013016,1.0120953308574634,1.1804964268165576,0.0,0.0,-0.8347668314114363,0.42914041701067773,-0.22958701772085574,-0.5408278919489845,0.0,0.0
1.4349999999998975,-0.2919533674685629,-1.5503332384079618,1.084779734047094,0.05495299677316449,0.0,0.0,0.18956907132359854,0.11902770774039795,1.0180020155941136,1.1821110737183842,0.0,0.0,-0.8326157038550364,0.4313055306675633,-0.23228174964122816,-0.5370640704915711,0.0,0.0
1.439999999999897,-0.2996554639885659,-1.5306030795458387,1.085041826990755,0.04994443813540786,0.0,0.0,0.1901092892169468,0.09716220711772278,1.0239158237879342,1.1833511764508753,0.0,0.0,-0.8304538252283815,0.4334408724281158,-0.23495765077870961,-0.5332956145863058,0.0,0.0
1.4449999999998964,-0.3072603212222584,-1.5114323634825897,1.0852797395191223,0.04527603667600573,0.0,0.0,0.19054166521159965,0.07588576055959564,1.0298349589713922,1.1842466999662222,0.0,0.0,-0.8282813439893418,0.4355466029229931,-0.23761469849053501,-0.5295227366422505,0.0,0.0
1.4499999999998958,-0.31477066222541894,-1.4927917774067856,1.0854951042757266,0.040921009309337564,0.0,0.0,0.19086907001816786,0.05516889465164569,1.03575776692891,1.1848246431395406,0.0,0.0,-0.8260984077927497,0.437622882755139,-0.2402528712046572,-0.5257456524489009,0.0,0.0
1.4549999999998953,-0.32218906850377244,-1.4746539857848437,1.085689426684385,0.03685519661002796,0.0,0.0,0.19109423199404157,0.034984113178856975,1.0416827217509719,1.1851093840637663,0.0,0.0,-0.8239051634902699,0.43966987260598533,-0.24287214843537722,-0.5219645806738178,0.0,0.0
1.4599999999998947,-0.3295179894952745,-1.4569934712324348,1.0858640973003857,0.03305676318794205,0.0,0.0,0.1912197466250301,0.015305737897510132,1.047608413496147,1.1851229792075268,0.0,0.0,-0.8217017571297565,0.4416877333349235,-0.24547251079655277,-0.518179742395493,0.0,0.0
1.4649999999998942,-0.336759751292644,-1.4397863895242247,1.086020402764358,0.029505937316633826,0.0,0.0,0.19124808524677145,-0.0038902365473169366,1.0535335372481747,1.18488542335208,0.0,0.0,-0.8194883339541283,0.4436766260715408,-0.24805394001255293,-0.5143913606687385,0.0,0.0
1.4699999999998936,-0.343916564673685,-1.4230104374940895,1.0861595355402254,0.026184784039666547,0.0,0.0,0.19118160307348767,-0.022626274806234727,1.0594568833868707,1.1844148760804316,0.0,0.0,-0.8172650383998037,0.44563671230032337,-0.25061641892711617,-0.5105996601201225,0.0,0.0
1.474999999999893,-0.3509905325008962,-1.4066447326591192,1.0862826025921657,0.023077006917077498,0.0,0.0,0.1910225465956247,-0.04092342127855817,1.0653773289180697,1.1837278596541179,0.0,0.0,-0.8150320140947297,0.4475681539376761,-0.25315993151025584,-0.50680486657122,0.0,0.0
1.4799999999998925,-0.35798365654625125,-1.3906697034877675,1.0863906331333262,0.0201677743463925,0.0,0.0,0.19077306040229602,-0.058801409913471964,1.0712938297299999,1.1828394323412292,0.0,0.0,-0.8127894038560458,0.44947111340123835,-0.25568446286334695,-0.5030072066876458,0.0,0.0
1.484999999999892,-0.36489784379185425,-1.3750669893205572,1.086484585560347,0.017443567030510605,0.0,0.0,0.19043519347927446,-0.0762787643510125,1.0772054136621516,1.1817633406214894,0.0,0.0,-0.8105373496874212,0.4513457536715687,-0.2581899992225195,-0.499206907652024,0.0,0.0
1.4899999999998914,-0.3717349122524326,-1.3598193490376589,1.0865653536719755,0.014892043693599267,0.0,0.0,0.19001090502853216,-0.09337288930868769,1.083111174288476,1.180512153165588,0.0,0.0,-0.8082759927761006,0.45319223834634526,-0.2606765279604721,-0.49540419685921105,0.0,0.0
1.4949999999998909,-0.378496596361309,-1.3449105776495598,1.0866337722566939,0.012501922585970753,0.0,0.0,0.1895020698510066,-0.11010015403772591,1.0890102653300997,1.1790973790462476,0.0,0.0,-0.8060054734896988,0.45501073168728423,-0.2631440375868146,-0.4915993016322418,0.0,0.0
1.4999999999998903,-0.38518455195756923,-1.3303254300638079,1.086690622122937,0.010262876685902637,0.0,0.0,0.1889104833303454,-0.1264759685962207,1.0949018956240808,1.1775295722716754,0.0,0.0,-0.8037259313727774,0.4568013986600267,-0.26559251774703924,-0.48779244895760165,0.0,0.0
1.5049999999998898,-0.3918003609085867,-1.3160495513519261,1.0867366346357956,0.008165440813537497,0.0,0.0,0.1882378660518256,-0.14251485361534222,1.1007853245843964,1.1758184244249845,0.0,0.0,-0.8014375051432401,0.4585644049672661,-0.2680219592202137,-0.48398386523854586,0.0,0.0
1.5099999999998892,-0.398345535398852,-1.3020694129059474,1.0867724958158533,0.00620092912988062,0.0,0.0,0.18748586808742862,-0.1582305041694763,1.1066598580996088,1.1739728469353934,0.0,0.0,-0.799140332688578,0.46029991707542073,-0.2704323539154838,-0.48017377606529765,0.0,0.0
1.5149999999998887,-0.4048215219131541,-1.2883722539336249,1.0867988500487216,0.004361361711055608,0.0,0.0,0.18665607297514922,-0.17363584830154008,1.1125248448187228,1.1720010442899722,0.0,0.0,-0.7968345510619962,0.4620081022351621,-0.2728236948674665,-0.47636240600105184,0.0,0.0
1.519999999999888,-0.4112297049395431,-1.2749460277955464,1.0868163034477638,0.0026393990713375164,0.0,0.0,0.18575000141799716,-0.18874310070057984,1.1183796727828246,1.1699105793114366,0.0,0.0,-0.7945202964784552,0.46368912849612376,-0.27519597623061054,-0.4725499783827982,0.0,0.0
1.5249999999998876,-0.41757141041514323,-1.2617793527363694,1.0868254269072581,0.001028283663746809,0.0,0.0,0.18476911472579086,-0.2035638119797502,1.1242237663653172,1.1677084314722896,0.0,0.0,-0.7921977043106488,0.46534316471611714,-0.2775491932725976,-0.46873671513606047,0.0,0.0
1.529999999999887,-0.4238479089357626,-1.248861466606637,1.086826758878743,-0.0004782124811843534,0.0,0.0,0.18371481802071365,-0.21810891395854762,1.1300565834880822,1.165401049083871,0.0,0.0,-0.7898669090849523,0.4669703805651827,-0.27988334236684753,-0.4649228366027111,0.0,0.0
1.5349999999998865,-0.43006041874832496,-1.2361821852114712,1.0868208078993704,-0.00188583470563851,0.0,0.0,0.1825884632256843,-0.23238876131333053,1.1358776130848043,1.1629943960867057,0.0,0.0,-0.7875280444773604,0.46857094652479936,-0.28219842098419673,-0.46110856138109196,0.0,0.0
1.539999999999886,-0.4362101085434252,-1.2237318639582504,1.0868080548977064,-0.0031998878951189093,0.0,0.0,0.18139135185286678,-0.24641316992432474,1.1416863727860755,1.1604939940728178,0.0,0.0,-0.7851812433094427,0.4701450338825731,-0.2844944276838042,-0.45729410617772376,0.0,0.0
1.5449999999998854,-0.44229810006375037,-1.2115013625076028,1.0867889552994732,-0.004425274418877468,0.0,0.0,0.18012473760808267,-0.2601914522151178,1.1474824068038492,1.1579049600887987,0.0,0.0,-0.7828266375443336,0.47169281472271835,-0.2867713621033446,-0.45347968566994673,0.0,0.0
1.5499999999998848,-0.44832547054270433,-1.1994820121609042,1.0867639409531555,-0.005566528319328733,0.0,0.0,0.17878982882548525,-0.2737324497517326,1.1532652839953623,1.1552320406981718,0.0,0.0,-0.780464358282782,0.47321446191263533,-0.2890292249485407,-0.4496655123788689,0.0,0.0
1.5549999999998843,-0.45429325498630757,-1.1876655857434584,1.0867334218931584,-0.0066278461692002525,0.0,0.0,0.17738779074558364,-0.2870445633424229,1.1590345960889037,1.1524796427212294,0.0,0.0,-0.778094535759277,0.47471014908587994,-0.291268017982085,-0.44585179655205504,0.0,0.0
1.5599999999998837,-0.4602024483102945,-1.1760442697657711,1.0866977879562365,-0.007613114963117921,0.0,0.0,0.17591974764855944,-0.3001357808560427,1.1647899560557378,1.1496518610185102,0.0,0.0,-0.7757172993382658,0.47618005062181223,-0.2934877440119975,-0.4420387460554184,0.0,0.0
1.5649999999998832,-0.46605400734330105,-1.1646106386662578,1.0866574102652047,-0.00852593736537839,0.0,0.0,0.1743867848537823,-0.3130137029559414,1.1705309966142374,1.1467525036391713,0.0,0.0,-0.7733327775104825,0.4776243416221975,-0.2956884068794655,-0.4382265662738184,0.0,0.0
1.5699999999998826,-0.4718488527060962,-1.1533576309574547,1.086612642592427,-0.009369654596765881,0.0,0.0,0.17278995059549418,-0.32568556692757034,1.1762573688537572,1.143785114616634,0.0,0.0,-0.770941097889399,0.4790431978850233,-0.2978700114462075,-0.43441546001989373,0.0,0.0
1.574999999999882,-0.47758787057596586,-1.142278527114648,1.086563822614244,-0.010147367209542773,0.0,0.0,0.17113025778378213,-0.3381582687611433,1.1819687409671322,1.140752994660213,0.0,0.0,-0.7685423872078173,0.48043679587578964,-0.30003256358139985,-0.4306056274506954,0.0,0.0
1.5799999999998815,-0.4832719143445898,-1.131366929060962,1.0865112730663504,-0.010861953970435854,0.0,0.0,0.16940868565919487,-0.3504383836355475,1.1876647970818315,1.1376592199621187,0.0,0.0,-0.7661367713146062,0.4818053126965079,-0.3021760701482058,-0.4267972659917078,0.0,0.0
1.584999999999881,-0.4889018061770581,-1.120616741116535,1.0864553028090744,-0.011516089045923744,0.0,0.0,0.16762618134865817,-0.36253218493611045,1.1933452361808443,1.1345066593137663,0.0,0.0,-0.7637243751716013,0.48314892605264487,-0.3043005389899429,-0.42299057026786696,0.0,0.0
1.5899999999998804,-0.49447833847904166,-1.1100221522916502,1.086396207810616,-0.012112257661871972,0.0,0.0,0.16578366132971498,-0.3744456619265784,1.1990097711052812,1.1312979897030648,0.0,0.0,-0.7613053228506744,0.4844678142182275,-0.3064059789159211,-0.4191857320412174,0.0,0.0
1.5949999999998798,-0.5000022752785603,-1.09957761981466,1.0863342720554792,-0.012652770390108516,0.0,0.0,0.16388201280954068,-0.38618453618466203,1.2046581276314827,1.1280357105449423,0.0,0.0,-0.7588797375309814,0.4857621559993207,-0.3084923996869856,-0.4153829401548581,0.0,0.0
1.5999999999998793,-0.5054743535282684,-1.0892778537954924,1.0862697683846212,-0.013139776197499394,0.0,0.0,0.16192209502466354,-0.3977542769005813,1.21029004361615,1.1247221566803298,0.0,0.0,-0.7564477414963963,0.48703213069607243,-0.3105598120007949,-0.4115823804828545,0.0,0.0
1.6049999999998787,-0.510895284333709,-1.0791178029344073,1.0862029592731959,-0.013575274378143532,0.0,0.0,0.1599047404668456,-0.4091601151291093,1.2159052682036415,1.1213595102639264,0.0,0.0,-0.7540094561331377,0.48827791806351545,-0.31260822747686157,-0.4077842358858072,0.0,0.0
1.6099999999998782,-0.5162657541125517,-1.0690926411937527,1.0861340975512028,-0.013961125476178567,0.0,0.0,0.1578307560401465,-0.4204070570775517,1.2215035610901586,1.1179498116479418,0.0,0.0,-0.7515650019275958,0.4894996982713038,-0.31463765864138565,-0.4039886861717874,0.0,0.0
1.6149999999998776,-0.5215864256894407,-1.0591977553577268,1.086063427071844,-0.014299061295134906,0.0,0.0,0.15570092415380063,-0.43149989650482273,1.2270846918400364,1.1144949693574722,0.0,0.0,-0.7491144984643608,0.49069765186254893,-0.3166481189119045,-0.4001959080623614,0.0,0.0
1.619999999999877,-0.5268579393307171,-1.0494287334117067,1.0859911833319371,-0.014590694079589097,0.0,0.0,0.15351600375517704,-0.4424432263002095,1.2326484392498238,1.1109967692430045,0.0,0.0,-0.7466580644244608,0.4918719597119151,-0.3186396225817853,-0.396406075163439,0.0,0.0
1.6249999999998765,-0.532080913722957,-1.0397813536786529,1.0859175940483325,-0.01483752494587264,0.0,0.0,0.15127673130676583,-0.4532414493044689,1.238194590756228,1.1074568828865483,0.0,0.0,-0.7441958175838096,0.4930228029831212,-0.3206121848045843,-0.3926193579406994,0.0,0.0
1.629999999999876,-0.537255946898964,-1.0302515746554606,1.085842879693903,-0.01504095163063729,0.0,0.0,0.14898382171083227,-0.46389878843052934,1.2437229418843654,1.1038768753299677,0.0,0.0,-0.741727874811869,0.4941503630859892,-0.32256582157829244,-0.3888359236993533,0.0,0.0
1.6349999999998754,-0.5423836171145847,-1.020835525496975,1.0857672539963732,-0.015202275619030974,0.0,0.0,0.14663796918510988,-0.4744192961361942,1.2492332957330934,1.1002582121870257,0.0,0.0,-0.7392543520705258,0.49525482163316903,-0.324500549729491,-0.385055936568017,0.0,0.0
1.639999999999875,-0.5474644836794621,-1.0115294970998243,1.0856909244029387,-0.015322708707987737,0.0,0.0,0.14423984809264845,-0.4848068632968372,1.254725462494474,1.0966022661944448,0.0,0.0,-0.736775364413187,0.49633636039666146,-0.3264163868974368,-0.38127955748647924,0.0,0.0
1.6449999999998743,-0.5524990877446166,-1.0023299337421896,1.0856140925133775,-0.015403379054581268,0.0,0.0,0.14179011372870753,-0.49506522752206594,1.260199259004693,1.0929103232517154,0.0,0.0,-0.7342910259840915,0.49739516126425565,-0.32831335151809526,-0.3775069441971564,0.0,0.0
1.6499999999998738,-0.557487953049532,-0.9932334252392834,1.085536954484112,-0.01544533675445076,0.0,0.0,0.1392894030673715,-0.5051979809567029,1.265654508324002,1.0891835879944671,0.0,0.0,-0.7318014500178402,0.4984314061959868,-0.33019146280813894,-0.3737382512400385,0.0,0.0
1.6549999999998732,-0.562431586631229,-0.9842366995775867,1.0854597014054699,-0.015449558990905868,0.0,0.0,0.13673833547037165,-0.5152085776031232,1.2710910393434351,1.0854231889418207,0.0,0.0,-0.7293067488391435,0.4994452771807104,-0.33205074074893015,-0.3699736299509368,0.0,0.0
1.6599999999998727,-0.5673304794976382,-0.9753366159939045,1.0853825196541946,-0.015416954791390299,0.0,0.0,0.13413751336042207,-0.5251003401989853,1.2765086864162822,1.0816301832542234,0.0,0.0,-0.7268070338627846,0.5004369561928903,-0.33389120607050204,-0.3662132284628546,0.0,0.0
1.6649999999998721,-0.5721851072674132,-0.9665301584680268,1.085305591223086,-0.015348369424475112,0.0,0.0,0.13148752286121282,-0.5348764666816539,1.2819072890124428,1.07780556113476,0.0,0.0,-0.7243024155938004,0.501406625149681,-0.335712880235554,-0.36245719171030655,0.0,0.0
1.6699999999998716,-0.5769959307781821,-0.9578144296002604,1.0852290940294917,-0.01524458846741468,0.0,0.0,0.12878893440605407,-0.5445400362681254,1.2872866913939587,1.0739502499038158,0.0,0.0,-0.7217930036278728,0.5023544658683868,-0.33751578542347604,-0.3587056614364226,0.0,0.0
1.674999999999871,-0.5817633966650921,-0.9491866448473796,1.0851532022042278,-0.015106341571487306,0.0,0.0,0.12604230331702607,-0.5540940151769873,1.2926467423101615,1.0700651177741463,0.0,0.0,-0.7192789066519347,0.5032806600243677,-0.33929994451441503,-0.35495877620268035,0.0,0.0
1.6799999999998705,-0.5864879379113808,-0.9406441270925882,1.085078086362375,-0.014934305949821942,0.0,0.0,0.12324817035636336,-0.563541262016872,1.2979872947109947,1.0661509773509115,0.0,0.0,-0.7167602324449834,0.5041853891094612,-0.3410653810733957,-0.351216671401111,0.0,0.0
1.68499999999987,-0.5911699743725829,-0.9321843015270045,1.0850039138572856,-0.014729109610149059,0.0,0.0,0.12040706225168314,-0.5728845328639757,1.3033082054771978,1.062208588878965,0.0,0.0,-0.714237087879101,0.5050688343909814,-0.3428121193345091,-0.34747947926883793,0.0,0.0
1.6899999999998694,-0.5958099132758823,-0.9238046908218753,1.0849308490190168,-0.014491334352879194,0.0,0.0,0.11751949219655992,-0.582126486049471,1.3086093351661363,1.0582386632576637,0.0,0.0,-0.7117095789206782,0.5059311768713476,-0.34454018418517907,-0.3437473289048069,0.0,0.0
1.6949999999998688,-0.6004081496960102,-0.91550291057233,1.084859053378328,-0.014221518553081522,0.0,0.0,0.11458596032784787,-0.5912696866760673,1.3138905477721634,1.0542418648416336,0.0,0.0,-0.7091778106318383,0.5067725972483991,-0.3462496011505174,-0.3400203462885744,0.0,0.0
1.6999999999998683,-0.6049650670090028,-0.9072766649949189,1.084788685877265,-0.013920159743284767,0.0,0.0,0.11160695418106054,-0.600316610881516,1.3191517105004862,1.050218814044292,0.0,0.0,-0.7066418871720583,0.5075932758764369,-0.34794039637777735,-0.33629865430102973,0.0,0.0
1.7049999999998677,-0.6094810373250502,-0.8991237428625055,1.0847199030673043,-0.013587717012534382,0.0,0.0,0.10858294912503103,-0.6092696498655317,1.3243926935535864,1.0461700897594377,0.0,0.0,-0.7041019117999815,0.5083933927280394,-0.34961259662091654,-0.3325823727469256,0.0,0.0
1.7099999999998672,-0.6139564219015781,-0.8910420136613,1.0846528592959235,-0.013224613235795765,0.0,0.0,0.10551440877699729,-0.6181311136953813,1.3296133699293269,1.0420962316148754,0.0,0.0,-0.70155798687542,0.5091731273566834,-0.35126622922527606,-0.3288716183791018,0.0,0.0
1.7149999999998666,-0.6183915715376409,-0.8830294239559366,1.0845877068824294,-0.012831237146577908,0.0,0.0,0.10240178539918317,-0.6269032349042714,1.33481361522993,1.037997742070846,0.0,0.0,-0.6990102138615429,0.5099326588602092,-0.35290132211238473,-0.32516650492429006,0.0,0.0
1.719999999999866,-0.6227868269506356,-0.8750839939495147,1.0845245962837855,-0.012407945264552377,0.0,0.0,0.09924552027787824,-0.6355881718956405,1.3399933074810848,1.0338750883749228,0.0,0.0,-0.6964586933272435,0.5106721658451565,-0.35451790376489556,-0.32146714311039265,0.0,0.0
1.7249999999998655,-0.627142519136274,-0.8672038142264755,1.0844636762511424,-0.011955063688945743,0.0,0.0,0.09604604408595567,-0.6441880121655186,1.345152326960496,1.029728704384055,0.0,0.0,-0.6939035249496825,0.5113918263919947,-0.3561160032116637,-0.3177736406951307,0.0,0.0
1.729999999999865,-0.6314589697127068,-0.8593870426670367,1.0844050939777188,-0.011472889767580213,0.0,0.0,0.09280377722970992,-0.6527047753542387,1.3502905560352245,1.0255589922635258,0.0,0.0,-0.6913448075170038,0.5120918180212757,-0.35769565001296905,-0.31408610249596697,0.0,0.0
1.7349999999998644,-0.6357364912496236,-0.851631901522721,1.0843489952386245,-0.010961693650616633,0.0,0.0,0.08951913018084037,-0.6611404161380019,1.3554078790072421,1.0213663240717985,0.0,0.0,-0.6887826389312173,0.5127723176607227,-0.35925687424589237,-0.31040463042120336,0.0,0.0
1.7399999999998639,-0.6399753875831149,-0.843936674643231,1.0842955245231884,-0.01042171973730865,0.0,0.0,0.0861925037943571,-0.6694968269700429,1.3605041819666355,1.0171510432394564,0.0,0.0,-0.6862171162112426,0.5134335016132737,-0.3607997064898499,-0.3067293235021694,0.0,0.0
1.7449999999998633,-0.6441759541170272,-0.8362997048456162,1.0842448251603054,-0.009853188023398556,0.0,0.0,0.08282428961313784,-0.6777758406804781,1.365579352651959,1.0129134659497885,0.0,0.0,-0.683648335496111,0.5140755455260941,-0.3623241778122905,-0.3030602779264109,0.0,0.0
1.7499999999998628,-0.6483384781115017,-0.8287193914172846,1.0841970394372769,-0.009256295356167977,0.0,0.0,0.07941487015982143,-0.6859792329432799,1.370633280317259,1.0086538824279445,0.0,0.0,-0.68107639204832,0.5146986243605648,-0.3638303197545618,-0.2993975870717979,0.0,0.0
1.7549999999998622,-0.652463238959347,-0.8211941877450025,1.084152308712596,-0.008631216603593738,0.0,0.0,0.07596461921668203,-0.6941087246182546,1.3756658556053274,1.004372558145045,0.0,0.0,-0.6785013802573351,0.5153029123632578,-0.36531816431794945,-0.29574134154147247,0.0,0.0
1.7599999999998617,-0.656550508450856,-0.8137225990625485,1.084110773523087,-0.007978105743545884,0.0,0.0,0.07247390209409071,-0.7021659839753535,1.3806769704267778,1.0000697349430856,0.0,0.0,-0.6759233936432343,0.5158885830379027,-0.3667877439498913,-0.2920916291995609,0.0,0.0
1.7649999999998611,-0.6606005510276441,-0.8063031803101848,1.0840725736857912,-0.007297096878496111,0.0,0.0,0.06894307588813524,-0.710152628808165,1.3856665178445562,0.9957456320860535,0.0,0.0,-0.6733425248604907,0.5164558091183508,-0.36823909153037415,-0.28844853520757857,0.0,0.0
1.7699999999998606,-0.6646136240260491,-0.7989345340995591,1.0840378483949487,-0.006588305180776469,0.0,0.0,0.06537248972793615,-0.7180702284429702,1.3906343919635367,0.9914004472422153,0.0,0.0,-0.6707588657018868,0.5170047625425297,-0.3696722403585124,-0.28481214206145994,0.0,0.0
1.77499999999986,-0.6685899779106088,-0.7916153087780773,1.084006736314424,-0.005851827773036248,0.0,0.0,0.06176248501316629,-0.7259203056493234,1.3955804878248625,0.9870343574021596,0.0,0.0,-0.6681725071025572,0.5175356144274013,-0.371087224139314,-0.2811825296291444,0.0,0.0
1.7799999999998595,-0.672529856498097,-0.7843441965871752,1.0839793756658789,-0.005087744548186251,0.0,0.0,0.058113395642251806,-0.7337043384577308,1.400504701304729,0.982647519736824,0.0,0.0,-0.6655835391441545,0.5180485350449072,-0.37248407697063557,-0.2775597751886587,0.0,0.0
1.784999999999859,-0.6764334971725737,-0.7771199319092746,1.0839559043129894,-0.004296118932790841,0.0,0.0,0.054425548231706235,-0.74142376188963,1.405406929017312,0.9782400723994052,0.0,0.0,-0.6629920510591323,0.5185436937989063,-0.373862833330329,-0.2739439534666357,0.0,0.0
1.7899999999998584,-0.6803011310918826,-0.7699412895985532,1.0839364598419796,-0.003476998597566522,0.0,0.0,0.05069926232702381,-0.7490799696045426,1.4102870682215742,0.9738121352747562,0.0,0.0,-0.6603981312351408,0.5190212592030972,-0.3752235280635814,-0.27033513667721126,0.0,0.0
1.7949999999998578,-0.6841329833860028,-0.7628070833909621,1.0839211796387276,-0.0026304161183690784,0.0,0.0,0.046934850605534484,-0.7566743154689524,1.4151450167316957,0.9693638106795937,0.0,0.0,-0.6578018672195315,0.5194813988599155,-0.37656619637045075,-0.266733394561246,0.0,0.0
1.7999999999998573,-0.6879292733476376,-0.7557161643892194,1.0839102009626844,-0.0017563895907968662,0.0,0.0,0.04313261907160131,-0.7642081150511825,1.4199806728308857,0.9648951840165966,0.0,0.0,-0.6552033457239634,0.5199242794404024,-0.377890873793598,-0.2631387944258211,0.0,0.0
1.8049999999998567,-0.6916902146154105,-0.748667419618771,1.0839036610178303,-0.0008549232013039814,0.0,0.0,0.03929286724452019,-0.7716826470462586,1.424793935188359,0.9604063243852399,0.0,0.0,-0.6526026526291094,0.5203500666650305,-0.3791975962062173,-0.2595514011839576,0.0,0.0
1.8099999999998562,-0.6954160153500083,-0.7416597706509708,1.0839016970208777,7.399224249822282e-05,0.0,0.0,0.03541588833946247,-0.7790991546345079,1.4295847027792599,0.955897285151994,0.0,0.0,-0.6499998729894539,0.5207589252854801,-0.38048639980016574,-0.2559712773945143,0.0,0.0
1.8149999999998556,-0.6991068784036013,-0.7346921722899462,1.0839044462669183,0.001030378819871146,0.0,0.0,0.0315019694417828,-0.7864588467774047,1.4343528748073457,0.951368104482327,0.0,0.0,-0.6473950910381814,0.5211510190673526,-0.3817573210742922,-0.2523984833022201,0.0,0.0
1.819999999999855,-0.7027630014828508,-0.7277636113198573,1.083912046192705,0.0020142710410131653,0.0,0.0,0.02755139167499791,-0.7937628994539507,1.439098350630234,0.9468188058367617,0.0,0.0,-0.644788390192147,0.5215265107738096,-0.3830103968229671,-0.2488330768777969,0.0,0.0
1.8249999999998545,-0.7063845773057961,-0.720873105309437,1.083924634437736,0.0030257154250294535,0.0,0.0,0.0235644303627256,-0.8010124568406836,1.4438210296870486,0.942249398433085,0.0,0.0,-0.6421798530569292,0.5218855621501223,-0.384245664124813,-0.24527511385813633,0.0,0.0
1.829999999999854,-0.7099717937529034,-0.7140197014709005,1.0839423489033109,0.004064770109834627,0.0,0.0,0.01954135518485859,-0.8082086324382172,1.4485208114282957,0.9376598776766347,0.0,0.0,-0.6395695614319545,0.5222283339091192,-0.38546316033163536,-0.2417246477864913,0.0,0.0
1.8349999999998534,-0.713524834012537,-0.7072024755704852,1.0839653278097134,0.0051315044921594645,0.0,0.0,0.015482430328233633,-0.8153525101470315,1.4531975952478136,0.9330502255604656,0.0,0.0,-0.6369575963156959,0.5225549857175183,-0.38666292305755556,-0.238181730052647,0.0,0.0
1.8399999999998529,-0.7170438767211085,-0.7004205308880485,1.0839937097516634,0.006225998895966193,0.0,0.0,0.011387914632043236,-0.8224451452950761,1.457851280416651,0.9284204110370504,0.0,0.0,-0.6343440379109341,0.5228656761831266,-0.38784499016834334,-0.23464640993303856,0.0,0.0
1.8449999999998523,-0.7205290960981414,-0.693672997223296,1.0840276337521817,0.0073483442677002905,0.0,0.0,0.0072580617282247874,-0.8294875656195912,1.4624817660187397,0.9237703903630611,0.0,0.0,-0.631728965630083,0.5231605628428894,-0.38900939977095034,-0.23111873463078333,0.0,0.0
1.8499999999998518,-0.7239806620764779,-0.6869590299463681,1.0840672393149917,0.008498641896921054,0.0,0.0,0.003093120177050309,-0.8364807722054088,1.467088950888223,0.9191001074186559,0.0,0.0,-0.6291124581005721,0.5234398021517789,-0.3901561902032433,-0.2275987493155986,0.0,0.0
1.8549999999998512,-0.7273987404278458,-0.6802778090906411,1.0841126664755876,0.009677003160959423,0.0,0.0,-0.001106666401870907,-0.8434257403818577,1.4716727335483204,0.9144094940025951,0.0,0.0,-0.6264945931702831,0.5237035494725006,-0.39128540002393675,-0.22408649716357645,0.0,0.0
1.8599999999998507,-0.7307834928839908,-0.6736285384857194,1.0841640558510834,0.01088354929234994,0.0,0.0,-0.005341059202974925,-0.850323420580281,1.4762330121516114,0.9096984701044178,0.0,0.0,-0.6238754479130338,0.5239519590660026,-0.3923970680027237,-0.22058201939678995,0.0,0.0
1.86499999999985,-0.7341350772535699,-0.6670104449287265,1.0842215486889508,0.012118411167875485,0.0,0.0,-0.009609824112318782,-0.8571747391540375,1.480769684421625,0.9049669441548079,0.0,0.0,-0.6212550986341109,0.5241851840827664,-0.39349123311060435,-0.21708535532270554,0.0,0.0
1.8699999999998496,-0.7374536475349927,-0.6604227773920981,1.0842852869147572,0.013381729118148571,0.0,0.0,-0.013912731589166085,-0.8639805991627718,1.4852826475956256,0.900214813255209,0.0,0.0,-0.6186336208758407,0.5244033765548725,-0.3945679345104111,-0.21359654237337977,0.0,0.0
1.874999999999849,-0.7407393540253908,-0.6538648062661941,1.084355413178999,0.014673652756732339,0.0,0.0,-0.018249556551408048,-0.8707418811226111,1.4897717983685022,0.8954419633876642,0.0,0.0,-0.6160110894232005,0.5246066873888082,-0.39562721154752917,-0.21011561614441848,0.0,0.0
1.8799999999998485,-0.7439923434258828,-0.647335822635142,1.084432070903127,0.01599434082787857,0.0,0.0,-0.022620078264653672,-0.8774594437238671,1.4942370328376555,0.890648269605777,0.0,0.0,-0.613387578309463,0.5247952663590117,-0.3966691037408106,-0.20664261043367751,0.0,0.0
1.884999999999848,-0.747212758943299,-0.6408351375844091,1.084515404324858,0.017343961072029002,0.0,0.0,-0.027024080234830244,-0.8841341245177186,1.498678246448796,0.8858335962076368,0.0,0.0,-0.6107631608218702,0.5249692621021302,-0.3976936507736825,-0.20317755727968764,0.0,0.0
1.8899999999998474,-0.7504007403885203,-0.6343620815386992,1.0846055585428547,0.01872269010829079,0.0,0.0,-0.031461350104142624,-0.8907667405732697,1.5030953339425623,0.8809977968914741,0.0,0.0,-0.6081379095073365,0.5251288221119716,-0.39870089248544555,-0.1997204869997866,0.0,0.0
1.8949999999998468,-0.7535564242715798,-0.6279160036288355,1.0847026795608572,0.020130713333157607,0.0,0.0,-0.03593167955024651,-0.8973580891062979,1.5074881893018763,0.8761407148947618,0.0,0.0,-0.605511896178173,0.5252740927351359,-0.3996908688627624,-0.19627142822794105,0.0,0.0
1.8999999999998463,-0.7566799438936676,-0.6214962710863796,1.084806914331352,0.02156822483480413,0.0,0.0,-0.04043486418849721,-0.9039089480809261,1.5118567056999543,0.8712621831174194,0.0,0.0,-0.6028851919178343,0.5254052191673083,-0.4006636200313351,-0.19283040795224532,0.0,0.0
1.9049999999998457,-0.7597714294361773,-0.6151022686648028,1.084918410798844,0.023035427322335194,0.0,0.0,-0.04497070347714159,-0.9104200767853844,1.5162007754488955,0.8663620242297246,0.0,0.0,-0.6002578670866802,0.5255223454501899,-0.4016191862477688,-0.18939745155208182,0.0,0.0
1.9099999999998452,-0.7628310080469207,-0.6087333980860937,1.0850373179428183,0.02453253206942048,0.0,0.0,-0.04953900062532629,-0.9168922163829595,1.5205202899487726,0.8614400507654901,0.0,0.0,-0.5976299913277521,0.5256256144690565,-0.4025576078916202,-0.18597258283493276,0.0,0.0
1.9149999999998446,-0.7658588039236386,-0.6023890775117526,1.0851637858204464,0.02605975887179246,0.0,0.0,-0.054139562503800816,-0.9233260904391658,1.5248151396371536,0.8564960652010154,0.0,0.0,-0.5950016335725598,0.5257151679509219,-0.4034789254576293,-0.18255582407283,0.0,0.0
1.919999999999844,-0.7688549383949234,-0.5960687410371793,1.0852979656091215,0.02761733601813013,0.0,0.0,-0.058772199558199095,-0.9297224054261067,1.529085213938982,0.8515298600202823,0.0,0.0,-0.5923728620468766,0.5257911464632896,-0.40438317954813263,-0.17914719603843446,0.0,0.0
1.9249999999998435,-0.7718195299986728,-0.5897718382085242,1.0854400096488765,0.029205500273891974,0.0,0.0,-0.0634367257247877,-0.9360818512049474,1.5333304012167501,0.8465412177668206,0.0,0.0,-0.5897437442765383,0.5258536894134751,-0.4052704108656555,-0.17574671804073475,0.0,0.0
1.929999999999843,-0.7747526945581795,-0.5834978335611227,1.0855900714847524,0.030824496877701793,0.0,0.0,-0.06813295834857352,-0.9424051014873578,1.5375505887209016,0.8415299110826329,0.0,0.0,-0.5871143470932457,0.5259029350484841,-0.4061406602056828,-0.172354407960357,0.0,0.0
1.9349999999998424,-0.777654545255967,-0.5772462061786814,1.0857483059091826,0.03247457954992792,0.0,0.0,-0.07286071810366782,-0.9486928142767382,1.541745662540392,0.836495702734529,0.0,0.0,-0.5844847366403637,0.5259390204554231,-0.4069939684496039,-0.1689702822844792,0.0,0.0
1.9399999999998419,-0.7805251927054707,-0.571016449272444,1.085914869004446,0.034156010513132114,0.0,0.0,-0.07761982891580738,-0.9549456322899867,1.5459155075533564,0.8314383456281894,0.0,0.0,-0.5818549783787204,0.5259620815624335,-0.4078303765578321,-0.16559435614134377,0.0,0.0
1.9449999999998413,-0.783364745020664,-0.5648080697795956,1.0860899181852541,0.03586906052409796,0.0,0.0,-0.0824101178869374,-0.9611641833605258,1.5500600073778112,0.8263575828102407,0.0,0.0,-0.5792251370923969,0.5259722531401242,-0.40864992556309543,-0.16222664333436113,0.0,0.0
1.9499999999998407,-0.7861733078837221,-0.5586205879802275,1.086273612241526,0.03761400891718073,0.0,0.0,-0.08723141522176404,-0.9673490808232612,1.5541790443223413,0.8212531474585978,0.0,0.0,-0.5765952768945121,0.5259696688034916,-0.4094526565638971,-0.1588671563758009,0.0,0.0
1.9549999999998402,-0.788950984610817,-0.5524535371322049,1.086466111381406,0.039391143658751716,0.0,0.0,-0.09208355415618792,-0.9735009238821015,1.558272499336707,0.816124762861293,0.0,0.0,-0.5739654612329933,0.525954461014309,-0.41023861071814277,-0.15551590652006728,0.0,0.0
1.9599999999998396,-0.7916978762161286,-0.5463064631233403,1.086667577274584,0.041200761412538534,0.0,0.0,-0.09696637088753285,-0.9796202979606282,1.5623402519623197,0.8109721423839925,0.0,0.0,-0.5713357528963366,0.5259267610839711,-0.4110078292369338,-0.15217290379655346,0.0,0.0
1.964999999999839,-0.7944140814741607,-0.5401789241402998,1.0868781730959685,0.043043167615692275,0.0,0.0,-0.10187970450648695,-0.9857077750364691,1.566382180282525,0.8057949894263594,0.0,0.0,-0.5687062140193504,0.5258866991767712,-0.4117603533785233,-0.14883815704207395,0.0,0.0
1.9699999999998385,-0.7970996969804407,-0.5340704903537133,1.0870980635697631,0.04491867656543834,0.0,0.0,-0.10682339693067597,-0.9917639139598897,1.5703981608726405,0.8005929973674119,0.0,0.0,-0.5660769060888816,0.5258344043136061,-0.41249622444243356,-0.1455116739328721,0.0,0.0
1.974999999999838,-0.7997548172106845,-0.5279807436189937,1.0873274150140084,0.04682761151619484,0.0,0.0,-0.1117972928397911,-0.9977892607570843,1.5743880687496938,0.7953658494999856,0.0,0.0,-0.5634478899495227,0.525770004376081,-0.4132154837637322,-0.14219346101620223,0.0,0.0
1.9799999999998374,-0.8023795345785055,-0.5219092771923998,1.0875663953856305,0.04877030478706707,0.0,0.0,-0.11680123961219588,-1.0037843489186098,1.5783517773218048,0.7901132189543958,0.0,0.0,-0.5608192258092971,0.525693626111012,-0.41391817270746545,-0.13888352374148455,0.0,0.0
1.984999999999837,-0.8049739394917382,-0.5158556954619173,1.0878151743260551,0.05074709787965146,0.0,0.0,-0.12183508726293915,-1.0097496996733812,1.5822891583371608,0.7848347686113614,0.0,0.0,-0.5581909732453212,0.5256053951353006,-0.414604332663246,-0.1355818664910344,0.0,0.0
1.9899999999998363,-0.8075381204074553,-0.5098196136925623,1.0880739232074352,0.052758341606106214,0.0,0.0,-0.12689868838310253,-1.0156858222486103,1.5862000818325277,0.7795301510042365,0.0,0.0,-0.5555631912094409,0.5255054359411747,-0.41527400503999323,-0.13228849261036427,0.0,0.0
1.9949999999998358,-0.8100721638857447,-0.5038006577857315,1.0883428151795467,0.05480439622746892,0.0,0.0,-0.13199189808041326,-1.021593214116039,1.590084416081247,0.7741990082105705,0.0,0.0,-0.5529359380338409,0.5253938719017729,-0.41592723126082415,-0.12900340443806124,0.0,0.0
1.9999999999998352,-0.8125761546423184,-0.49779846405227324,1.088622025217398,0.05688563160222474,0.0,0.0,-0.13711457392105444,-1.027472361224791,1.5939420275406642,0.7688409717329936,0.0,0.0,-0.5503092714366259,0.5252708252770668,-0.4165640527580925,-0.12572660333524022,0.0,0.0
2.004999999999837,-0.8150501756000205,-0.49181267899896264,1.0889117301696116,0.05900242734515017,0.0,0.0,-0.1422665758726072,-1.033323738221137,1.5977727807989321,0.7634556623694033,0.0,0.0,-0.5476832485273708,0.5251364172201026,-0.41718451096857434,-0.12245808971457506,0.0,0.0
2.0099999999998386,-0.8174943079393004,-0.4858429591281025,1.0892121088076232,0.061155172996480614,0.0,0.0,-0.1474477662480589,-1.0391478086554444,1.601576538521144,0.7580426900724079,0.0,0.0,-0.5450579258126389,0.52499076778355,-0.41778864732879767,-0.11919786306891009,0.0,0.0
2.0149999999998403,-0.8199086311477162,-0.4798889707499977,1.0895233418757537,0.06334426820147081,0.0,0.0,-0.15265800965081497,-1.0449450251765446,1.6053531613947292,0.7526016537979626,0.0,0.0,-0.5424333592014672,0.5248339959265454,-0.41837650327051346,-0.11594592199945496,0.0,0.0
2.019999999999842,-0.8222932230685311,-0.47395038980807624,1.0898456121422058,0.06557012290043926,0.0,0.0,-0.15789717292065136,-1.0507158297137391,1.6091025080740713,0.7471321413431039,0.0,0.0,-0.5398096040108159,0.5246662195218179,-0.4189481202163073,-0.11270226424356505,0.0,0.0
2.0249999999998436,-0.8246481599484694,-0.4680269017164552,1.0901791044510336,0.06783315752940923,0.0,0.0,-0.16316512508054673,-1.0564606536466266,1.6128244351242849,0.7416337291726808,0.0,0.0,-0.5371867149709821,0.5244875553630838,-0.41950353957534897,-0.1094668867021121,0.0,0.0
2.0299999999998453,-0.8269735164846882,-0.46211820120978153,1.0905240057751482,0.07013380323147984,0.0,0.0,-0.16846173728433342,-1.0621799179629152,1.6165187969640988,0.7361059822349466,0.0,0.0,-0.5345647462309767,0.5242981191726989,-0.4200428027392775,-0.1062397854664483,0.0,0.0
2.034999999999847,-0.8292693658710302,-0.4562239922051948,1.090880505270403,0.07247250207908318,0.0,0.0,-0.17378688276510793,-1.0678740334043588,1.6201854458077862,0.7305484537658631,0.0,0.0,-0.5319437513638602,0.5240980256095558,-0.4205659510782199,-0.10302095584496795,0.0,0.0
2.0399999999998486,-0.8315357798436159,-0.45034398767629247,1.091248794330818,0.07484970730730361,0.0,0.0,-0.17914043678434152,-1.0735434006009223,1.623824231606094,0.7249606850819462,0.0,0.0,-0.5293237833720408,0.5238873882772169,-0.42107302593694235,-0.09981039238927139,0.0,0.0
2.0449999999998503,-0.8337728287258359,-0.444477909538999,1.0916290666450001,0.07726588355845847,0.0,0.0,-0.18452227658163245,-1.0791884101932687,1.6274350019860995,0.719342205361456,0.0,0.0,-0.5267048946925297,0.5236663197322697,-0.4215640686311303,-0.09660808891993632,0.0,0.0
2.049999999999852,-0.8359805814728014,-0.4386254885492667,1.0920215182538155,0.07972150713816005,0.0,0.0,-0.1899322813250415,-1.0848094429436248,1.6310176021899514,0.7136925314137194,0.0,0.0,-0.5240871372021553,0.5234349314928936,-0.42203912044379754,-0.09341403855190096,0.0,0.0
2.0549999999998536,-0.8381591057153127,-0.43278646421256217,1.0924263476093699,0.08221706628310188,0.0,0.0,-0.19537033206195306,-1.0904068698350646,1.6345718750124205,0.7080111674363417,0.0,0.0,-0.5214705622227325,0.523193334047629,-0.42249822262182035,-0.09022823371946498,0.0,0.0
2.0599999999998553,-0.8403084678034056,-0.42696058470511766,1.0928437556353565,0.08475306144083379,0.0,0.0,-0.2008363116704034,-1.0959810521592184,1.6380976607372093,0.7022976047600582,0.0,0.0,-0.5188552205261893,0.5229416368643377,-0.4229414163725961,-0.08705066620091363,0.0,0.0
2.064999999999857,-0.8424287328495328,-0.42114760680695024,1.0932739457888383,0.0873300055618149,0.0,0.0,-0.20633010481081868,-1.1015323415923945,1.6415947970719549,0.6965513215809342,0.0,0.0,-0.5162411623396469,0.5226799483993464,-0.42336874286082377,-0.08388132714277059,0.0,0.0
2.0699999999998586,-0.8445199647714389,-0.4153472958466826,1.093717124123517,0.08994842440405434,0.0,0.0,-0.2118515978781048,-1.1070610802600724,1.6450631190818574,0.6907717826796109,0.0,0.0,-0.5136284373504547,0.5224083761067569,-0.4237802432054054,-0.08072020708368625,0.0,0.0
2.0749999999998603,-0.8465822263347909,-0.4095594256582193,1.09417349935456,0.09260885685067687,0.0,0.0,-0.21740067895402987,-1.1125676007897038,1.6485024591218747,0.6849584391272696,0.0,0.0,-0.5110170947111775,0.5221270264479242,-0.4241759584764656,-0.07756729597796752,0.0,0.0
2.079999999999862,-0.8486155791956214,-0.40378377854936526,1.094643282925045,0.09531185524077215,0.0,0.0,-0.22297723775984182,-1.1180522263517176,1.651912646767411,0.6791107279779617,0.0,0.0,-0.508407183044535,0.5218360049010842,-0.4245559296924875,-0.07442258321875492,0.0,0.0
2.0849999999998636,-0.8506200839426432,-0.39802014528249796,1.0951266890740987,0.09805798571391312,0.0,0.0,-0.22858116560906122,-1.1235152706886264,1.6552935087434344,0.673228071946921,0.0,0.0,-0.5057987504482939,0.5215354159711254,-0.42492019781756474,-0.07128605766085525,0.0,0.0
2.0899999999998653,-0.852595800139501,-0.39226832506743226,1.095623934906787,0.10084782856875486,0.0,0.0,-0.23421235536038923,-1.1289570381320642,1.6586448688519473,0.6673098790744585,0.0,0.0,-0.5031918445001083,0.5212253631994976,-0.4252688037587657,-0.06815770764323445,0.0,0.0
2.094999999999867,-0.8545427863670141,-0.38652812556664706,1.096135240465838,0.10368197863615218,0.0,0.0,-0.2398707013706706,-1.134377823607597,1.661966547897741,0.661355542375007,0.0,0.0,-0.5005865122623137,0.5209059491742458,-0.4256017883636101,-0.06503752101118003,0.0,0.0
2.0999999999998686,-0.8564611002654815,-0.3807993629130754,1.0966608288052668,0.10656104566726106,0.0,0.0,-0.24555609944784962,-1.139777912627086,1.6652583636123575,0.6553644394708565,0.0,0.0,-0.49798280028666725,0.5205772755401626,-0.4259191924176554,-0.06192548513813857,0.0,0.0
2.1049999999998703,-0.8583507985771026,-0.3750818617406838,1.0972009260659787,0.1094856547371191,0.0,0.0,-0.2512684468038562,-1.1451575812683679,1.6685201305761814,0.6493359322100964,0.0,0.0,-0.4953807546190395,0.5202394430090532,-0.4262210566421914,-0.05882158694723639,0.0,0.0
2.109999999999872,-0.8602119371885875,-0.3693754552281061,1.0977557615534317,0.11245644666422898,0.0,0.0,-0.2570076420073581,-1.1505170961419928,1.6717516601385787,0.6432693662682407,0.0,0.0,-0.4927804208040527,0.5198925513701002,-0.42650742169204164,-0.055725812932490376,0.0,0.0
2.1149999999998736,-0.8620445711740161,-0.3636799851556275,1.0983255678174357,0.11547407844670028,0.0,0.0,-0.26277358493631403,-1.1558567143446985,1.6749527603360035,0.6371640707329966,0.0,0.0,-0.490181843889668,0.5195366995003279,-0.42677832815347067,-0.05263814917971722,0.0,0.0
2.1199999999998753,-0.8638487548380179,-0.3579953019758473,1.0989105807341777,0.11853922371553699,0.0,0.0,-0.26856617673025995,-1.1611766833993002,1.678123235807985,0.6310193576715909,0.0,0.0,-0.48758506843172,0.5191719853751494,-0.42703381654219424,-0.049558581387148117,0.0,0.0
2.124999999999877,-0.865624541759339,-0.3523212648983863,1.0995110395905547,0.12165257320569195,0.0,0.0,-0.2743853197422604,-1.166477241180611,1.6812628877109057,0.6248345216800448,0.0,0.0,-0.4849901384983984,0.518798506078999,-0.4272739273014925,-0.04648709488575718,0.0,0.0
2.1299999999998787,-0.8673719848348684,-0.34665774198904736,1.100127187170911,0.12481483524554368,0.0,0.0,-0.28023091749045353,-1.1717586158269866,1.6843715136294812,0.6186088394137476,0.0,0.0,-0.4823970976746757,0.5184163578160365,-0.42749870080042424,-0.04342367465931132,0.0,0.0
2.1349999999998803,-0.8690911363241984,-0.34100461028386925,1.1007592698462672,0.12802673626548863,0.0,0.0,-0.28610287460911715,-1.1770210256370448,1.6874489074858408,0.6123415690986409,0.0,0.0,-0.4798059890666821,0.5180256359209174,-0.42770817733213984,-0.04036830536414986,0.0,0.0
2.139999999999882,-0.870782047894792,-0.3353617559185625,1.1014075376661423,0.13128902132637882,0.0,0.0,-0.2920010967991799,-1.1822646789510611,1.6904948594461193,0.6060319500223021,0.0,0.0,-0.47721685530602587,0.5176264348696278,-0.42790239711229366,-0.03732097134870157,0.0,0.0
2.1449999999998837,-0.8724447706678379,-0.3297290742738564,1.1020722444530715,0.13460245466857548,0.0,0.0,-0.29792549077810065,-1.187489774016509,1.6935091558244493,0.5996792020041518,0.0,0.0,-0.4746297385540594,0.517218848290369,-0.4280814002775523,-0.03428165667274799,0.0,0.0
2.1499999999998853,-0.8740793552648738,-0.3241064701373356,1.1027536478999191,0.13796782028243101,0.0,0.0,-0.3038759642290337,-1.1926964988371547,1.6964915789842487,0.5932825248439892,0.0,0.0,-0.47204468050609055,0.5168029689744931,-0.4282452268841993,-0.03125034512644098,0.0,0.0
2.154999999999887,-0.8756858518552594,-0.3184938578823902,1.1034520096701015,0.141385922501055,0.0,0.0,-0.3098524257491984,-1.1978850310050857,1.6994419072367006,0.5868410977480073,0.0,0.0,-0.46946172239554035,0.5163788888874786,-0.4283939169068337,-0.028227020249082767,0.0,0.0
2.1599999999998887,-0.8772643102045906,-0.3128911616649581,1.1041675955008303,0.14485758661626577,0.0,0.0,-0.3158547847973637,-1.203055537514983,1.7023599147363007,0.5803540787313911,0.0,0.0,-0.4668809049980439,0.5159466991799433,-0.42852751023716257,-0.025211665347677555,0.0,0.0
2.1649999999998903,-0.8788147797241422,-0.3072983156387932,1.104900675309496,0.14838365951867785,0.0,0.0,-0.3218829516403585,-1.208208174559891,1.7052453713733577,0.573820603996564,0.0,0.0,-0.4643022686354975,0.5155064901986863,-0.4286460466828854,-0.022204263515262647,0.0,0.0
2.169999999999892,-0.8803373095214344,-0.30171526419004935,1.1056515233033146,0.15196501036292573,0.0,0.0,-0.3279368372985137,-1.2133430873077038,1.7080980426633232,0.567239787286082,0.0,0.0,-0.46172585318005005,0.5150583514977561,-0.4287495659666695,-0.019204797649028202,0.0,0.0
2.1749999999998937,-0.8818319484520237,-0.2961419621920335,1.1064204180923636,0.15560253125907614,0.0,0.0,-0.3340163534899352,-1.2184604096574987,1.7109176896328204,0.5606107192091375,0.0,0.0,-0.4591516980580392,0.5146023718495347,-0.42883810772521574,-0.01621325046823399,0.0,0.0
2.1799999999998954,-0.8832987451726187,-0.290578375281047,1.1072076428061448,0.15929713799134004,0.0,0.0,-0.34012141257350775,-1.2235602639747891,1.7137040687022365,0.5539324665405722,0.0,0.0,-0.45657984225387144,0.5141386392558387,-0.4289117115084133,-0.013229604531932178,0.0,0.0
2.184999999999897,-0.8847377481956304,-0.28502448015430504,1.1080134852138115,0.16304977076525065,0.0,0.0,-0.3462519274905193,-1.2286427608047177,1.716456931564739,0.5472040714912344,0.0,0.0,-0.4540103243138482,0.5136672409590259,-0.4289704167785826,-0.010253842256504957,0.0,0.0
2.1899999999998987,-0.8861490059452691,-0.2794802648909963,1.1088382378482022,0.16686139498453798,0.0,0.0,-0.3524078117047946,-1.2337079985621064,1.719176025061571,0.5404245509484683,0.0,0.0,-0.45144318234993425,0.5131882634531062,-0.42901426290980516,-0.007285945933025758,0.0,0.0
2.1949999999999004,-0.8875325668153073,-0.2739457292976272,1.10968219813384,0.17073300205899436,0.0,0.0,-0.3585889791412184,-1.238756063197218,1.7218610910534686,0.5335928956854391,0.0,0.0,-0.44887845404347215,0.5127017924948493,-0.4290432891873406,-0.004325897744453286,0.0,0.0
2.199999999999902,-0.8888884792286323,-0.26842088527888097,1.110545668519048,0.174665610244694,0.0,0.0,-0.36479534412252473,-1.2437870278360004,1.724511866288048,0.5267080695379536,0.0,0.0,-0.44631617664884077,0.5122079131148852,-0.42905753480712816,-0.0013736797826672275,0.0,0.0
2.2049999999999037,-0.8902167916987196,-0.26290575723530796,1.1114289566123516,0.17866026551800246,0.0,0.0,-0.3710268213042198,-1.248800952393481,1.72712808226299,0.5197690085473327,0.0,0.0,-0.44375638699705816,0.511706709628792,-0.42905703887537394,0.0015707259346451454,0.0,0.0
2.2099999999999054,-0.891517552893165,-0.25740038248926594,1.1123323753233387,0.18271804248488605,0.0,0.0,-0.37728332560750333,-1.2537978831588994,1.7297094650848501,0.5127746200678518,0.0,0.0,-0.4411991214993293,0.5111982656481678,-0.4290418404082218,0.004507337447242405,0.0,0.0
2.214999999999907,-0.8927908116994192,-0.2519048117406337,1.1132562430081558,0.1868400453271152,0.0,0.0,-0.38356477215004064,-1.25877785235104,1.732255735323319,0.5057237818371522,0.0,0.0,-0.43864441615053784,0.510682664091676,-0.4290119783315077,0.007436172835713125,0.0,0.0
2.2199999999999087,-0.89403661729288,-0.24641910955392524,1.1142008836198318,0.19102740878703467,0.0,0.0,-0.38987107617443384,-1.26374087764214,1.734766607860732,0.4986153410079642,0.0,0.0,-0.4360923065326838,0.5101599871960676,-0.42896749148059676,0.010357250204981542,0.0,0.0
2.2249999999999104,-0.895255019207502,-0.2409433548785629,1.1151666268636278,0.1952812991926695,0.0,0.0,-0.3962021529742302,-1.2686869616486023,1.7372417917366414,0.4914481131393856,0.0,0.0,-0.4335428278182655,0.5096303165271681,-0.4289084186003028,0.013270587667925353,0.0,0.0
2.229999999999912,-0.8964460674090933,-0.23547764160418747,1.116153808357616,0.19960291552502393,0.0,0.0,-0.4025579178172978,-1.2736160913866372,1.7396809899872399,0.48422088114586026,0.0,0.0,-0.43099601477360644,0.5090937329908278,-0.428834798344889,0.016176203329096268,0.0,0.0
2.2349999999999137,-0.8976098123714822,-0.23002207915302403,1.1171627697987,0.20399349052953344,0.0,0.0,-0.40893828586638686,-1.2785282376908036,1.742083899479417,0.4769323942019132,0.0,0.0,-0.4284519017621284,0.5085503168438306,-0.4287466692781504,0.019074115268533823,0.0,0.0
2.2399999999999154,-0.898746305155741,-0.22457679311147277,1.1181938591343157,0.20845429187373418,0.0,0.0,-0.415343172096687,-1.283423354593277,1.7444502107392277,0.46958136660058336,0.0,0.0,-0.4259105227475693,0.5080001477047523,-0.42864406987357634,0.021964341525663005,0.0,0.0
2.244999999999917,-0.8998555974926727,-0.2191419259032495,1.119247430740033,0.21298662335332386,0.0,0.0,-0.42177249121017735,-1.2883013786615172,1.746779607774528,0.46216647656339055,0.0,0.0,-0.42337191129714724,0.507443304564769,-0.4285270385145939,0.024846900083266066,0.0,0.0
2.2499999999999187,-0.9009377418687702,-0.21371763750657743,1.1203238456033182,0.21759182614890826,0.0,0.0,-0.42822615754655663,-1.293162228291829,1.7490717678915404,0.4546863649995535,0.0,0.0,-0.4208361005846707,0.5068798657984085,-0.4283956134948909,0.027721808851518853,0.0,0.0
2.2549999999999204,-0.9019927916158782,-0.20830410621811005,1.1214234715137081,0.22227128013584735,0.0,0.0,-0.4347040849905244,-1.2980058029561214,1.751326361505079,0.44713963421205116,0.0,0.0,-0.41830312339359466,0.5063099091742334,-0.4282498330188193,0.030589085652082088,0.0,0.0
2.259999999999922,-0.9030208010047988,-0.20290152946647086,1.1225466832596753,0.22702640524974957,0.0,0.0,-0.4412061868751737,-1.302831982398989,1.7535430519421689,0.4395248465479932,0.0,0.0,-0.4157730121200245,0.5057335118654628,-0.42808973520187643,0.03344874820223775,0.0,0.0
2.2649999999999237,-0.9040218253430924,-0.19751012467850648,1.1236938628324622,0.23185866291029883,0.0,0.0,-0.4477323758812386,-1.307640625782004,1.7557214952387727,0.4318405229906207,0.0,0.0,-0.413245798775666,0.5051507504605136,-0.4279153580712671,0.03630081409906079,0.0,0.0
2.2699999999999254,-0.9049959210773508,-0.19213013020158182,1.1248653996371878,0.2367695575062453,0.0,0.0,-0.4542825639319235,-1.3124315707718832,1.7578613399293241,0.4240851416901187,0.0,0.0,-0.41072151499072274,0.5045617009734683,-0.4277267395665444,0.03914530080361627,0.0,0.0
2.274999999999927,-0.9059431459002281,-0.18676180628549932,1.1260616907115386,0.24176063794454622,0.0,0.0,-0.46085666208302667,-1.3172046325689517,1.7599622268287571,0.41625713643026213,0.0,0.0,-0.4082001920167426,0.5039664388544541,-0.4275239175403283,0.04198222562517201,0.0,0.0
2.2799999999999288,-0.9068635588625383,-0.18140543612789065,1.12728314095237,0.24683349926680603,0.0,0.0,-0.46745458040804805,-1.321959602872038,1.762023788806703,0.4083548950277576,0.0,0.0,-0.4056818607294109,0.5033650389999308,-0.4273069297591054,0.044811605705416764,0.0,0.0
2.2849999999999304,-0.9077572204907484,-0.1760613269872252,1.128530163350568,0.2519897843363366,0.0,0.0,-0.47407622787795484,-1.326696248775657,1.7640456505535047,0.40037675766096986,0.0,0.0,-0.40316655163129406,0.5027575757628843,-0.42707581390410476,0.047633458002674,0.0,0.0
2.289999999999932,-0.9086241929102123,-0.17072981136789397,1.129803179234526,0.2572311855993429,0.0,0.0,-0.4807215122352538,-1.3314143115950168,1.7660274283376973,0.39232101512453693,0.0,0.0,-0.400654294854531,0.5021441229629122,-0.4268306075722557,0.05044779927610084,0.0,0.0
2.2949999999999338,-0.9094645399745227,-0.1654112482821708,1.1311026185226265,0.2625594469239295,0.0,0.0,-0.48739033986199853,-1.3361135056140325,1.7679687297545628,0.3841859070061887,0.0,0.0,-0.39814512016347575,0.5015247538962053,-0.4265713482772221,0.053254646069862376,0.0,0.0
2.2999999999999354,-0.9102783274013738,-0.16010602459422502,1.1324289199851143,0.26797636552083054,0.0,0.0,-0.49408261564133404,-1.340793516751179,1.7698691534653705,0.37596961978187904,0.0,0.0,-0.3956390569572891,0.5008995413454062,-0.42629807345051746,0.05605401469727098,0.0,0.0
2.304999999999937,-0.9110656229153618,-0.15481455645175873,1.1337825315157886,0.27348379394997746,0.0,0.0,-0.5007982428121529,-1.3454540011375873,1.771728288926878,0.36767028482512265,0.0,0.0,-0.3931361342724823,0.5002685575893482,-0.42601082044269906,0.05884592122488015,0.0,0.0
2.3099999999999388,-0.9118264963981738,-0.1495372908112817,1.135163910413953,0.279083642217249,0.0,0.0,-0.5075371228164107,-1.350094583601377,1.773545716110656,0.3592859763262083,0.0,0.0,-0.3906363807854121,0.49963187441266177,-0.4257096265246412,0.06163038145652293,0.0,0.0
2.3149999999999404,-0.9125610200466533,-0.14427470706350795,1.1365735236770813,0.28477787996598625,0.0,0.0,-0.5142991551386159,-1.3547148560517295,1.7753210052117754,0.35081470911670987,0.0,0.0,-0.38813982481472786,0.49898956311524056,-0.42539452888888896,0.06440741091728412,0.0,0.0
2.319999999999942,-0.9132692685392527,-0.13902731876587213,1.1380118483046904,0.29056853876811195,0.0,0.0,-0.5210842371369726,-1.359314375755686,1.7770537163463702,0.3422544363944721,0.0,0.0,-0.3856464943237721,0.49834169452156185,-0.4250655646510927,0.06717702483739629,0.0,0.0
2.324999999999944,-0.9139513192114365,-0.13379567548972457,1.139479371613926,0.29645771451995795,0.0,0.0,-0.527892263865627,-1.3638926635001218,1.7787433992375636,0.3336030473439737,0.0,0.0,-0.3831564169229342,0.4976883389898498,-0.4247227708515218,0.06993923813604852,0.0,0.0
2.3299999999999454,-0.9146072522406208,-0.12858036479036777,1.140976591567403,0.30244756994819005,0.0,0.0,-0.5347231278874174,-1.3684492016307046,1.780389592889226,0.3248583646466923,0.0,0.0,-0.38066961987195935,0.49702956642107565,-0.4243661844566614,0.07269406540509801,0.0,0.0
2.334999999999947,-0.915237150841291,-0.1233820143087614,1.1425040171138596,0.3085403372315142,0.0,0.0,-0.5415767190764939,-1.3729834319590164,1.7819918252469973,0.31601814187579286,0.0,0.0,-0.37818613008221286,0.4963654462677813,-0.4239958423608898,0.07544152089267349,0.0,0.0
2.339999999999949,-0.9158411014709731,-0.11820129401444035,1.1440621685422243,0.31473832074416586,0.0,0.0,-0.5484529244101245,-1.3774947535282769,1.783549612845981,0.3070800607691545,0.0,0.0,-0.3757059741189004,0.49569604754272056,-0.42361178138823774,0.07818161848666014,0.0,0.0
2.3449999999999505,-0.9164191940477969,-0.11303891859997478,1.1456515778497147,0.3210438999275138,0.0,0.0,-0.5553516277489552,-1.381982520227326,1.7850624604444847,0.29804172837441195,0.0,0.0,-0.37322917820324575,0.49502143882730476,-0.42321403829423204,0.08091437169805508,0.0,0.0
2.349999999999952,-0.9169715221804338,-0.1078956500381557,1.147272789124633,0.3274595322964542,0.0,0.0,-0.5622727096049374,-1.3864460382416819,1.7865298606431557,0.2889006740593431,0.0,0.0,-0.3707557682146267,0.49434168827984193,-0.42280264976782145,0.0836397936441835,0.0,0.0
2.354999999999954,-0.9174981834112488,-0.10277230031402224,1.1489263589445404,0.3339877565876445,0.0,0.0,-0.5692160468960782,-1.3908845633295324,1.7879512934888138,0.2796543463805725,0.0,0.0,-0.36828576969267063,0.4936568636435586,-0.42237765243338743,0.08635789703176375,0.0,0.0
2.3599999999999555,-0.9179992794735802,-0.09766973434486413,1.1506128567905463,0.3406311960570025,0.0,0.0,-0.5761815126871066,-1.3952972979095237,1.7893262260622602,0.2703001098031663,0.0,0.0,-0.36581920783931043,0.4929670322543917,-0.42193908285283965,0.0890686941398118,0.0,0.0
2.364999999999957,-0.9184749165641171,-0.09258887310244428,1.1523328654784706,0.34739256193430545,0.0,0.0,-0.5831689759150783,-1.3996833879460868,1.7906541120492938,0.2608352412633009,0.0,0.0,-0.3633561075208018,0.49227226104853467,-0.421486977527798,0.091772196802374,0.0,0.0
2.369999999999959,-0.9189252056314252,-0.0875306969529029,1.1540869816076926,0.3542746570431451,0.0,0.0,-0.5901783010988685,-1.4040419196168223,1.791934391294134,0.25125692656575793,0.0,0.0,-0.3608964932697035,0.49157261656972884,-0.4210213729018605,0.09446841639107743,0.0,0.0
2.3749999999999605,-0.9193502626817516,-0.08249624923113301,1.1558758160285276,0.3612803795949325,0.0,0.0,-0.5972093480314236,-1.4083719157451426,1.7931664893343975,0.24156225660756034,0.0,0.0,-0.35844038928682215,0.4908681649762794,-0.42054230536295967,0.09715736379748763,0.0,0.0
2.379999999999962,-0.9197502091033244,-0.0774866400678724,1.157699994329031,0.3684127271661145,0.0,0.0,-0.6042619714535504,-1.4126723319799064,1.7943498169167416,0.23174822341860238,0.0,0.0,-0.3559878194431224,0.4901589720477834,-0.4200498112458074,0.09983904941526354,0.0,0.0
2.384999999999964,-0.9201251720104614,-0.07250305048935192,1.1595601573421637,0.37567480086823846,0.0,0.0,-0.6113360207079315,-1.4169420527021954,1.795483769492231,0.22181171600964342,0.0,0.0,-0.3535388072816043,0.489445103191552,-0.4195439268344296,0.1025134831220985,0.0,0.0
2.3899999999999655,-0.9204752846089016,-0.06754673681108683,1.16145696167431,0.38306980972100196,0.0,0.0,-0.618431339371946,-1.4211798866376177,1.7965677266904463,0.21174951601754022,0.0,0.0,-0.35109337601914925,0.4887266234487088,-0.4190246883647914,0.10518067426143829,0.0,0.0
2.394999999999967,-0.9208006865838901,-0.06261903534931498,1.163391080256195,0.3906010752389427,0.0,0.0,-0.62554776486777,-1.4253845621506258,1.7976010517712837,0.20155829313707294,0.0,0.0,-0.34865154854833663,0.48800359749994526,-0.41849213202751456,0.10784063162396493,0.0,0.0
2.399999999999969,-0.9211015245126672,-0.05772136747569005,1.165363202917288,0.39827203624295554,0.0,0.0,-0.6326851280480973,-1.4295547221952165,1.7985830910533642,0.1912346003281876,0.0,0.0,-0.34621334743923227,0.48727608967091185,-0.4179462939706883,0.11049336342883768,0.0,0.0
2.4049999999999705,-0.9213779523031455,-0.05285524504314934,1.167374036984851,0.4060862539083709,0.0,0.0,-0.6398432527557009,-1.4336889188940691,1.7995131733178868,0.18077486878692925,0.0,0.0,-0.3437787949411505,0.48654416393722383,-0.4173872103027743,0.11313887730468075,0.0,0.0
2.409999999999972,-0.9216301316607076,-0.0480222762134177,1.169424307908846,0.4140474170618921,0.0,0.0,-0.6470219553548957,-1.4377856077156344,1.8003906091867248,0.17017540266777986,0.0,0.0,-0.34134791298439343,0.4858078839290573,-0.41681491709560753,0.11577718027030902,0.0,0.0
2.414999999999974,-0.9218582325852147,-0.043224171719403785,1.1715147599139735,0.4221593477402543,0.0,0.0,-0.6542210442328151,-1.441843141215904,1.801214690473484,0.15943237354454443,0.0,0.0,-0.3389207231819668,0.4850673129353128,-0.4162294503874936,0.11840827871518231,0.0,0.0
2.4199999999999755,-0.9220624339004869,-0.03846275159882413,1.1736461566801863,0.43042600702404465,0.0,0.0,-0.6614403192682322,-1.4458597623084866,1.801984689506183,0.14854181459635626,0.0,0.0,-0.33649724683127774,0.48432251390731557,-0.41563084618640544,0.12103217837958023,0.0,0.0
2.424999999999977,-0.9222429238187133,-0.033739952438781556,1.1758192820530937,0.43885150116069793,0.0,0.0,-0.6686795712654702,-1.4498335970232419,1.8026998584201495,0.1374996145047939,0.0,0.0,-0.3340775049158134,0.48357354946202863,-0.4150191404732791,0.12364888433448926,0.0,0.0
2.429999999999979,-0.9223999005424509,-0.029057835174763475,1.1780349407857273,0.44744008799124746,0.0,0.0,-0.6759385813507395,-1.453762646709976,1.8033594284196486,0.1263015110475393,0.0,0.0,-0.33166151810680655,0.4828204818847448,-0.41439436920541145,0.12625840096119437,0.0,0.0
2.4349999999999805,-0.9225335729071021,-0.02441859349165207,1.1802939593132347,0.4561961836959625,0.0,0.0,-0.6832171203280066,-1.457644779639568,1.8039626090066896,0.11494308437344994,0.0,0.0,-0.329249306764888,0.48206337313122566,-0.4137565683199601,0.1288607319305687,0.0,0.0
2.439999999999982,-0.9226441610670105,-0.01982456287889487,1.1825971865621316,0.46512436987453243,0.0,0.0,-0.6905149479912558,-1.4614777219503536,1.8045085871753797,0.10341974994339367,0.0,0.0,-0.3268408909417306,0.48130228482925363,-0.4131057737375476,0.13145588018205495,0.0,0.0
2.444999999999984,-0.9227318972285844,-0.015278230397018621,1.1849454947958236,0.47422940097694355,0.0,0.0,-0.6978318123897267,-1.4652590478825345,1.8049965265701122,0.09172675112070419,0.0,0.0,-0.3244362903816857,0.4805372782795581,-0.41244202136597213,0.13404384790233315,0.0,0.0
2.4499999999999855,-0.9227970264341607,-0.010782245218237974,1.1873397804981913,0.48351621210163015,0.0,0.0,-0.7051674490424179,-1.4689861692378323,1.805425566605797,0.0798591513946803,0.0,0.0,-0.3220355245234181,0.4797684144560759,-0.41176534710402524,0.13662463650367043,0.0,0.0
2.454999999999987,-0.9228398074006485,-0.0063394300100730674,1.189780965297125,0.49298992717784207,0.0,0.0,-0.7125215800978073,-1.4726563239954238,1.805794821548257,0.06781182622018916,0.0,0.0,-0.3196386125015409,0.4789957540055031,-0.4110757868454189,0.13919824660194943,0.0,0.0
2.459999999999989,-0.922860513417354,-0.0019527932377154445,1.19226999692996,0.5026558675494396,0.0,0.0,-0.7198939134343888,-1.4762665640083708,1.8061033795528256,0.05557945445616665,0.0,0.0,-0.31724557314825386,0.47821935724609205,-0.4103733764828226,0.14176467799437428,0.0,0.0
2.4649999999999905,-0.9228594333077853,0.002374457531553372,1.1948078502528774,0.5125195609774642,0.0,0.0,-0.7272841416972206,-1.479813741697191,1.8063503016590985,0.04315650938566438,0.0,0.0,-0.3148564249949907,0.47743928416564335,-0.40965815191201344,0.14432392963685192,0.0,0.0
2.469999999999992,-0.9228368724606728,0.0066389012301947105,1.1973955282963975,0.5225867510788199,0.0,0.0,-0.7346919412652458,-1.4832944956488283,1.8065346207397042,0.030537249300108302,0.0,0.0,-0.312471186274078,0.47665559441863947,-0.40893014903613983,0.1468759996210523,0.0,0.0
2.474999999999994,-0.9227931539359218,0.01083688769748713,1.2000340633691908,0.5328634072181859,0.0,0.0,-0.742116971143664,-1.4867052350199454,1.806655340400871,0.017715707630647184,0.0,0.0,-0.31008987492041096,0.47586834732246336,-0.4081894037701004,0.14942088515114746,0.0,0.0
2.4799999999999955,-0.9227286196517461,0.014964520780485909,1.20272451821252,0.543355734869811,0.0,0.0,-0.7495588717751004,-1.4900421226331206,1.8067114338324823,0.004685682609932112,0.0,0.0,-0.30771250857315013,0.4750776018526397,-0.40743595204504074,0.15195858252023742,0.0,0.0
2.484999999999997,-0.9226436316598144,0.019017640006010333,1.2054679872076954,0.5540701864650706,0.0,0.0,-0.7570172637627374,-1.493301056643038,1.8067018426052341,-0.00855927355155928,0.0,0.0,-0.30533910457744495,0.47428341663703283,-0.40666982981296806,0.15448908708646927,0.0,0.0
2.489999999999999,-0.9225385735158866,0.022991800688008355,1.2082655976390173,0.5650134727405076,0.0,0.0,-0.7644917464979211,-1.4964776506369324,1.8066254754124307,-0.022025865989386526,0.0,0.0,-0.3029696799861888,0.47348584994892917,-0.40589107305148625,0.15701239324885946,0.0,0.0
2.4950000000000006,-0.9224138517541342,0.026882252320407845,1.2111185110147327,0.5761925745994547,0.0,0.0,-0.7719818966840506,-1.4995672120193324,1.8064812067538816,-0.03572106902230739,0.0,0.0,-0.30060425156181153,0.472684959698929,-0.40509971776865283,0.15952849442283337,0.0,0.0
2.500000000000002,-0.9222698974741215,0.03068391508970226,1.2140279244486112,0.5876147554981296,0.0,0.0,-0.7794872667477586,-1.5025647185152622,1.8062678755593082,-0.049652138513648185,0.0,0.0,-0.2982428357781162,0.4718808034255638,-0.40429580000795834,0.1620373830154994,0.0,0.0
2.505000000000004,-0.9221071680503028,0.03439135432384077,1.216995072104778,0.5992875743641987,0.0,0.0,-0.7870073831275282,-1.505464792608386,1.8059842837486129,-0.06382662476489626,0.0,0.0,-0.29588544882216505,0.4710734382845493,-0.4034793558534301,0.16453905040067823,0.0,0.0
2.5100000000000056,-0.9219261489748504,0.037998752674278075,1.2200212267084807,0.6112188990520426,0.0,0.0,-0.7945417444289219,-1.5082616737108532,1.8056291947263419,-0.07825238594577498,0.0,0.0,-0.2935321065962239,0.47026292103657974,-0.40265042143486185,0.16703348689371308,0.0,0.0
2.5150000000000072,-0.9217273558457006,0.04149987980604141,1.2231077011254738,0.6234169203341599,0.0,0.0,-0.8020898194345247,-1.5109491878395949,1.8052013318076567,-0.09293760206027117,0.0,0.0,-0.2911828247197709,0.4694493080335587,-0.4018090329331697,0.16952068172609222,0.0,0.0
2.520000000000009,-0.9215113365128947,0.04488805934611402,1.22625585001269,0.6358901664220982,0.0,0.0,-0.8096510449555233,-1.513520714549263,1.804699376573145,-0.1078907894420376,0.0,0.0,-0.28883761853157836,0.46863265520315445,-0.4009552265858748,0.1720006230199201,0.0,0.0
2.5250000000000106,-0.9212786733975982,0.04815613281300456,1.2294670715428118,0.6486475180027177,0.0,0.0,-0.8172248235105221,-1.5159691508445585,1.8041219671498625,-0.12312081576501833,0.0,0.0,-0.2864965030918762,0.4678130180315596,-0.40008903869271434,0.17447329776228154,0.0,0.0
2.5300000000000122,-0.9210299859996529,0.05129642021972396,1.2327428092052632,0.661698223766162,0.0,0.0,-0.8248105208157372,-1.5182868717640419,1.8034676964160772,-0.1386369155457302,0.0,0.0,-0.28415949318460615,0.46699045154432367,-0.3992105056213809,0.17693869177954893,0.0,0.0
2.535000000000014,-0.920765933611131,0.05430067700813367,1.2360845536860043,0.6750519163902727,0.0,0.0,-0.8324074630690873,-1.520465687293247,1.8027351101273452,-0.15444870610198505,0.0,0.0,-0.2818266033197778,0.4661650102851185,-0.3983196638133903,0.17939678971169318,0.0,0.0
2.5400000000000156,-0.9204872182551708,0.05716004693433018,1.2394938448282873,0.6887186289318091,0.0,0.0,-0.84001493400889,-1.5224967952266075,1.8019227049617497,-0.17056620391849642,0.0,0.0,-0.27949784773593517,0.4653367482922833,-0.3974165497900778,0.1818475749866684,0.0,0.0
2.5450000000000172,-0.9201945878713746,0.05986501048190526,1.242972273676251,0.7027088115572526,0.0,0.0,-0.8476321717258746,-1.5243707295548827,1.8010289264824297,-0.18699984135222092,0.0,0.0,-0.2771732404027468,0.46450571907298327,-0.3965012001587218,0.18429102979494966,0.0,0.0
2.550000000000019,-0.9198888397712894,0.062405328332032474,1.2465214846028387,0.717033348524424,0.0,0.0,-0.8552583652049747,-1.526077303906832,1.8000521670159149,-0.20376048358876178,0.0,0.0,-0.2748527950237319,0.463671975574805,-0.3955736516187942,0.18672713506431898,0.0,0.0
2.5550000000000206,-0.9195708243899688,0.0647699793657868,1.250143177523019,0.7317035752998716,0.0,0.0,-0.8628926505708925,-1.527605549520375,1.798990763445277,-0.2208594457348972,0.0,0.0,-0.2725365250391345,0.4628355701545934,-0.39463394096833665,0.18915587043500673,0.0,0.0
2.5600000000000223,-0.9192414493623944,0.06694709261425062,1.2538391101926363,0.7467312956649819,0.0,0.0,-0.8705341070086396,-1.5289436471585656,1.7978429949177823,-0.23830850990031302,0.0,0.0,-0.27022444362896175,0.46199655454432115,-0.39368210511045915,0.1915772142353123,0.0,0.0
2.565000000000024,-0.9189016839566108,0.06892387250508589,1.2576111005923862,0.7621287986248574,0.0,0.0,-0.8781817523271853,-1.5300788523188422,1.7966070804675327,-0.25611994208272354,0.0,0.0,-0.26791656371619976,0.4611549798137628,-0.3927181810599594,0.1939911434578475,0.0,0.0
2.5700000000000256,-0.9185525638988786,0.07068651667958022,1.2614610293953694,0.7779088748867523,0.0,0.0,-0.8858345381308923,-1.5309974130093016,1.7952811765546492,-0.27430650862333794,0.0,0.0,-0.2656128979702249,0.4603108963297274,-0.3917422059500593,0.196397633736567,0.0,0.0
2.5750000000000273,-0.9181951966299745,0.07222012557088028,1.2653908425153748,0.79408483261754,0.0,0.0,-0.8934913445595928,-1.5316844792824567,1.7938633745238375,-0.29288149194233143,0.0,0.0,-0.2633134588104285,0.4594643537115816,-0.3907542170392533,0.19879665932477286,0.0,0.0
2.580000000000029,-0.9178307670360488,0.07350860284132416,1.2694025537314142,0.8106705121202054,0.0,0.0,-0.9011509745538737,-1.532124003624094,1.7923516979868097,-0.31185870519453485,0.0,0.0,-0.26101825841007337,0.458615400782775,-0.38975425171826444,0.20118819307431068,0.0,0.0
2.5850000000000306,-0.9174605437022109,0.0745345456735652,1.2734982473820355,0.8276802989852012,0.0,0.0,-0.9088121475973815,-1.5322986311916091,1.7907441001350248,-0.331252505401423,0.0,0.0,-0.25872730870040356,0.4577640855180494,-0.38874234751710085,0.2035722064162029,0.0,0.0
2.5900000000000323,-0.9170858857423222,0.07527912379561762,1.2776800811204752,0.8451291351706016,0.0,0.0,-0.9164734928826449,-1.532189578781605,1.7890384609916887,-0.35107780451362336,0.0,0.0,-0.256440621375029,0.45691045498599325,-0.3877185421122045,0.20594866934300257,0.0,0.0
2.595000000000034,-0.9167082502643875,0.07572194599314863,1.2819502887186691,0.863032527341659,0.0,0.0,-0.9241335418409974,-1.5317765012797124,1.7872325846149737,-0.37135007773487044,0.0,0.0,-0.2541582078946108,0.45605455528656985,-0.38668287333368373,0.20831755039319222,0.0,0.0
2.6000000000000356,-0.9163292005375132,0.07584091272246915,1.2863111829044507,0.8814065516511261,0.0,0.0,-0.9317907199706109,-1.5310373442056773,1.7853241962681259,-0.392085368289142,0.0,0.0,-0.25188007949187163,0.4551964314832147,-0.3856353791726174,0.2106788166379967,0.0,0.0
2.6050000000000373,-0.9159504149337074,0.07561205328406795,1.2907651582117183,0.9002678539611576,0.0,0.0,-0.9394433378893285,-1.5299481808131299,1.7833109395766595,-0.41330028763221194,0.0,0.0,-0.24960624717695976,0.4543361275290682,-0.3845760977884186,0.2130324336710352,0.0,0.0
2.610000000000039,-0.9155736967259204,0.0750093458487848,1.295314693817846,0.919633644289204,0.0,0.0,-0.9470895815308765,-1.528483032035646,1.781190373698355,-0.43501200989051886,0.0,0.0,-0.24733672174319854,0.45347368618686784,-0.3835050675162419,0.21537836560129567,0.0,0.0
2.6150000000000406,-0.915200984832702,0.0740045184468356,1.2999623563358698,0.9395216839961549,0.0,0.0,-0.954727501394041,-1.5266136673888147,1.7789599705385046,-0.4572382590461616,0.0,0.0,-0.24507151377325248,0.4526091489419856,-0.38242232687441563,0.21771657504998776,0.0,0.0
2.6200000000000423,-0.9148343656097896,0.07256682883452834,1.3047108025208094,0.9599502639155415,0.0,0.0,-0.962355000744459,-1.5243093847425777,1.776617112051029,-0.4799972870674666,0.0,0.0,-0.24281063364574673,0.45174255590805606,-0.38132791457188,0.22004702315190638,0.0,0.0
2.625000000000044,-0.9144760857998813,0.0706628209461978,1.3095627818395434,0.9809381712363695,0.0,0.0,-0.9699698226577355,-1.5215367666707822,1.774159087676019,-0.5033078407984215,0.0,0.0,-0.24055409154237842,0.45087394572459055,-0.38022186951560466,0.22236966956203313,0.0,0.0
2.6300000000000456,-0.9141285667638444,0.06825605542252493,1.3145211388415854,1.0025046424852595,0.0,0.0,-0.97756953578059,-1.5182594108684466,1.7715830919763313,-0.5271891149534839,0.0,0.0,-0.23830189745556085,0.4500033554459273,-0.37910423081795874,0.2246844724682056,0.0,0.0
2.6350000000000473,-0.9137944201297079,0.06530681148574329,1.3195888152534747,1.0246692993894053,0.0,0.0,-0.9851515186736409,-1.514437631906551,1.7688862225504849,-0.5516606880002279,0.0,0.0,-0.23605406119664635,0.44913082042081365,-0.3779750378040015,0.22699138861080378,0.0,0.0
2.640000000000049,-0.9134764650099834,0.06177175721462562,1.3247688517017557,1.0474520637205098,0.0,0.0,-0.9927129425852356,-1.5100281313764834,1.7660654783168548,-0.5767424370310708,0.0,0.0,-0.23381059240477603,0.4482563741618639,-0.3768343300186527,0.22929037331054186,0.0,0.0
2.6450000000000506,-0.9131777469531082,0.05760358506854997,1.330064388948029,1.0708730463975638,0.0,0.0,-1.0002507524904771,-1.5049836332726243,1.763117758285631,-0.6024544269031928,0.0,0.0,-0.23157150055640952,0.4473800482040805,-0.3756821472337028,0.23158138050561003,0.0,0.0
2.6500000000000523,-0.9129015588110129,0.05275060933626151,1.335478668493541,1.094952405134951,0.0,0.0,-1.0077616462133911,-1.4992524812878203,1.7600398609610273,-0.6288167679345615,0.0,0.0,-0.22933679497559087,0.446501871951565,-0.3745185294546108,0.23386436279959083,0.0,0.0
2.655000000000054,-0.9126514637217671,0.047156322063791375,1.3410150323793297,1.1197101637287254,0.0,0.0,-1.015242051433215,-1.4927781945752812,1.7568284845476594,-0.6558494352505267,0.0,0.0,-0.22710648484501247,0.445621872511496,-0.373343516927032,0.2361392715217817,0.0,0.0
2.6600000000000557,-0.912431320423621,0.04075890397906425,1.3466769219699348,1.1451659846392732,0.0,0.0,-1.02268810035843,-1.485498978493444,1.7534802281730322,-0.6835720414410824,0.0,0.0,-0.22488057921794308,0.44474007451438635,-0.3721571501430094,0.23840605680178958,0.0,0.0
2.6650000000000573,-0.9122453111340119,0.033490687021941405,1.3524678754627835,1.1713388848083561,0.0,0.0,-1.0300956018348915,-1.4773471869415222,1.7499915943839264,-0.7120035524689092,0.0,0.0,-0.22265908703109086,0.4438564999195868,-0.37095946984675215,0.2406646676605339,0.0,0.0
2.670000000000059,-0.9120979722434539,0.02527756536803233,1.3583915238100979,1.1982468825920458,0.0,0.0,-1.0374600106380623,-1.468248733172982,1.7463589932297727,-0.7411619347121655,0.0,0.0,-0.22044201711847808,0.44297116780495627,-0.3697505170399131,0.24291505212009998,0.0,0.0
2.6750000000000607,-0.911994228088554,0.016038352384469694,1.3644515846736023,1.2259065612423148,0.0,0.0,-1.044776393685031,-1.4581224465240452,1.7425787483126187,-0.7710637185775694,0.0,0.0,-0.21822937822640925,0.44208409413958255,-0.36853033298626375,0.24515715733523513,0.0,0.0
2.6800000000000623,-0.9119394280790674,0.0056840818864465435,1.3706518539524506,1.2543325314688734,0.0,0.0,-1.052039392891306,-1.446879373424866,1.7386471052631587,-0.8017234612185649,0.0,0.0,-0.21602117902962045,0.4411952915384258,-0.3672989592156518,0.24739092974967244,0.0,0.0
2.685000000000064,-0.9119393874586718,-0.005882746477473389,1.3769961943291278,1.2835367721983828,0.0,0.0,-1.0592431843926193,-1.4344220225202817,1.7345602431979357,-0.8331530874793196,0.0,0.0,-0.21381742814870308,0.4403047689977607,-0.3660564375271066,0.2496163152809175,0.0,0.0
2.6900000000000657,-0.9120004319749039,-0.018768975699117695,1.3834885201639748,1.313527824663943,0.0,0.0,-1.0663814338561894,-1.42064355591121,1.7303142898269246,-0.8653610842015945,0.0,0.0,-0.21161813416890055,0.43941253161033345,-0.36480280999094217,0.2518332595376318,0.0,0.0
2.6950000000000673,-0.9121294467162011,-0.03309164856385653,1.3901327779334065,1.344309810361254,0.0,0.0,-1.0734472476234111,-1.4054269316953805,1.7259053410162324,-0.8983515184355826,0.0,0.0,-0.2094233056603817,0.43851858025924234,-0.3635381189496817,0.2540417080743086,0.0,0.0
2.700000000000069,-0.9123339293375167,-0.048978903815613005,1.3969329212467974,1.3758812381851913,0.0,0.0,-1.0804331194623766,-1.3886440074740805,1.7213294857707635,-0.9321228448737641,0.0,0.0,-0.2072329512001005,0.4376229112896986,-0.36226240701760426,0.256241606688553,0.0,0.0
2.7050000000000707,-0.9126220478328899,-0.06657089542380286,1.403892879289275,1.408233560249489,0.0,0.0,-1.087330872771751,-1.3701546207342519,1.716582837789368,-0.9666664620164691,0.0,0.0,-0.20504707939535277,0.4367255161580602,-0.3609757170786863,0.2584329017669601,0.0,0.0
2.7100000000000724,-0.9130027029135436,-0.08602071049350395,1.411016517319639,1.4413494296170293,0.0,0.0,-1.094131598177304,-1.3498056705643713,1.711661574962997,-1.0019649703033577,0.0,0.0,-0.2028656989091459,0.43582638105788124,-0.3596780922826795,0.2606155406863084,0.0,0.0
2.715000000000074,-0.9134855949003688,-0.10749524981620621,1.4183075876025815,1.475200606690687,0.0,0.0,-1.1008255866121297,-1.3274302367069988,1.706561988436402,-1.0379900789682615,0.0,0.0,-0.20068881848749495,0.4349254865232109,-0.35836957603902736,0.26278947227755445,0.0,0.0
2.7200000000000757,-0.9140812948230245,-0.13117601967961445,1.4257696688723547,1.5097454548079503,0.0,0.0,-1.1074022581882117,-1.3028467873304423,1.701280543135891,-1.0747001021688714,0.0,0.0,-0.19851644698875742,0.4340228070100626,-0.3570502120082895,0.2649546473609013,0.0,0.0
2.7250000000000774,-0.9148013191127403,-0.15725976335027678,1.4334060921142118,1.5449259604343453,0.0,0.0,-1.1138500874721406,-1.2758585471076092,1.6958139519764373,-1.1120369797953369,0.0,0.0,-0.19634859341511188,0.43311831045789145,-0.35572004409069335,0.2671110193609727,0.0,0.0
2.730000000000079,-0.9156582068553913,-0.18595883449779704,1.441219850118482,1.5806642105042146,0.0,0.0,-1.1201565261983282,-1.246253123336356,1.690159266292863,-1.1499227555160523,0.0,0.0,-0.19418526694627308,0.4322119578341582,-0.3543791164113895,0.2692585450118178,0.0,0.0
2.7350000000000807,-0.916665598002897,-0.21750118158375162,1.4492134879259446,1.6168582607957074,0.0,0.0,-1.1263079250215784,-1.213802521082908,1.684313985375948,-1.1882554459577255,0.0,0.0,-0.19202647697551706,0.43130370266666496,-0.35302747330193684,0.2713971851619985,0.0,0.0
2.7400000000000824,-0.9178383101862846,-0.25212977084857624,1.4573889709696155,1.6533773375028475,0.0,0.0,-1.132289456665646,-1.1782637197218562,1.6782761883078299,-1.2269042431931414,0.0,0.0,-0.18987223314806162,0.4303934905704381,-0.35166515927749015,0.2735269056902734,0.0,0.0
2.745000000000084,-0.9191924107902775,-0.29010122536607297,1.465747527471025,1.690056333269366,0.0,0.0,-1.138085043807907,-1.1393800334125115,1.6720446915380414,-1.265704011811595,0.0,0.0,-0.18772254540180736,0.42948125877858984,-0.3502922190091109,0.2756476785422086,0.0,0.0
2.7500000000000857,-0.9207452796933404,-0.331683398982457,1.4742894615352364,1.7266895941659333,0.0,0.0,-1.1436772962962634,-1.0968835367074594,1.6656192357552921,-1.3044490770631703,0.0,0.0,-0.18557742401038835,0.42856693568992194,-0.3489086972905732,0.2777594828972177,0.0,0.0
2.7550000000000874,-0.9225156565103212,-0.3771515388006404,1.4830139335053616,1.7630240523063052,0.0,0.0,-1.1490474638612613,-1.0504989016494888,1.6590007054935845,-1.3428863587800688,0.0,0.0,-0.18343687962840943,0.4276504404501348,-0.3475146389989908,0.2798623064737445,0.0,0.0
2.760000000000089,-0.924523664275247,-0.42678262305734355,1.4919187046195888,1.798751848451359,0.0,0.0,-1.1541754123860957,-0.999949059531113,1.6521913844289302,-1.3807079954285975,0.0,0.0,-0.18130092333864894,0.42673168258846145,-0.3461100890485643,0.2819561469772202,0.0,0.0
2.7650000000000907,-0.9267907992821278,-0.48084740206732723,1.5009998440425183,1.8335027195422835,0.0,0.0,-1.1590396340169802,-0.9449631596700232,1.6451952482941654,-1.4175437332328575,0.0,0.0,-0.1791695667008837,0.4258105617373555,-0.3446950923367288,0.2840410136905561,0.0,0.0
2.7700000000000924,-0.9293398743361229,-0.539599634094285,1.5102513981461112,1.8668366068257929,0.0,0.0,-1.1636173038620299,-0.8852873333751842,1.6380182955358507,-1.4529535360256014,0.0,0.0,-0.17704282180183875,0.42488696746947396,-0.3432696936820071,0.2861169291997903,0.0,0.0
2.775000000000094,-0.9321949001294503,-0.6032620197754901,1.5196650247619288,1.8982371772104247,0.0,0.0,-1.167884398564967,-0.8206987595178775,1.6306689129909566,-1.4864211084479322,0.0,0.0,-0.17492070130557438,0.4239607792933721,-0.3418339377529307,0.28818393123748975,0.0,0.0
2.7800000000000957,-0.935380887165088,-0.672008432311778,1.529229599297222,1.9271072420337374,0.0,0.0,-1.1718158943315053,-0.7510234345448078,1.6231582696902414,-1.5173493166468572,0.0,0.0,-0.17280321850339816,0.4230318668565902,-0.34038786898750906,0.2902420746131023,0.0,0.0
2.7850000000000974,-0.9389235491217578,-0.7459422598759634,1.5389308053422106,1.9527673868278295,0.0,0.0,-1.1753860635161042,-0.6761578305354353,1.6155007261606695,-1.5450588200101185,0.0,0.0,-0.17069038736212985,0.42210009041140323,-0.33893153150292576,0.29229143318227185,0.0,0.0
2.790000000000099,-0.9428488885362027,-0.8250710705663011,1.5487507297935794,1.9744594518093066,0.0,0.0,-1.1785688888945318,-0.5960942310368942,1.607714239201804,-1.5687915535954517,0.0,0.0,-0.16858222256925692,0.42116530160319926,-0.33746496899542866,0.29433210178612806,0.0,0.0
2.7950000000001007,-0.9471826481596398,-0.9092784214660031,1.558667491391119,1.9913567501386034,0.0,0.0,-1.181338612267137,-0.5109489231765822,1.5998207332396228,-1.587720948205976,0.0,0.0,-0.16647873957321455,0.4202273446425891,-0.3359882246307869,0.29636419806735603,0.0,0.0
2.8000000000001024,-0.9519496174675072,-0.9982944774690141,1.5686549412433302,2.002582963257198,0.0,0.0,-1.1836704279157577,-0.42099158044881274,1.5918463996828414,-1.6009708273011964,0.0,0.0,-0.16437995461672628,0.41928605791783097,-0.3345013409262166,0.2983878640439814,0.0,0.0
2.805000000000104,-0.9571727946550754,-1.091668139737919,1.5786824830602884,2.007241357938131,0.0,0.0,-1.185541320584029,-0.3266731363536691,1.5838218765650036,-1.6076446252352543,0.0,0.0,-0.16228588476088632,0.41834127609159305,-0.33300435962533737,0.30040326729710576,0.0,0.0
2.8100000000001057,-0.9628724206915983,-1.1887444710939927,1.5887150672753718,2.0044551670911708,0.0,0.0,-1.1869310314108954,-0.2286483616092469,1.5757822542930735,-1.6068657687008459,0.0,0.0,-0.16019654789749702,0.4173928327032449,-0.33149732156849043,0.3024106016096578,0.0,0.0
2.8150000000001074,-0.9690649233092629,-1.2886520894079887,1.5987134141620294,1.993418552545477,0.0,0.0,-1.187823113943578,-0.12778847385534434,1.5677668523995156,-1.5978286394307752,0.0,0.0,-0.15811196274714975,0.4164405632633384,-0.32998026656159074,0.30441008688528115,0.0,0.0
2.820000000000109,-0.9757618332705738,-1.3903055126768662,1.6086345133043471,1.973455543007799,0.0,0.0,-1.1882060178887026,-0.025178796104149755,1.5598187199431304,-1.5798575111940667,0.0,0.0,-0.15603214884071462,0.4154843087810216,-0.32845323324752307,0.3064019681862508,0.0,0.0
2.8250000000001108,-0.9829687590113697,-1.4924267764318813,1.6184324278555504,1.9440819591560197,0.0,0.0,-1.1880741145062867,0.07790285682112327,1.5519838311292313,-1.5524684729186695,0.0,0.0,-0.15395712648233462,0.41452391961076396,-0.32691625898482757,0.30838651376263176,0.0,0.0
2.8300000000001124,-0.9906845231018644,-1.5935887145751717,1.6280594013154879,1.9050631176388089,0.0,0.0,-1.187428560205397,0.18002945512696064,1.5443099784233834,-1.5154271296437993,0.0,0.0,-0.15188691669272938,0.4135592594482165,-0.3253693797389172,0.31036401200497127,0.0,0.0
2.835000000000114,-0.9989005684500282,-1.6922791190536919,1.6374672246436957,1.8564587737341338,0.0,0.0,-1.1862778904173685,0.2796889097980945,1.5368454053474667,-1.4687935410721893,0.0,0.0,-0.14982154113259405,0.41259020925560325,-0.3238126299912087,0.31233476733803545,0.0,0.0
2.8400000000001158,-1.0076007285635684,-1.786981059074527,1.6466087787162913,1.7986470431046477,0.0,0.0,-1.1846382494293577,0.3753643882088339,1.5296372639548674,-1.412946138279991,0.0,0.0,-0.14776102200706479,0.41161667086569914,-0.3222460426712053,0.3142990951753237,0.0,0.0
2.8450000000001174,-1.01676142289516,-1.8762608915527934,1.6554396307025279,1.7323213346918769,0.0,0.0,-1.1825331951513314,0.46562232154263783,1.5227300184131367,-1.3485786508507056,0.0,0.0,-0.14570538195349925,0.4106385700101614,-0.3206696491157114,0.3162573161588099,0.0,0.0
2.850000000000119,-1.0263522891197736,-1.958853079986726,1.6639195426847122,1.658458408245587,0.0,0.0,-1.1799930669641867,0.5491972214383346,1.5161639363732393,-1.2766681582426327,0.0,0.0,-0.14365464391603003,0.4096558585483966,-0.31908347905799883,0.31820974999702617,0.0,0.0
2.8550000000001208,-1.0363372082814006,-2.0337307672137896,1.672013753707667,1.5782606296549466,0.0,0.0,-1.1770539607072665,0.6250622514777413,1.5099738069403166,-1.198417338924239,0.0,0.0,-0.1416088310113235,0.40866851573605323,-0.3174875606480313,0.32015670926927303,0.0,0.0
2.8600000000001224,-1.0466756282546608,-2.1001533555329965,1.6796939235454733,1.4930799946049391,0.0,0.0,-1.1737564053547582,0.6924768070742707,1.504187996957444,-1.115178488177262,0.0,0.0,-0.13956796639057134,0.40767654845873064,-0.3158819205029654,0.3220984935723027,0.0,0.0
2.865000000000124,-1.0573240571340303,-2.157686536720123,1.686938672205196,1.4043342696129044,0.0,0.0,-1.1701438697630826,0.7510065462681311,1.4988279115801049,-1.0283696539589362,0.0,0.0,-0.13753207310287718,0.40667999045199643,-0.3142665837853494,0.32403538434601115,0.0,0.0
2.870000000000126,-1.0682375875332126,-2.2061950734419535,1.693733702960004,1.3134259921912739,0.0,0.0,-1.1662612385019104,0.800516172825119,1.493907871344891,-0.939393632826141,0.0,0.0,-0.1355011739648669,0.40567890061683914,-0.31264157430494344,0.3259676406348472,0.0,0.0
2.8750000000001275,-1.0793713253200163,-2.2458128389826144,1.7000715466172052,1.221673226909868,0.0,0.0,-1.1621533832393456,0.8411394783761319,1.4894353680217969,-0.8495687228479833,0.0,0.0,-0.13347529144062834,0.40467336060648706,-0.3110069146390509,0.32789549593809536,0.0,0.0
2.880000000000129,-1.0906816261797079,-2.276897239996995,1.7059510014107468,1.1302577012526314,0.0,0.0,-1.1578639262851833,0.8732337680987395,1.485411624854966,-0.7600768574468255,0.0,0.0,-0.13145444753509916,0.4036634718982595,-0.30936262626576183,0.32981915619417423,0.0,0.0
2.885000000000131,-1.102127081650535,-2.2999758897556704,1.7113763618751845,1.040192309853984,0.0,0.0,-1.1534342546465337,0.8973265371837549,1.4818323678292933,-0.6719311087025752,0.0,0.0,-0.12943866370292162,0.4026493525719208,-0.30770872970452634,0.33173879884857155,0.0,0.0
2.8900000000001325,-1.1136692340838874,-2.315692568460073,1.7163565318947547,0.9523068820403262,0.0,0.0,-1.1489028051423942,0.9140614344612983,1.4786887127641182,-0.5859614549235679,0.0,0.0,-0.1274279607737085,0.40163113399878075,-0.30604524465892136,0.3336545728832211,0.0,0.0
2.895000000000134,-1.1252730309748338,-2.324757729200681,1.7209041059808818,0.8672490576027861,0.0,0.0,-1.1443046101314307,0.9241487715889941,1.4759680841762755,-0.5028156572440747,0.0,0.0,-0.12542235889372555,0.40060895761169274,-0.304372190157206,0.33556659964126767,0.0,0.0
2.900000000000136,-1.1369070502337622,-2.3279067404938867,1.7250344842930097,0.7854961900705953,0.0,0.0,-1.139671072282981,0.9283237686099609,1.473655100394087,-0.42297116433432846,0.0,0.0,-0.12342187748324687,0.3995829718839308,-0.30268958468714535,0.33747497426371237,0.0,0.0
2.9050000000001375,-1.1485435391007082,-2.3258671902743426,1.7287650661624534,0.7073741844857824,0.0,0.0,-1.1350299256909742,0.927313860672235,1.4717323801599935,-0.3467539520438467,0.0,0.0,-0.12142653520830772,0.39855332960211237,-0.3009974463224958,0.3393797675580437,0.0,0.0
2.910000000000139,-1.1601583122938073,-2.3193351709299583,1.7321145476623268,0.6330797458400116,0.0,0.0,-1.1304053377409287,0.9218149854499409,1.4701812451770355,-0.2743607739769307,0.0,0.0,-0.11943634996525397,0.39752018548002277,-0.29929579283941105,0.34128102813689865,0.0,0.0
2.915000000000141,-1.1717305521540287,-2.308959579403221,1.7351023331726778,0.5627033458764584,0.0,0.0,-1.1258181089696297,0.9124758852741125,1.468982308649039,-0.20588213056703364,0.0,0.0,-0.11745133887633136,0.39648369412911444,-0.2975846418217654,0.3431787846905551,0.0,0.0
2.9200000000001425,-1.1832425474669972,-2.2953330330793684,1.7377480595982047,0.4962510735986804,0.0,0.0,-1.1212859342384505,0.8998890247009347,1.4681159511567594,-0.14132412188414673,0.0,0.0,-0.11547151829454193,0.39544400837843996,-0.2958640107550126,0.34507304828544605,0.0,0.0
2.925000000000144,-1.1946794002772745,-2.2789878997863213,1.7400712246509655,0.4336642800678689,0.0,0.0,-1.116823695906643,0.8845866218650527,1.4675626924576428,-0.0806280946761464,0.0,0.0,-0.11349690381607215,0.3944012779212747,-0.29413391710865683,0.3469638146082574,0.0,0.0
2.930000000000146,-1.2060287226981632,-2.2603960441631914,1.7420909066780736,0.37483650351829606,0.0,0.0,-1.1124437670030909,0.8670403959066652,1.4673034717296403,-0.02368756961772416,0.0,0.0,-0.1115275102987359,0.3933556482565322,-0.29239437840776245,0.3488510660994079,0.0,0.0
2.9350000000001475,-1.2172803392258325,-2.239971101234386,1.7438255620192746,0.31962756277912824,0.0,0.0,-1.1081563088891089,0.8476638413455984,1.4673198502748268,0.029637663280987707,0.0,0.0,-0.1095633518850483,0.3923072598887948,-0.2906454122941503,0.35073477393986385,0.0,0.0
2.940000000000149,-1.2284260047230884,-2.218072330250144,1.7452928860081438,0.26787496009133577,0.0,0.0,-1.1039695532481715,0.8268160825001455,1.4675941505698793,0.07951014003752536,0.0,0.0,-0.1076044420287296,0.3912562477500053,-0.2888870365780716,0.3526148998711187,0.0,0.0
2.945000000000151,-1.2394591440956169,-2.195009334765724,1.7465097248244887,0.2194028734089396,0.0,0.0,-1.0998900623807517,0.8048065939583635,1.468109544456681,0.12610572875090473,0.0,0.0,-0.10565079352362063,0.390202740807368,-0.28711926928121795,0.35449139784013545,0.0,0.0
2.9500000000001525,-1.2503746166338157,-2.171047136851062,1.7474920269810132,0.17402907732199413,0.0,0.0,-1.0959229648320123,0.7819002750261577,1.4688501016908841,0.1696067072083499,0.0,0.0,-0.10370241853416134,0.38914686182491237,-0.28534212867194564,0.35636421546963576,0.0,0.0
2.955000000000154,-1.261168505857866,-2.1464112566718025,1.7482548249587584,0.13157013935804274,0.0,0.0,-1.0920721655153847,0.7583225294220819,1.4698008083347645,0.21019656528196326,0.0,0.0,-0.10175932862673857,0.38808872724972976,-0.2835556332935714,0.35823329535997356,0.0,0.0
2.960000000000156,-1.2718379342887645,-2.1212925741008126,1.7488122391929273,0.09184521610414403,0.0,0.0,-1.088340530909881,0.7342641269031243,1.4709475627935862,0.24805620766328498,0.0,0.0,-0.09982153480134369,0.38702844719769736,-0.28175980198656203,0.3600985762325504,0.0,0.0
2.9650000000001575,-1.2823809016946426,-2.0958518412037637,1.7491774981436226,0.05467873630196355,0.0,0.0,-1.084730050782248,0.709885715686575,1.472277155761705,0.2833612697711568,0.0,0.0,-0.09788904752309854,0.3859661255171982,-0.27995465390537605,0.36195999392685907,0.0,0.0
2.970000000000159,-1.2927961448788279,-2.0702237795288454,1.7493629695161137,0.019902215484436384,0.0,0.0,-1.081241978367855,0.685321919616064,1.4737772390144983,0.3162803022513264,0.0,0.0,-0.09596187675330581,0.38490185991279086,-0.27814020853066057,0.36381748226421645,0.0,0.0
2.975000000000161,-1.3030830168636827,-2.0445207402233825,1.7493801988118136,-0.01264459536923554,0.0,0.0,-1.0778769511565434,0.6606849981095158,1.4754362868655722,0.3469736215777979,0.0,0.0,-0.09404003197976275,0.38383574211387456,-0.276316485677435,0.3656709737914171,0.0,0.0
2.9800000000001625,-1.3132413832911718,-2.018835933468281,1.7492399523053788,-0.043113063175686805,0.0,0.0,-1.074635094462672,0.6360680753921989,1.4772435531944004,0.37559266275849384,0.0,0.0,-0.0921235222461452,0.3827678580760909,-0.27448350549982886,0.36752040041717243,0.0,0.0
2.985000000000164,-1.32327153394063,-1.9932462509538125,1.748952262277231,-0.07164539761965719,0.0,0.0,-1.0715161098790353,0.6115479627482926,1.479189026215601,0.4022797036661249,0.0,0.0,-0.0902123561803236,0.3816982882055281,-0.27264128849288183,0.3693656939535117,0.0,0.0
2.990000000000166,-1.3331741074090548,-1.9678147145302984,1.7485264729103571,-0.09837464530645217,0.0,0.0,-1.0685193505694162,0.587187606932554,1.4812633825814427,0.42716785873301316,0.0,0.0,-0.08830654202151812,0.3806271075977523,-0.27078985549184886,0.3712067865734187,0.0,0.0
2.9950000000001675,-1.342950027177076,-1.9425925883110153,1.7479712857115217,-0.1234248741195535,0.0,0.0,-1.065643885176678,0.5630382020256893,1.4834579419578349,0.4503812629245242,0.0,0.0,-0.08640608764623482,0.3795543862853336,-0.268929227669406,0.37304361119500895,0.0,0.0
3.000000000000169,-1.352600447473114,-1.9176211922381046,1.7472948036639329,-0.14691148738572166,0.0,0.0,-1.0628885519339208,0.5391410027492188,1.4857646228671175,0.4720353855841537,0.0,0.0,-0.08451100059295376,0.37848018948889234,-0.2670594265310996,0.37487610180154746,0.0,0.0
3.005000000000171,-1.3621267075355399,-1.8929334537576312,1.7465045735818088,-0.16894162227801302,0.0,0.0,-1.0602520043788874,0.5155288758898358,1.4881759003274797,0.4922374285723642,0.0,0.0,-0.08262128808556103,0.37740457786780135,-0.2651804739093378,0.3767041937056284,0.0,0.0
3.0100000000001725,-1.371530293049859,-1.868555231690283,1.7456076263348688,-0.18961459851410847,0.0,0.0,-1.0577327498945945,0.492227623922693,1.4906847656212667,0.5110867747491732,0.0,0.0,-0.08073695705553456,0.3763276077675948,-0.2632923919561853,0.37852782376491506,0.0,0.0
3.015000000000174,-1.380812803700634,-1.844506443234424,1.7446105147569244,-0.20902239242778076,0.0,0.0,-1.0553291821364483,0.4692571117725663,1.4932846883782132,0.5286754618717823,0.0,0.0,-0.07885801416290583,0.3752493314618633,-0.26139520313518716,0.3803469305559785,0.0,0.0
3.020000000000176,-1.389975925924218,-1.8208020216904972,1.743519349159242,-0.2272501184231459,0.0,0.0,-1.0530396082597406,0.4466322243034919,1.495969581053123,0.5450886639111346,0.0,0.0,-0.07698446581602948,0.37416979738701095,-0.25948893021241537,0.382161454511991,0.0,0.0
3.0250000000001775,-1.399021410077984,-1.797452729193785,1.7423398304454945,-0.24437650510061762,0.0,0.0,-1.0508622717318046,0.4243636788250696,1.4987337658013624,0.5604051670712802,0.0,0.0,-0.07511631819019927,0.3730890503687208,-0.25757359624690757,0.38397133802931743,0.0,0.0
3.030000000000179,-1.4079510513553057,-1.7744658456288984,1.741077280878205,-0.2604743573286169,0.0,0.0,-1.048795371399528,0.40245871378955234,1.5015719437023856,0.5746978317811755,0.0,0.0,-0.07325357724515427,0.37200713183935147,-0.2556492245806406,0.3857765255474213,0.0,0.0
3.035000000000181,-1.4167666738741482,-1.7518457520488184,1.7397366725824142,-0.2756109985154796,0.0,0.0,-1.0468370773843179,0.3809216720030429,1.504479166245699,0.5880340349095254,0.0,0.0,-0.07139624874152169,0.37092408004578065,-0.2537158388281635,0.3875769636059344,0.0,0.0
3.0400000000001826,-1.4254701174522364,-1.7295944243650556,1.7383226538952163,-0.2898486895421986,0.0,0.0,-1.0449855442915066,0.35975449411761007,1.5074508089707281,0.6004760886599362,0.0,0.0,-0.06954433825624502,0.36983993024745104,-0.25177346286599495,0.38937260088224274,0.0,0.0
3.0450000000001842,-1.4340632266548201,-1.707711850817096,1.7368395736832503,-0.30324502243034945,0.0,0.0,-1.043238922148121,0.3389571359125583,1.5104825471385752,0.6120816342178264,0.0,0.0,-0.0676978511970466,0.3687547149045432,-0.24982212082187547,0.39116338821250385,0.0,0.0
3.050000000000186,-1.4425478417635544,-1.686196384756022,1.7352915037567915,-0.3158532879827813,0.0,0.0,-1.0415953654204595,0.31852792089968285,1.513570333307109,0.6229040093841364,0.0,0.0,-0.0658567928159738,0.3676684638563447,-0.24786183706395076,0.39294927859862583,0.0,0.0
3.0550000000001876,-1.4509257913682998,-1.6650450425674503,1.733682259510725,-0.3277228174576198,0.0,0.0,-1.0400530404096107,0.2984638380774693,1.516710376679175,0.6329925902541991,0.0,0.0,-0.06402116822207768,0.3665812044899868,-0.2458926361899506,0.3947302272034018,0.0,0.0
3.0600000000001892,-1.459198886329,-1.6442537550868448,1.7320154189208508,-0.33889929890380777,0.0,0.0,-1.0386101312777172,0.27876079318705665,1.5198991240955158,0.6423931075680885,0.0,0.0,-0.062190982393271366,0.36549296189979436,-0.24391454301641724,0.3965061913357001,0.0,0.0
3.065000000000191,-1.4673689148933269,-1.623817579599023,1.7302943400198307,-0.3494250691640148,0.0,0.0,-1.0372648449192474,0.2594138205614747,1.5231332425481479,0.651147938736641,0.0,0.0,-0.06036624018741477,0.36440375903755406,-0.2419275825680298,0.3982771304273546,0.0,0.0
3.0700000000001926,-1.4754376387884713,-1.6037308784370268,1.7285221769714099,-0.3593393827880575,0.0,0.0,-1.0360154148588478,0.240417261582993,1.526409603095601,0.659296376784862,0.0,0.0,-0.058546946352669674,0.36331361685404007,-0.2399317800670619,0.400043006003176,0.0,0.0
3.0750000000001942,-1.4834067901331813,-1.5839874692791205,1.7267018948549504,-0.36867865923480975,0.0,0.0,-1.0348601043296393,0.22176491484696365,1.529725266068002,0.6668748775894802,0.0,0.0,-0.05673310553716852,0.36222255443216345,-0.23792716092300348,0.4018037816453099,0.0,0.0
3.080000000000196,-1.4912780690396428,-1.5645807514642074,1.7248362832652582,-0.37747670980152587,0.0,0.0,-1.0337972086623088,0.2034501623520859,1.5330774674570637,0.6739172868485055,0.0,0.0,-0.054924722298037534,0.3611305891121274,-0.235913750722373,0.403559422953001,0.0,0.0
3.0850000000001976,-1.4990531417947068,-1.5455038119857882,1.722927968825432,-0.38576494572808967,0.0,0.0,-1.032825057095469,0.18546607537682114,1.5364636063932569,0.6804550482293967,0.0,0.0,-0.05312180110981321,0.36003773660897254,-0.2338915752187405,0.4053098974986735,0.0,0.0
3.0900000000001993,-1.506733639526822,-1.5267495142652878,1.7209794267033034,-0.39357256889599307,0.0,0.0,-1.031942014100878,0.16780550314239304,1.5398812336196224,0.6865173941148608,0.0,0.0,-0.05132434637228933,0.35894401112290025,-0.2318606603229775,0.40705517478111286,0.0,0.0
3.095000000000201,-1.514321157279324,-1.5083105723320847,1.7189929912150395,-0.4009267464898304,0.0,0.0,-1.031146480302836,0.1504611468893354,1.543328040878656,0.6921315203133924,0.0,0.0,-0.049532362417829656,0.35784942544275483,-0.2298210320937471,0.4087952261764186,0.0,0.0
3.1000000000002026,-1.5218172534228398,-1.4901796126369418,1.7169708655928193,-0.4078527709215598,0.0,0.0,-1.030436893058971,0.1334256215939073,1.5468018511353727,0.6973227460342297,0.0,0.0,-0.04774585351817947,0.35675399104303984,-0.22777271672824362,0.41053002488731094,0.0,0.0
3.1050000000002043,-1.5292234493498233,-1.4723492253865653,1.7149151309871784,-0.41437420624118476,0.0,0.0,-1.0298117267593594,0.1166915072117413,1.5503006095659586,0.7021146603498862,0.0,0.0,-0.04596482389080752,0.3556577181748288,-0.2257157405531885,0.41225954589127933,0.0,0.0
3.110000000000206,-1.5365412294029457,-1.4548120070002426,1.712827754768691,-0.42051302217649394,0.0,0.0,-1.0292694928922366,0.10025139104932594,1.5538223752473452,0.7065292562884785,0.0,0.0,-0.044189277704807864,0.3545606159509216,-0.22365013001608786,0.41398376588799696,0.0,0.0
3.1150000000002076,-1.543772040996435,-1.4375605950468477,1.7107105981881663,-0.426289716862367,0.0,0.0,-1.0288087399171655,0.08409790262127115,1.557365313488536,0.7105870536159893,0.0,0.0,-0.04241921908638969,0.35346269242558165,-0.2215759116767539,0.4157026632463593,0.0,0.0
3.1200000000002093,-1.550917294895736,-1.4205876968150921,1.7085654234494243,-0.43172342923919743,0.0,0.0,-1.028428052980273,0.06822374214592075,1.5609276887496153,0.7143072112877269,0.0,0.0,-0.0406546521239813,0.3523639546691761,-0.2194931121990912,0.4174162179514516,0.0,0.0
3.125000000000211,-1.5579783656261672,-1.4038861124959816,1.7063939002440185,-0.43683204202176956,0.0,0.0,-1.02812605350085,0.052621703657964515,1.564507858099078,0.7177076304700492,0.0,0.0,-0.03889558087297298,0.3512644088380224,-0.21740175834314837,0.4191244115517018,0.0,0.0
3.1300000000002126,-1.5649565919857769,-1.387448753809103,1.7041976117929605,-0.44163227606542815,0.0,0.0,-1.0279013986540908,0.037284693569371974,1.56810426516442,0.7208050489589772,0.0,0.0,-0.03714200936012203,0.35016406023973545,-0.21530187695743228,0.4208272271064324,0.0,0.0
3.1350000000002143,-1.5718532776414278,-1.371268658779435,1.7019780604365302,-0.44613977688621703,0.0,0.0,-1.02775278077092,0.022205745385091954,1.5717154345349014,0.7236151277522018,0.0,0.0,-0.03539394158764179,0.34906291339434764,-0.21319349497148393,0.42252464913399673,0.0,0.0
3.140000000000216,-1.5786696917904102,-1.3553390032655093,1.6997366728096621,-0.45036919402612535,0.0,0.0,-1.0276789266725843,0.00737803117405054,1.5753399665789962,0.7261525304654602,0.0,0.0,-0.03365138153699492,0.34796097209146365,-0.21107663938871113,0.4242166635606462,0.0,0.0
3.1450000000002176,-1.5854070698726508,-1.339653109749794,1.697474804637063,-0.4543342538937734,0.0,0.0,-1.0276785969549276,-0.007205129693897135,1.5789765326423593,0.728430996223502,0.0,0.0,-0.03191433317241055,0.34685823944369615,-0.20895133727947512,0.42590325767025283,0.0,0.0
3.1500000000002193,-1.592066614320948,-1.3242044538258817,1.6951937451792412,-0.45804782665474475,0.0,0.0,-1.027750585234898,-0.021550264110728048,1.5826238705951323,0.7304634065997389,0.0,0.0,-0.03018280044414282,0.34575471793661505,-0.20681761577442637,0.4275844200549871,0.0,0.0
3.155000000000221,-1.598649495338661,-1.3089866687521794,1.6928947213578611,-0.46152198769417724,0.0,0.0,-1.02789371736984,-0.035663740723241945,1.5862807807001706,0.7322618471271253,0.0,0.0,-0.028456787291488143,0.3446504094754264,-0.2046755020580842,0.4292601405670334,0.0,0.0
3.1600000000002226,-1.6051568516959984,-1.293993548386647,1.6905789015863624,-0.46476807412697313,0.0,0.0,-1.0281068506584141,-0.04955176704193735,1.589946121776241,0.7338376638555499,0.0,0.0,-0.026736297645576668,0.34354531542858957,-0.2025250233626551,0.43093041027140405,0.0,0.0
3.1650000000002243,-1.6115897915374986,-1.2792190487702186,1.688247399329499,-0.46779673678779693,0.0,0.0,-1.028388873030538,-0.06322038789833964,1.593618807632533,0.7352015153878736,0.0,0.0,-0.02502133543195296,0.3424394366685641,-0.20036620696208424,0.43259522139990386,0.0,0.0
3.170000000000226,-1.6179493931945281,-1.2646572885865794,1.685901276413411,-0.4706179880936664,0.0,0.0,-1.0287387022325019,-0.07667548502328325,1.5972978037528707,0.7363634207873687,0.0,0.0,-0.023311904572959802,0.3413327736098678,-0.198199080166334,0.43425456730627815,0.0,0.0
3.1750000000002276,-1.6242367059976763,-1.2503025486919446,1.6835415461059497,-0.4732412461361104,0.0,0.0,-1.0291552850123755,-0.08992277755266771,1.6009821242098818,0.7373328037135193,0.0,0.0,-0.02160800898993796,0.3402253262446175,-0.19602367031588405,0.43590844242257176,0.0,0.0
3.1800000000002293,-1.6304527510848243,-1.2361492708795079,1.6811691759852903,-0.4756753753272928,0.0,0.0,-1.029637596309911,-0.10296782329619743,1.6046708287911038,0.7381185331105578,0.0,0.0,-0.01990965260525428,0.3391170941757109,-0.19384000477644645,0.4375568422167154,0.0,0.0
3.185000000000231,-1.6365985222014174,-1.222192056018458,1.6787850906133102,-0.4779287238949329,0.0,0.0,-1.0301846384544022,-0.11581602062933745,1.608363020320527,0.7387289607435679,0.0,0.0,-0.018216839344169466,0.3380080766478011,-0.19164811093388948,0.4391997631513453,0.0,0.0
3.1900000000002326,-1.6426749864901167,-1.2084256616863913,1.6763901740288123,-0.48000915849401954,0.0,0.0,-1.0307954403733162,-0.1284726108898061,1.6120578421605003,0.7391719558501402,0.0,0.0,-0.016529573136556154,0.33689827257620253,-0.18944801618936466,0.4408372026438594,0.0,0.0
3.1950000000002343,-1.6486830852675618,-1.1948449993959323,1.6739852720743822,-0.4819240961789871,0.0,0.0,-1.03146905681395,-0.1409426811779253,1.6157544758801956,0.739454937151262,0.0,0.0,-0.014847857918477397,0.33578768057386205,-0.1872397479546302,0.4424691590277049,0.0,0.0
3.200000000000236,-1.6546237347864314,-1.1814451315009968,1.6715711945695255,-0.4836805339579706,0.0,0.0,-1.0322045675799232,-0.15323116747551543,1.6194521390779868,0.7395849024430631,0.0,0.0,-0.013171697633634858,0.334676298976516,-0.185023333647565,0.44409563151488735,0.0,0.0
3.2050000000002377,-1.6604978269813868,-1.168221267855002,1.6691487173416506,-0.48528507613077715,0.0,0.0,-1.0330010767839073,-0.16534285801114545,1.623150083346164,0.739568455971067,0.0,0.0,-0.011501096234695524,0.3335641258661516,-0.18279880068786716,0.44571662015969,0.0,0.0
3.2100000000002393,-1.6663062301978149,-1.155168762282116,1.66671858412552,-0.48674395959410227,0.0,0.0,-1.0338577121176695,-0.177282396810758,1.626847592367358,0.7394118337704979,0.0,0.0,-0.00983605768450511,0.332451159092879,-0.18056617649293058,0.44733212582358417,0.0,0.0
3.215000000000241,-1.672049789902571,-1.1422831089130447,1.6642815083409077,-0.48806307728112175,0.0,0.0,-1.034773624140223,-0.18905428738226682,1.6305439801329338,0.7391209271397884,0.0,0.0,-0.008176585957195863,0.33133739629531656,-0.1783254884738946,0.44894215014131333,0.0,0.0
3.2200000000002427,-1.677729329376149,-1.129559938428674,1.661838174757405,-0.489247999887725,0.0,0.0,-1.035747985584645,-0.20066289649090335,1.6342385892744016,0.7387013043995786,0.0,0.0,-0.0065226850391959836,0.33022283491958254,-0.17607676403185984,0.45054669548812637,0.0,0.0
3.2250000000002443,-1.683345650385921,-1.1169950142478993,1.6593892410545836,-0.4903039960241868,0.0,0.0,-1.0367799906839215,-0.21211245798908118,1.6379307894996282,0.7381582310760247,0.0,0.0,-0.004874358930147356,0.3291074722369849,-0.17382003055426518,0.45214576494814196,0.0,0.0
3.230000000000246,-1.6888995338402368,-1.1045842286899696,1.6569353392850776,-0.4912360509188667,0.0,0.0,-1.037868854516015,-0.2234070766705147,1.6416199761262895,0.7374966886350358,0.0,0.0,-0.0032316116437379307,0.32799130536048976,-0.17155531541142047,0.4537393622838109,0.0,0.0
3.2350000000002477,-1.6943917404233266,-1.092323599136614,1.6544770772475188,-0.4920488837894546,0.0,0.0,-1.0390138123682087,-0.2345507321234273,1.6453055687056164,0.7367213918829766,0.0,0.0,-0.0015944472084546484,0.3268743312600474,-0.16928264595318884,0.45532749190645805,0.0,0.0
3.2400000000002493,-1.6998230112110584,-1.0802092642148104,1.6520150397757314,-0.49274696398724055,0.0,0.0,-1.0402141191206686,-0.24554728256203354,1.6489870097300285,0.7358368051393486,0.0,0.0,3.713033173756555e-05,0.32575654677684973,-0.16700204950581368,0.4569101588478722,0.0,0.0
3.245000000000251,-1.7051940682676958,-1.0682374800173864,1.6495497899500668,-0.49333452601077843,0.0,0.0,-1.0414690486490792,-0.2564004686191943,1.6526637634187649,0.7348471572778419,0.0,0.0,0.0016631169167855583,0.3246379486365864,-0.16471355336888538,0.45848736873291723,0.0,0.0
3.2500000000002527,-1.7105056152238833,-1.0564046163754537,1.6470818702363161,-0.49381558347703824,0.0,0.0,-1.0427778932461074,-0.26711391708630394,1.6563353145760724,0.733756455723881,0.0,0.0,0.0032835084700016223,0.3235185334617632,-0.16241718481244224,0.46005912775313795,0.0,0.0
3.2550000000002544,-1.7157583378361492,-1.0447071531939736,1.6446118035572,-0.49419394213063594,0.0,0.0,-1.0441399630614163,-0.27769114458916455,1.6600011675169475,0.7325684994892855,0.0,0.0,0.004898300897576539,0.3223982977831437,-0.16011297107420122,0.4616254426413313,0.0,0.0
3.260000000000256,-1.72095290452826,-1.03314167685947,1.6421400943010667,-0.4944732119649028,0.0,0.0,-1.0455545855598771,-0.28813556119089345,1.6636608450557924,0.7312868913178302,0.0,0.0,0.006507490088147758,0.3212772380503695,-0.1578009393569131,0.4631863206470535,0.0,0.0
3.2650000000002577,-1.7260899669148118,-1.0217048767269503,1.6396672292720624,-0.4946568185223515,0.0,0.0,-1.0470211049975964,-0.29845047391485663,1.6673138875537215,0.7299150490092943,0.0,0.0,0.008111071912418727,0.32015535064181305,-0.15548111682583807,0.4647417695130382,0.0,0.0
3.2700000000002594,-1.7311701603074638,-1.0103935416914345,1.6371936785857193,-0.4947480134364558,0.0,0.0,-1.0485388819153512,-0.3086390901822684,1.6709598520205637,0.7284562159839423,0.0,0.0,0.009709042222825686,0.31903263187370917,-0.15315353060633705,0.4662917974524949,0.0,0.0
3.275000000000261,-1.7361941042042524,-0.9992045568481086,1.6347198965136156,-0.49474988427152256,0.0,0.0,-1.0501072926489854,-0.31870452116049913,1.6745983112679044,0.726913471144243,0.0,0.0,0.011301396853248387,0.3179090780086135,-0.1508182077815742,0.4678364131272608,0.0,0.0
3.2800000000002627,-1.7411624027624284,-0.9881349002439218,1.63224632228048,-0.4946653637127564,0.0,0.0,-1.0517257288563222,-0.3286497850193049,1.6782288531097926,0.7252897380859576,0.0,0.0,0.01288813161876154,0.31678468526323217,-0.14847517539032679,0.46937562562677987,0.0,0.0
3.2850000000002644,-1.7460756452552912,-0.9771816397224616,1.6297733808168704,-0.49449723815436447,0.0,0.0,-1.0533935970601223,-0.3384778100931931,1.6818510796079735,0.723587793706465,0.0,0.0,0.014469242315423906,0.3156594498156605,-0.14612446042489793,0.4709094444478806,0.0,0.0
3.290000000000266,-1.7509344065134778,-0.9663419298631031,1.6273014834703263,-0.4942481557296554,0.0,0.0,-1.0551103182066142,-0.3481914379489598,1.6854646063587486,0.7218102762543086,0.0,0.0,0.016044724720102176,0.31453336781206853,-0.14376608982912858,0.47243787947532745,0.0,0.0
3.2950000000002677,-1.755739247351186,-0.9556130090147296,1.6248310286776786,-0.49392063382354495,0.0,0.0,-1.0568753272391307,-0.35779342635813727,1.6890690618187723,0.7199596928604052,0.0,0.0,0.01761457459032699,0.3134064353728724,-0.14140009049650507,0.47396094096311997,0.0,0.0
3.3000000000002694,-1.7604907149778035,-0.9449921964237491,1.6223624026010168,-0.49351706610465246,0.0,0.0,-1.0586880726863648,-0.3672864521746664,1.6926640866672873,0.7180384265881198,0.0,0.0,0.019178787664178572,0.3122786485984211,-0.13902648926835817,0.47547863951651276,0.0,0.0
3.305000000000271,-1.765189343395408,-0.9344768894556454,1.619895979729621,-0.4930397291112112,0.0,0.0,-1.0605480162647813,-0.3766731141185801,1.6962493332024746,0.7160487430364568,0.0,0.0,0.020737359660199697,0.311150003574231,-0.13664531293215007,0.4769909860747346,0.0,0.0
3.3100000000002727,-1.7698356537826097,-0.9240645609089114,1.6174321234500173,-0.49249078842231875,0.0,0.0,-1.0624546324947137,-0.38595593546688056,1.6998244647697747,0.7139927965279195,0.0,0.0,0.02229028627733369,0.310020496375797,-0.13425658821984662,0.47849799189437975,0.0,0.0
3.3150000000002744,-1.7744301548651895,-0.913752756419896,1.6149711865861502,-0.49187230444358543,0.0,0.0,-1.0644074083296857,-0.3951373666531079,1.7033891552201657,0.7118726359101153,0.0,0.0,0.02383756319488556,0.3088901230730088,-0.1318603418063705,0.4799996685334507,0.0,0.0
3.320000000000276,-1.778973343273986,-0.9035390919568403,1.6125135119115368,-0.4911862378339797,0.0,0.0,-1.066405842798508,-0.40421978777735135,1.7069430883965422,0.7096902099979326,0.0,0.0,0.025379186072504212,0.30775887973419663,-0.12945660030813277,0.48149602783602724,0.0,0.0
3.3250000000002777,-1.7834657038904724,-0.89342125140117,1.6100594326351296,-0.4904344545985995,0.0,0.0,-1.0684494466597012,-0.4132055110286559,1.7104859576464562,0.7074473726810373,0.0,0.0,0.02691515055018405,0.3066267624298308,-0.12704539028163964,0.482987081917542,0.0,0.0
3.3300000000002794,-1.7879077101804515,-0.8833969842139574,1.607609272862506,-0.4896187308702075,0.0,0.0,-1.0705377420678224,-0.4220967830219353,1.714017465359611,0.7051458877195491,0.0,0.0,0.028445452248284243,0.30549376723589805,-0.12462673822217112,0.48447284315063804,0.0,0.0
3.335000000000281,-1.792299824516293,-0.8734641031853557,1.605163348033882,-0.48874075740062567,0.0,0.0,-1.072670262251261,-0.4308957870516137,1.7175373225285926,0.702787433249014,0.0,0.0,0.029970086767564137,0.30435989023697474,-0.12220067056252938,0.4859533241515916,0.0,0.0
3.3400000000002827,-1.7966424984881217,-0.8636204822647042,1.6027219653403537,-0.4878021437814972,0.0,0.0,-1.074846551201102,-0.43960464526430837,1.721045248331445,0.7003736060142014,0.0,0.0,0.03148904968923329,0.30322512752901803,-0.11976721367185329,0.48742853776727574,0.0,0.0
3.3450000000002844,-1.8009361732043494,-0.8538640544689682,1.6002854241196744,-0.4868044224124568,0.0,0.0,-1.0770661633706562,-0.44822542075291855,1.7245409697347678,0.6979059253497865,0.0,0.0,0.03300233657501477,0.3020894752218923,-0.11732639385449686,0.48889849706264993,0.0,0.0
3.350000000000286,-1.8051812795819446,-0.8441928098671215,1.5978540162327854,-0.48574905223340753,0.0,0.0,-1.0793286633852666,-0.45676011957452195,1.7280242211161287,0.6953858369246358,0.0,0.0,0.03450994296722053,0.3009529294416488,-0.11487823734896917,0.4903632153087516,0.0,0.0
3.3550000000002878,-1.8093782386268058,-0.8346047936380794,1.5954280264222473,-0.48463742223637357,0.0,0.0,-1.0816336257620225,-0.465210692694491,1.73149474390463,0.6928147162651784,0.0,0.0,0.03601186438883755,0.2998154863325754,-0.11242277032693287,0.49182270597117494,0.0,0.0
3.3600000000002894,-1.8135274617046027,-0.8250981041997855,1.5930077326536287,-0.4834708547712515,0.0,0.0,-1.0839806346390117,-0.47357903785924,1.7349522862385751,0.6901938720722121,0.0,0.0,0.03750809634362368,0.29867714205903084,-0.10996001889225933,0.49327698269901926,0.0,0.0
3.365000000000291,-1.81762935080244,-0.8156708914070702,1.5905934064408547,-0.4822506086587526,0.0,0.0,-1.0863692835137628,-0.4818670014000015,1.7383966026392275,0.687524549344445,0.0,0.0,0.03899863431621218,0.297537892807077,-0.10749000908013767,0.4947260593142877,0.0,0.0
3.3700000000002928,-1.8216842987816724,-0.8063213548159234,1.5881853131564487,-0.4809778821228541,0.0,0.0,-1.0887991749905421,-0.49007637996999664,1.7418274536997318,0.6848079323211129,0.0,0.0,0.040483473772223895,0.29639773478592535,-0.10501276685623608,0.496169949801721,0.0,0.0
3.3750000000002944,-1.8256926896222059,-0.7970477420118672,1.5857837123275373,-0.4796538155541996,0.0,0.0,-1.091269920536171,-0.498208922217335,1.745244605788319,0.6820451472551283,0.0,0.0,0.041962610158386295,0.2952566642292076,-0.10252831811591233,0.4976086682990513,0.0,0.0
3.380000000000296,-1.8296548986585945,-0.7878483470001467,1.5833888579184399,-0.47827949411506837,0.0,0.0,-1.0937811402440545,-0.5062663303959306,1.7486478307649769,0.6792372650273896,0.0,0.0,0.043436038902658396,0.2941146773960829,-0.10003668868347264,0.49904222908765883,0.0,0.0
3.3850000000002978,-1.8335712928082393,-0.7787215086555113,1.581000998600608,-0.47685595019578053,0.0,0.0,-1.0963324626061126,-0.5142502619166766,1.7520369057108123,0.6763853036121417,0.0,0.0,0.04490375541436081,0.29297177057219387,-0.09753790431147581,0.5004706465836188,0.0,0.0
3.3900000000002994,-1.8374422307919784,-0.7696656092294134,1.5786203780106343,-0.4753841657317107,0.0,0.0,-1.098923524292323,-0.5221623308410612,1.7554116126693913,0.6734902304025685,0.0,0.0,0.04636575508431033,0.29182794007048063,-0.09503199068008142,0.5018939353291221,0.0,0.0
3.395000000000301,-1.8412680633473555,-0.7606790729125015,1.5762472349970105,-0.4738650743894397,0.0,0.0,-1.101553969937594,-0.530004109319356,1.7587717383993737,0.6705529644051629,0.0,0.0,0.047822033284958106,0.2906831822318636,-0.09251897339643995,0.5033121099842567,0.0,0.0
3.400000000000303,-1.8450491334348316,-0.7517603644503513,1.5738818038562599,-0.47229956362998216,0.0,0.0,-1.104223451935691,-0.5377771289754439,1.7621170741378074,0.6675743783108244,0.0,0.0,0.04927258537053103,0.2895374934258016,-0.08999887799412308,0.5047251853191378,0.0,0.0
3.4050000000003044,-1.8487857764372069,-0.7429079878104364,1.5715243145590496,-0.470688476656474,0.0,0.0,-1.1069316302399606,-0.5454828822402953,1.7654474153734867,0.6645553004500813,0.0,0.0,0.05071740667717559,0.2883908700507381,-0.08747172993259261,0.5061331762063728,0.0,0.0
3.410000000000306,-1.8524783203524984,-0.734120484898401,1.5691749929668386,-0.46903261425320575,0.0,0.0,-1.1096781721705966,-0.5531228236360333,1.7687625616298113,0.6614965166393381,0.0,0.0,0.0521564925231037,0.2872433085344407,-0.084937554596706,0.5075360976138477,0.0,0.0
3.415000000000308,-1.856127085980523,-0.7253964343217619,1.566834061039586,-0.4673327365224074,0.0,0.0,-1.112462752228208,-0.5606983710124716,1.7720623162566151,0.6583987719245615,0.0,0.0,0.05358983820873988,0.2860948053342401,-0.08239637729625755,0.508933964597826,0.0,0.0
3.4200000000003095,-1.8597323871034095,-0.7167344501992348,1.564501737035021,-0.46558956452476324,0.0,0.0,-1.1152850519134516,-0.5682109067379396,1.7753464862304755,0.6552627722283977,0.0,0.0,0.05501743901686958,0.28494535693718065,-0.07984822326555303,0.5103267922963456,0.0,0.0
3.425000000000311,-1.8632945306602688,-0.7081331810139264,1.5621782356999396,-0.46380378182922716,0.0,0.0,-1.1181447595525105,-0.5756617788461512,1.778614881963021,0.652089185906302,0.0,0.0,0.05643929021278792,0.28379495986008374,-0.07729311766301679,0.5117145959229049,0.0,0.0
3.430000000000313,-1.8668138169162385,-0.6995913085087248,1.5598637684539656,-0.4619760359773369,0.0,0.0,-1.1210415701282013,-0.5830523021408027,1.7818673171168078,0.6488786452168899,0.0,0.0,0.057855387044448536,0.2826436106495334,-0.07473108557082954,0.5130973907604264,0.0,0.0
3.4350000000003145,-1.8702905396261027,-0.6911075466222479,1.557558543566196,-0.46010693986687873,0.0,0.0,-1.1239751851165005,-0.5903837592595348,1.7851036084283438,0.645631747711369,0.0,0.0,0.05926572474261222,0.28149130588178894,-0.0721621519945959,0.5144751921554889,0.0,0.0
3.440000000000316,-1.873724986192694,-0.6826806404638013,1.55526276632512,-0.45819707305942986,0.0,0.0,-1.1269453123282915,-0.5976574016988216,1.788323575537864,0.6423490575465942,0.0,0.0,0.060670298520994946,0.2803380421626293,-0.06958634186303993,0.5158480155128148,0.0,0.0
3.445000000000318,-1.8771174378202604,-0.6743093653258335,1.5529766392021804,-0.45624698301600997,0.0,0.0,-1.129951665756145,-0.6048744508012962,1.791527040825491,0.6390311067259801,0.0,0.0,0.06206910357641492,0.27918381612713633,-0.0670036800277277,0.5172158762900088,0.0,0.0
3.4500000000003195,-1.8804681696629895,-0.6659925257324506,1.55070036200933,-0.45425718626479034,0.0,0.0,-1.1329939654259396,-0.6120360987069634,1.7947138292534293,0.6356783962722351,0.0,0.0,0.06346213508893851,0.2780286244394206,-0.0644141912628155,0.5185787899925344,0.0,0.0
3.455000000000321,-1.8837774509688565,-0.6577289545225957,1.5484341320509094,-0.452228169504556,0.0,0.0,-1.1360719372531582,-0.6191435092696909,1.7978837682138573,0.6322913973356131,0.0,0.0,0.06484938822202449,0.27687246379229297,-0.06181790026482268,0.519936772168922,0.0,0.0
3.460000000000323,-1.8870455452189812,-0.6495175119665666,1.5461781442701628,-0.4501603906473688,0.0,0.0,-1.139185312903676,-0.6261978189403158,1.801036687382209,0.62887055224115,0.0,0.0,0.0662308581226667,0.27571533090688904,-0.05921483165242777,0.5212898384061979,0.0,0.0
3.4650000000003245,-1.890272710262638,-0.6413570849145881,1.5439325913906845,-0.4480542798036617,0.0,0.0,-1.1423338296588872,-0.6332001376176521,1.804172418575546,0.6254162754781118,0.0,0.0,0.06760653992153456,0.27455722253224657,-0.05660500996628702,0.522638004325529,0.0,0.0
3.470000000000326,-1.8934591984480933,-0.6332465859762118,1.5416976640530797,-0.4459102402127801,0.0,0.0,-1.1455172302850085,-0.6401515494686271,1.8072907956157376,0.6219289546346868,0.0,0.0,0.06897642873311156,0.27339813544484537,-0.05398845966887416,0.523981285578072,0.0,0.0
3.475000000000328,-1.896605256749413,-0.6251849527293691,1.5394735509470998,-0.44372864912179233,0.0,0.0,-1.1487352629064083,-0.6470531137187293,1.8103916541971838,0.6184089512807465,0.0,0.0,0.07034051965583112,0.2722380664481051,-0.05136520514434039,0.5253196978410245,0.0,0.0
3.4800000000003295,-1.8997111268893851,-0.6171711469579481,1.53726043893951,-0.44150985861521475,0.0,0.0,-1.1519876808828144,-0.6539058654138976,1.813474831758827,0.6148566018013292,0.0,0.0,0.07169880777220995,0.2710770123718525,-0.04873527069839366,0.5266532568138643,0.0,0.0
3.485000000000331,-1.9027770454587019,-0.6092041539168109,1.5350585131979244,-0.43925419639811697,0.0,0.0,-1.155274242690267,-0.6607108161549384,1.8165401673602148,0.6112722181833188,0.0,0.0,0.07305128814897888,0.2699149700717557,-0.04609868055819628,0.527981978214777,0.0,0.0
3.490000000000333,-1.9058032440315302,-0.601282981623219,1.5328679573108386,-0.4369619665349238,0.0,0.0,-1.1585947118056699,-0.667468954805505,1.8195875015613838,0.6076560887576441,0.0,0.0,0.07439795583721029,0.2687519364287304,-0.04345545887227997,0.5293058777772588,0.0,0.0
3.4950000000003345,-1.9087899492776075,-0.5934066601736762,1.530688953404074,-0.43463345014607707,0.0,0.0,-1.161948856594825,-0.6741812481746376,1.822616676306346,0.6040084788991616,0.0,0.0,0.07573880587244314,0.2675879083483199,-0.04080562971047741,0.5306249712468941,0.0,0.0
3.500000000000336,-1.9117373830709796,-0.5855742410852374,1.5285216822538374,-0.43226890606458124,0.0,0.0,-1.1653364502038137,-0.6808486416748095,1.8256275348099742,0.600329631686263,0.0,0.0,0.0770738332748042,0.2664228827600529,-0.03814921706386947,0.5319392743782977,0.0,0.0
3.505000000000338,-1.9146457625955065,-0.5777847966603756,1.5263663233966003,-0.4298685714543311,0.0,0.0,-1.168757270453609,-0.6874720599563975,1.8286199214480892,0.5966197685220956,0.0,0.0,0.0784030330491266,0.2652568566167793,-0.03548624484474747,0.5332488029322147,0.0,0.0
3.5100000000003395,-1.917515300447248,-0.5700374193745426,1.524223055235971,-0.4274326623919916,0.0,0.0,-1.172211099737805,-0.6940524075194395,1.8315936816505602,0.5928790897191906,0.0,0.0,0.07972640018506454,0.26408982689398836,-0.03281673688658939,0.5345535726727807,0.0,0.0
3.515000000000341,-1.9203462047338442,-0.5623312212855868,1.522092055146751,-0.42496137441409243,0.0,0.0,-1.1756977249233491,-0.7005905693035168,1.83454866179724,0.5891077750491486,0.0,0.0,0.08104392965720483,0.26292179058911,-0.03014071694404947,0.5358535993649237,0.0,0.0
3.520000000000343,-1.9231386791709943,-0.5546653334642421,1.5199734995763363,-0.42245488303088713,0.0,0.0,-1.179216937254169,-0.707087411256553,1.8374847091165651,0.585305984258952,0.0,0.0,0.08235561642517483,0.2617527447208015,-0.027458208692960433,0.537148898771915,0.0,0.0
3.5250000000003445,-1.9258929231761395,-0.5470389054449232,1.5178675641436297,-0.41991334420842896,0.0,0.0,-1.1827685322575963,-0.7135437808832915,1.8404016715866585,0.5814738575553529,0.0,0.0,0.08366145543374669,0.2605826863282213,-0.024769235730347627,0.5384394866530559,0.0,0.0
3.530000000000346,-1.9286091319594483,-0.5394511046961072,1.515774423735622,-0.41733689482022135,0.0,0.0,-1.186352309653479,-0.7199605077741779,1.8432993978387724,0.5776115160587004,0.0,0.0,0.08496144161293812,0.25941161247029176,-0.022073821574454356,0.5397253787615006,0.0,0.0
3.535000000000348,-1.9312874966122042,-0.5319011161096088,1.513694252601785,-0.4147256530697083,0.0,0.0,-1.189968073265894,-0.7263384041153375,1.846177737062933,0.5737190622274824,0.0,0.0,0.08625556987810931,0.2582395202249534,-0.019371989664777812,0.5410065908422054,0.0,0.0
3.5400000000003495,-1.9339282041926826,-0.5243881415080907,1.5116272244464226,-0.4120797188847908,0.0,0.0,-1.1936156309373622,-0.7326782651803118,1.8490365389156322,0.5697965802547641,0.0,0.0,0.08754383513005613,0.25706640668840963,-0.01666376336211492,0.5422831386300062,0.0,0.0
3.545000000000351,-1.9365314378096092,-0.5169113991701778,1.509573512519121,-0.409399174285472,0.0,0.0,-1.1972947944454788,-0.7389808698041812,1.8518756534294365,0.5658441364376373,0.0,0.0,0.08882623225509957,0.25589226897436657,-0.01394916594861747,0.5435550378478139,0.0,0.0
3.550000000000353,-1.9390973767032904,-0.5094701233725799,1.5075332897034208,-0.4066840837256618,0.0,0.0,-1.2010053794218696,-0.7452469808406792,1.854694930924375,0.5618617795207124,0.0,0.0,0.09010275612517125,0.25471710421326643,-0.011228220627856058,0.544822304204928,0.0,0.0
3.5550000000003545,-1.9416261963244903,-0.5020635639486476,1.505506728603846,-0.40393449441009904,0.0,0.0,-1.2047472052733932,-0.7514773456028633,1.8574942219209856,0.5578495410146155,0.0,0.0,0.09137340159789531,0.25354090955151837,-0.008500950524892099,0.546084953395462,0.0,0.0
3.560000000000356,-1.9441180684111465,-0.49469098586282306,1.5034940016314071,-0.4011504365872859,0.0,0.0,-1.2085200951055077,-0.757672696287895,1.8602733770548903,0.5538074354903859,0.0,0.0,0.09263816351666619,0.25236368215072535,-0.005767378686357459,0.547343001096878,0.0,0.0
3.565000000000358,-1.9465731610629917,-0.48735166880046077,1.5014952810876974,-0.3983319238192601,0.0,0.0,-1.212323875647719,-0.763833750386442,1.8630322469927838,0.5497354608506119,0.0,0.0,0.09389703671072279,0.25118541918690995,-0.003027528080541174,0.5485964629686261,0.0,0.0
3.5700000000003596,-1.9489916388141644,-0.4800449067725363,1.4995107392476983,-0.3954789532289776,0.0,0.0,-1.2161583771810422,-0.7699612110771968,1.865770682349724,0.5456335985780684,0.0,0.0,0.09515001599521851,0.2500061178497405,-0.0002814215974826872,0.5498453546508875,0.0,0.0
3.5750000000003612,-1.951373662703878,-0.4727700077347699,1.4975405484414024,-0.3925915057260138,0.0,0.0,-1.2200234334673974,-0.7760557676069787,1.8684885336076082,0.5415018139625792,0.0,0.0,0.09639709617128767,0.24882577534175587,0.0024709179509288617,0.5510896917634133,0.0,0.0
3.580000000000363,-1.9537193903452235,-0.46552629322072586,1.495584881134357,-0.38966954621124383,0.0,0.0,-1.2239188816808726,-0.78211809565686,1.8711856510347324,0.5373400563067622,0.0,0.0,0.09763827202610773,0.24764438887759313,0.005229467830849785,0.5523294899044605,0.0,0.0
3.5850000000003646,-1.9560289759921672,-0.45831309798846637,1.493643910007242,-0.386713023761106,0.0,0.0,-1.2278445623407794,-0.7881488576947432,1.8738618846063255,0.5331482591112632,0.0,0.0,0.09887353833295814,0.24646195568321702,0.007994205386371914,0.5535647646498215,0.0,0.0
3.5900000000003662,-1.9583025706048183,-0.45112976968036717,1.4917178080345694,-0.38372187179200457,0.0,0.0,-1.2318003192464444,-0.7941487033147777,1.8765170839259615,0.5289263402400437,0.0,0.0,0.10010288985127479,0.24527847299515235,0.010765108039408026,0.5547955315519397,0.0,0.0
3.595000000000368,-1.960540321913028,-0.4439756684957157,1.4898067485626154,-0.3806960082053618,0.0,0.0,-1.2357859994136617,-0.8001182695639973,1.8791510981477506,0.5246742020662257,0.0,0.0,0.101326321326701,0.24409393805972085,0.01354215328957307,0.556021806139115,0.0,0.0
3.6000000000003696,-1.9627423744783776,-0.4368501668757436,1.4879109053866695,-0.37763533551378253,0.0,0.0,-1.2398014530127452,-0.8060581812565307,1.8817637758992076,0.5203917315989702,0.0,0.0,0.10254382749113469,0.24290834813228226,0.01632531871406165,0.5572436039147912,0.0,0.0
3.6050000000003712,-1.9649088697546313,-0.42975264920075856,1.486030452827704,-0.37453974094875037,0.0,0.0,-1.243846533308128,-0.8119690512757145,1.8843549652047125,0.5160788005918032,0.0,0.0,0.10375540306277159,0.24172170047648106,0.019114581967522113,0.5584609403569257,0.0,0.0
3.610000000000373,-1.9670399461466943,-0.4226825114990652,1.4841655658085469,-0.37140909655023463,0.0,0.0,-1.2479210965994385,-0.817851480864426,1.886924513409464,0.5117352656327745,0.0,0.0,0.10496104274614478,0.24053399236349915,0.02190992078192774,0.5596738309174387,0.0,0.0
3.6150000000003746,-1.969135739068151,-0.4156391611673832,1.482316419929651,-0.36824325923854634,0.0,0.0,-1.2520250021639976,-0.8237060599039244,1.889472267103842,0.5073609682167871,0.0,0.0,0.10616074123216056,0.23934522107131542,0.024711312966445284,0.5608822910217376,0.0,0.0
3.6200000000003763,-1.971196380997431,-0.40862201670249076,1.4804831915445515,-0.3650420708687399,0.0,0.0,-1.2561581122006873,-0.8295333671814744,1.8919980720480853,0.5029557348004015,0.0,0.0,0.1073544931981306,0.23815538388397292,0.027518736407301427,0.562086336068317,0.0,0.0
3.625000000000378,-1.973222001532663,-0.4016305074438416,1.4786660578350905,-0.36180535826782384,0.0,0.0,-1.2603202917751257,-0.8353339706470042,1.8945017730972002,0.4985193768393717,0.0,0.0,0.10854229330780048,0.23696447809085366,0.03033216906764735,0.5632859814284312,0.0,0.0
3.6300000000003796,-1.9752127274452638,-0.3946640733269191,1.4768651968864992,-0.3585329332550016,0.0,0.0,-1.2645114087660987,-0.8411084276590352,1.896983214126017,0.49405169080914574,0.0,0.0,0.1097241362113745,0.2357725009859625,0.03315158898742184,0.5644812424458348,0.0,0.0
3.6350000000003813,-1.9771686827323265,-0.3877221646471159,1.4750807877624212,-0.3552245926451334,0.0,0.0,-1.2687313338131987,-0.8468572852200958,1.8994422379543034,0.48955245820851745,0.0,0.0,0.11090001654553709,0.23457944986721985,0.035976974283213316,0.5656721344365949,0.0,0.0
3.640000000000383,-1.9790899886678504,-0.38080424183393863,1.4733130105799614,-0.35188011823557114,0.0,0.0,-1.2729799402656088,-0.8525810802018177,1.9018786862718557,0.4850214455465827,0.0,0.0,0.1120699289334706,0.23338532203576431,0.03880830314812103,0.5668586726889674,0.0,0.0
3.6450000000003846,-1.9809767638528673,-0.37390977523536356,1.4715620465848387,-0.3484992767764833,0.0,0.0,-1.277257104131991,-0.8582803395598945,1.9042923995634837,0.4804584043131239,0.0,0.0,0.1132338679848697,0.23219011479526605,0.04164555385161586,0.568040872463338,0.0,0.0
3.6500000000003863,-1.9828291242645166,-0.3670382449121799,1.4698280782267321,-0.34508181992475767,0.0,0.0,-1.2815627040314241,-0.8639555805390624,1.9066832170338057,0.475863070932508,0.0,0.0,0.11439182829595237,0.23099382545125038,0.04448870473940094,0.5692187489922279,0.0,0.0
3.655000000000388,-1.9846471833041155,-0.36018914044217887,1.4681112892348955,-0.34162748418153105,0.0,0.0,-1.2858966211453404,-0.8696073108682462,1.909050976531771,0.4712351667011508,0.0,0.0,0.11554380444946745,0.22979645131043336,0.047337734233272456,0.5703923174803585,0.0,0.0
3.6600000000003896,-1.9864310518442745,-0.353361960734067,1.4664118646941258,-0.3381359908133666,0.0,0.0,-1.290258739170413,-0.8752360289459937,1.9113955144748316,0.46657439770856746,0.0,0.0,0.11668979101469897,0.22859798968006875,0.050192620830980965,0.5715615931047773,0.0,0.0
3.6650000000003913,-1.988180838275106,-0.34655621385099594,1.4647299911211684,-0.3346070457570645,0.0,0.0,-1.2946489442723494,-0.8808422240163047,1.9137166657726763,0.4618804547420001,0.0,0.0,0.11782978254746723,0.22739843786730857,0.053053343106093435,0.5727265910150426,0.0,0.0
3.670000000000393,-1.9898966485495766,-0.3397714168436217,1.463065856541637,-0.33104033950805867,0.0,0.0,-1.299067125040538,-0.8864263763349455,1.9160142637504447,0.4571530131745726,0.0,0.0,0.11896377359012679,0.22619779317857505,0.05591987970785638,0.573887326333464,0.0,0.0
3.6750000000003946,-1.9915785862280462,-0.33300709559262465,1.4614196505675336,-0.3274355469923212,0.0,0.0,-1.303513172443503,-0.891988957326315,1.9182881400713439,0.45239173283689954,0.0,0.0,0.12009175867156115,0.22499605291894778,0.05879220936106038,0.5750438141553995,0.0,0.0
3.6800000000003963,-1.993226752522043,-0.32626278466064,1.4597915644754504,-0.3237923274216643,0.0,0.0,-1.3079869797851194,-0.8975304297309158,1.9205381246585806,0.44759625787203666,0.0,0.0,0.12121373230717462,0.22379321439156402,0.06167031086590611,0.5761960695496057,0.0,0.0
3.685000000000398,-1.9948412463373248,-0.31953802715356616,1.4581817912855386,-0.32011032413229645,0.0,0.0,-1.3124884426615442,-0.9030512477434594,1.9227640456165263,0.44276621657363147,0.0,0.0,0.12232968899888119,0.22258927489703384,0.06455416309787237,0.5773441075586427,0.0,0.0
3.6900000000003996,-1.9964221643162656,-0.3128323745912407,1.4565905258413225,-0.31638916440645326,0.0,0.0,-1.3170174589188128,-0.9085518571416218,1.924965729151028,0.4379012212070991,0.0,0.0,0.12343962323509029,0.22138423173287083,0.0674437450075862,0.5784879431993317,0.0,0.0
3.6950000000004013,-1.9979696008796233,-0.30614538678748915,1.4550179648904529,-0.31262845927689636,0.0,0.0,-1.3215739286110546,-0.9140326954054407,1.927142999488788,0.4330008678136141,0.0,0.0,0.1245435294906901,0.2201780821929382,0.07033903562069542,0.5796275914632598,0.0,0.0
3.700000000000403,-1.999483648267728,-0.29947663173957473,1.4534643071664781,-0.3088278033140379,0.0,0.0,-1.326157753959288,-0.9194941918273284,1.9292956787957147,0.4280647359966753,0.0,0.0,0.12564140222702783,0.21897082356691117,0.0732400140377439,0.5807630673173397,0.0,0.0
3.7050000000004046,-2.0009643965811432,-0.29282568552709737,1.4519297534717253,-0.30498677439540933,0.0,0.0,-1.3307688393107324,-0.9249367676126522,1.931423587094162,0.42309238869097093,0.0,0.0,0.12673323589188756,0.2177624531397573,0.0761466594340496,0.5818943857044157,0.0,0.0
3.7100000000004063,-2.0024119338208437,-0.28619213222041,1.450414506761377,-0.3011049334571664,0.0,0.0,-1.3354070910986098,-0.9303608359708154,1.9335265421789738,0.4180833719132264,0.0,0.0,0.1278190249194654,0.21655296819123285,0.07905895105958585,0.5830215615439173,0.0,0.0
3.715000000000408,-2.003826345927962,-0.27957556379864584,1.448918772228839,-0.2971818242272824,0.0,0.0,-1.3400724178023689,-0.9357668021967458,1.9356043595322314,0.41303721449469605,0.0,0.0,0.1288987637303422,0.21534236599539855,0.08197686823886612,0.5841446097325631,0.0,0.0
3.7200000000004096,-2.0052077168231444,-0.2729755800774657,1.4474427573924855,-0.29321697294004206,0.0,0.0,-1.3447647299082983,-0.9411550637426821,1.9376568522366187,0.4079534277949095,0.0,0.0,0.12997244673145378,0.21413064382015404,0.08490039037083214,0.5852635451451094,0.0,0.0
3.7250000000004113,-2.006556128445577,-0.2663917886466663,1.4459866721838819,-0.289209888031421,0.0,0.0,-1.3494839398704717,-0.9465260102801192,1.939683830887308,0.4028315053962549,0.0,0.0,0.13104006831605924,0.21291779892679175,0.08782949692874623,0.5863783826351429,0.0,0.0
3.730000000000413,-2.007871660791718,-0.25982380481781064,1.4445507290375779,-0.2851600598148856,0.0,0.0,-1.3542299620719784,-0.9518800237517537,1.9416851035022706,0.3976709227789396,0.0,0.0,0.13210162286370675,0.21170382856957076,0.09076416746008739,0.5874891370359225,0.0,0.0
3.7350000000004147,-2.009154391953798,-0.2532712515820653,1.4431351429825723,-0.28106696013711735,0.0,0.0,-1.3590027127863882,-0.9572174784132408,1.9436604754309117,0.3924711369758309,0.0,0.0,0.13315710474019732,0.21048872999531235,0.093704381586452,0.5885958231612636,0.0,0.0
3.7400000000004163,-2.010404398158137,-0.24673375957846022,1.4417401317355494,-0.27693004201312005,0.0,0.0,-1.3638021101393987,-0.9625387408645503,1.9456097492609272,0.38723158620663367,0.0,0.0,0.13420650829754663,0.20927250044301665,0.09665011900345878,0.5896984558064633,0.0,0.0
3.745000000000418,-2.011621753803321,-0.24021096707281153,1.4403659157959952,-0.27274873924012855,0.0,0.0,-1.3686280740706134,-0.9678441700706851,1.947532724723282,0.3819516894908284,0.0,0.0,0.1352498278739451,0.20805513714350266,0.09960135948065865,0.590797049749277,0.0,0.0
3.7500000000004197,-2.0128065314983092,-0.23370251994757904,1.439012718543295,-0.2685224659896899,0.0,0.0,-1.373480526295396,-0.9731341173714858,1.949429198595192,0.37663084623873766,0.0,0.0,0.13628705779371608,0.20683663731907093,0.10255808286144953,0.5918916197509287,0.0,0.0
3.7550000000004213,-2.0139588021005155,-0.22720807170296017,1.4376807663359286,-0.26425061637724706,0.0,0.0,-1.3783593902667461,-0.9784089264802248,1.9512989646010117,0.37126843582005264,0.0,0.0,0.13731819236727247,0.2056169981831912,0.10552026906299632,0.5929821805571709,0.0,0.0
3.760000000000423,-2.015078634753922,-0.22072728346955253,1.4363702886128757,-0.2599325640085049,0.0,0.0,-1.3832645911371393,-0.9836689334706563,1.9531418133109042,0.36586381710909993,0.0,0.0,0.1383432258910718,0.20439621694021504,0.10848789807615634,0.5940687468993817,0.0,0.0
3.7650000000004247,-2.0161660969272885,-0.2142598240329555,1.4350815179973477,-0.25556766150180504,0.0,0.0,-1.3881960557202713,-0.9889144667521524,1.9549575320371784,0.3604163280060761,0.0,0.0,0.13936215264757013,0.20317429078511437,0.11146094996541013,0.5951513334957061,0.0,0.0
3.7700000000004263,-2.0172212544525143,-0.20780536987071502,1.4338146904029698,-0.25115523998569284,0.0,0.0,-1.39315371245265,-0.9941458470325264,1.9567459047281681,0.3549252849334325,0.0,0.0,0.14037496690517434,0.20195121690324805,0.11443940486879835,0.596229955052237,0.0,0.0
3.775000000000428,-2.0182441715632162,-0.20136360520205335,1.4325700451425392,-0.24669460857079617,0.0,0.0,-1.3981374913549673,-0.999363387268096,1.958506711859533,0.349389982306532,0.0,0.0,0.14138166291819365,0.2007269924701562,0.11742324299786455,0.5973046262642404,0.0,0.0
3.7800000000004297,-2.0192349109335903,-0.19493422205086977,1.4313478250394895,-0.24218505379508523,0.0,0.0,-1.4031473239931898,-1.0045673926005076,1.9602397303228434,0.3438096919776449,0.0,0.0,0.14238223492679017,0.199501614651384,0.12041244463760414,0.5983753618174168,0.0,0.0
3.7850000000004314,-2.020193533717619,-0.188516920322536,1.430148276542199,-0.23762583904151974,0.0,0.0,-1.408183143439299,-1.0097581602797945,1.961944733311318,0.3381836626522913,0.0,0.0,0.1433766771569282,0.19827508060233656,0.12340699014641983,0.5994421763892052,0.0,0.0
3.790000000000433,-2.0211200995887015,-0.18211140789506297,1.4289716498412801,-0.23301620392702788,0.0,0.0,-1.4132448842316112,-1.0149359795730952,1.9636214902025726,0.33251111927687677,0.0,0.0,0.1443649838203237,0.19704738746816522,0.12640685995608358,0.6005050846501278,0.0,0.0
3.7950000000004347,-2.0220146667797776,-0.17571740072525827,1.4278181989899996,-0.22835536366169504,0.0,0.0,-1.418332482334604,-1.0201011316584219,1.9652697664382308,0.3267912623964966,0.0,0.0,0.14534714911439242,0.19581853238368704,0.12941203457170564,0.6015641012651749,0.0,0.0
3.8000000000004364,-2.0228772921240146,-0.16933462297054988,1.4266881820279773,-0.22364250837697222,0.0,0.0,-1.4234458750981729,-1.025253889502782,1.9668893234002482,0.32102326748172055,0.0,0.0,0.1463231672221984,0.1945885124733394,0.13242249457171024,0.6026192408952282,0.0,0.0
3.805000000000438,-2.0237080310961537,-0.1629628071272059,1.425581861108327,-0.21887680242163993,0.0,0.0,-1.4285850012162373,-1.0303945177239564,1.9684799182837902,0.3152062842230923,0.0,0.0,0.14729303231240187,0.19335732485117002,0.13543822060781882,0.6036705181985245,0.0,0.0
3.8100000000004397,-2.0245069378545817,-0.1566016941857403,1.4244995026283973,-0.21405738362418603,0.0,0.0,-1.4337498006846146,-1.0355232724351175,1.9700413039664983,0.3093394357920041,0.0,0.0,0.14825673853920723,0.192124966620865,0.1384591934050405,0.6047179478321585,0.0,0.0
3.8150000000004414,-2.025274065284231,-0.1502510338043593,1.4234413773642918,-0.20918336252017616,0.0,0.0,-1.43894021475807,-1.0406404010714494,1.9715732288739742,0.303421818066525,0.0,0.0,0.14921428004231171,0.19089143487581586,0.14148539376167021,0.6057615444536282,0.0,0.0
3.820000000000443,-2.0260094650403886,-0.14391058450136884,1.4224077606093386,-0.2042538215431076,0.0,0.0,-1.4441561859064547,-1.0457461421978516,1.9730754368413028,0.29745249882066965,0.0,0.0,0.1501656509468539,0.1896567266992276,0.14451680254929467,0.6068013227224147,0.0,0.0
3.8250000000004447,-2.0267131875935194,-0.1375801138675403,1.421398932316704,-0.1992678141771478,0.0,0.0,-1.449397657769833,-1.0508407252967222,1.9745476669704258,0.2914305168755182,0.0,0.0,0.15111084536336322,0.18842083916426916,0.14755340071280626,0.6078372973016065,0.0,0.0
3.8300000000004464,-2.0273852822752034,-0.13125939879950765,1.420415177246339,-0.19422436407006333,0.0,0.0,-1.4546645751124958,-1.0559243705347552,1.9759896534831722,0.2853548812104812,0.0,0.0,0.1520498573877103,0.18718376933426872,0.1505951692704253,0.6088694828595594,0.0,0.0
3.835000000000448,-2.0280257973252933,-0.12494822575535626,1.4194567851164637,-0.18912246410454192,0.0,0.0,-1.4599568837757533,-1.0609972885075933,1.9774011255697423,0.2792245700329217,0.0,0.0,0.15298268110105828,0.18594551426295564,0.15364208931373058,0.6098978940715974,0.0,0.0
3.8400000000004497,-2.0286347799404107,-0.11864639103365147,1.4185240507598058,-0.1839610754260038,0.0,0.0,-1.4652745306293928,-1.0660596799610935,1.9787818072324321,0.2730385298042264,0.0,0.0,0.15390931056981552,0.1847060709947509,0.15669414200769854,0.610922545621755,0.0,0.0
3.8450000000004514,-2.0292122763238956,-0.112353701077256,1.4176172742848112,-0.1787391264248845,0.0,0.0,-1.470617463521682,-1.0711117354878463,1.980131417124374,0.26679567422030837,0.0,0.0,0.1548297398455899,0.1834654365651083,0.15975130859075123,0.6119434522045536,0.0,0.0
3.850000000000453,-2.029758331737342,-0.10606997280338813,1.4167367612420607,-0.17345551167124995,0.0,0.0,-1.47598563122779,-1.0761536351975156,1.9814496683830625,0.26049488314440244,0.0,0.0,0.15574396296514503,0.18222360800090948,0.16281357037481337,0.6129606285268249,0.0,0.0
3.8550000000004547,-2.0302729905538532,-0.09979503396148784,1.4158828227961389,-0.1681090907994755,0.0,0.0,-1.481378983396492,-1.08118554835942,1.9827362684584193,0.2541350014898857,0.0,0.0,0.15665197395035838,0.1809805823209138,0.16588090874537834,0.6139740893095672,0.0,0.0
3.8600000000004564,-2.0307562963131565,-0.09352872352057902,1.4150557759032099,-0.16269868734058765,0.0,0.0,-1.4867974704950122,-1.0862076330156825,1.9839909189351423,0.24771483805071987,0.0,0.0,0.15755376680818187,0.17973635653626724,0.16895330516158397,0.6149838492898451,0.0,0.0
3.865000000000458,-2.031208291778735,-0.0872708920879495,1.4142559434945658,-0.1572230874997172,0.0,0.0,-1.4922410437518576,-1.0912200355631174,1.9852133153490727,0.24123316427696723,0.0,0.0,0.1584493355306055,0.17849092765107202,0.17203074115629743,0.615989923222727,0.0,0.0
3.8700000000004597,-2.0316290189971347,-0.08102140236111226,1.4134836546664313,-0.1516810388759649,0.0,0.0,-1.4977096550974756,-1.0962228903019027,1.9864031469972945,0.23468871299267735,0.0,0.0,0.15933867409462318,0.17724429266302016,0.17511319833621058,0.6169923258832649,0.0,0.0
3.8750000000004614,-2.0320185193596187,-0.07478012961516509,1.4127392448763183,-0.1460712491218121,0.0,0.0,-1.5032032571025713,-1.1012163189489237,1.9875600967416736,0.2280801770532798,0.0,0.0,0.16022177646220293,0.17599644856409405,0.17820065838194452,0.6179910720685098,0.0,0.0
3.880000000000463,-2.03237683366635,-0.06854696222783445,1.4120230561462432,-0.1403923845390375,0.0,0.0,-1.5087218029138965,-1.1062004301134976,1.9886838408055283,0.22140620793944346,0.0,0.0,0.16109863658025994,0.1747473923413372,0.18129310304816482,0.6189861765995714,0.0,0.0
3.8850000000004647,-2.032704002193302,-0.06232180224466806,1.4113354372731275,-0.1346430686079159,0.0,0.0,-1.514265246187319,-1.1111753187330256,1.9897740485631012,0.21466541428417743,0.0,0.0,0.161969248380634,0.17349712097769887,0.18439051416370722,0.6199776543237159,0.0,0.0
3.8900000000004664,-2.0330000647620947,-0.05610456598703671,1.4106767440467274,-0.12882188044627718,0.0,0.0,-1.5198335410179633,-1.1161410654659143,1.9908303823214952,0.20785636032975233,0.0,0.0,0.16283360578007125,0.1722456314529557,0.18749287363171352,0.6209655201165021,0.0,0.0
3.895000000000468,-2.033265060812994,-0.04989518470581906,1.41004733947545,-0.12292735319479464,0.0,0.0,-1.5254266418672038,-1.1210977360388892,1.9918524970947078,0.20097756431081124,0.0,0.0,0.16369170268021083,0.17099292074471367,0.1906001634297786,0.6219497888839605,0.0,0.0
3.9000000000004698,-2.0334990294812885,-0.043693605283870514,1.409447594020436,-0.11695797232464594,0.0,0.0,-1.5310445034862752,-1.1260453805456203,1.9928400403693918,0.19402749675981282,0.0,0.0,0.16454353296757684,0.16973898582949662,0.19371236561010824,0.6229304755648102,0.0,0.0
3.9050000000004714,-2.033702009677317,-0.03749979099062929,1.4088778858383084,-0.11091217386345512,0.0,0.0,-1.5366870808362458,-1.1309840326932883,1.9937926518619389,0.18700457873071558,0.0,0.0,0.16538909051357564,0.16848382368392262,0.19682946229968817,0.6239075951327164,0.0,0.0
3.910000000000473,-2.0338740401704,-0.03131372229248211,1.408338601033001,-0.10478834253516574,0.0,0.0,-1.5423543290040873,-1.135913708993487,1.9947099632664695,0.17990717993655425,0.0,0.0,0.1662283691744995,0.16722743128597437,0.19995143570046472,0.6248811625985878,0.0,0.0
3.9150000000004748,-2.0340151596769735,-0.025135397722806888,1.4078301339171153,-0.09858480980922732,0.0,0.0,-1.5480462031145512,-1.1408344078935566,1.9955915979932835,0.17273361679628885,0.0,0.0,0.1670613627915369,0.16596980561636832,0.20307826808953658,0.6258511930129151,0.0,0.0
3.9200000000004764,-2.0341254069532333,-0.01896483481593011,1.407352887283267,-0.09229985185418522,0.0,0.0,-1.5537626582375437,-1.1457461088440914,1.9964371708973094,0.1654821503860174,0.0,0.0,0.16788806519078978,0.16471094366002656,0.2062099418193588,0.6268177014681444,0.0,0.0
3.925000000000478,-2.0342048208926142,-0.012802071109585205,1.4069072726859153,-0.08593168739045542,0.0,0.0,-1.5595036492906715,-1.1506487712980678,1.9972462879960613,0.1581509842893352,0.0,0.0,0.16870847018329832,0.16345084240765767,0.2093464393179586,0.6277807031010969,0.0,0.0
3.9300000000004798,-2.0342534406284636,-0.006647165220837506,1.4064937107341888,-0.0794784754367363,0.0,0.0,-1.5652691309365985,-1.15554233363661,1.998018546176583,0.1507382623412905,0.0,0.0,0.16952257156507436,0.16218949885745207,0.21248774308916324,0.6287402130954226,0.0,0.0
3.9350000000004814,-2.0342713056422914,-0.0005001980008551867,1.406112631396263,-0.0729383129441559,0.0,0.0,-1.5710590574748402,-1.1604267120160374,1.998753532890831,0.1432420662600382,0.0,0.0,0.1703303631171431,0.16092691001689666,0.21563383571284053,0.6296962466840947,0.0,0.0
3.940000000000483,-2.034258455878,0.005638726225643124,1.4057644743158553,-0.066309232311875,0.0,0.0,-1.5768733827275823,-1.1653017991303545,1.9994508258389272,0.13566041315990945,0.0,0.0,0.1711318386055944,0.15966307290471587,0.21878469984515173,0.6306488191519428,0.0,0.0
3.945000000000485,-2.0342149318625435,0.011769478329941187,1.405449689141455,-0.05958919877746576,0.0,0.0,-1.5827120599190887,-1.1701674628828826,2.0001099926396626,0.12799125293921992,0.0,0.0,0.17192699178164406,0.15839798455294593,0.22194031821881716,0.6315979458382229,0.0,0.0
3.9500000000004865,-2.034140774833469,0.017891902951017637,1.4051687358689262,-0.05277610767495148,0.0,0.0,-1.5885750415482258,-1.1750235449601618,2.000730590487614,0.12023246553570134,0.0,0.0,0.17271581638170602,0.15713164200914823,0.2251006736433949,0.6325436421392278,0.0,0.0
3.955000000000488,-2.034036026873867,0.024005816961929775,1.4049220851981727,-0.045867781552933834,0.0,0.0,-1.5944622792535974,-1.179869859300696,2.001312165796189,0.11238185804198345,0.0,0.0,0.17349830612747558,0.15586404233876996,0.22826574900557253,0.633485923510928,0.0,0.0
3.96000000000049,-2.033900731055273,0.030111007822797235,1.404710218904573,-0.03886196714473998,0.0,0.0,-1.6003737236707414,-1.1847061904504532,2.0018542538258886,0.10443716167306,0.0,0.0,0.17427445472602526,0.15459518262765942,0.23143552726947236,0.6344248054716575,0.0,0.0
3.9650000000004915,-2.033734931589096,0.03620723181159066,1.4045336302259535,-0.03175633218199351,0.0,0.0,-1.6063093242808064,-1.1895322917963316,2.00235637829701,0.09639602857714362,0.0,0.0,0.1750442558699133,0.1533250599847443,0.2346099914769698,0.6353603036048273,0.0,0.0
3.970000000000493,-2.0335386739872257,0.04229421212315956,1.404392824265907,-0.024548462042448038,0.0,0.0,-1.612269029250069,-1.194347883668038,2.002818050986,0.08825602848074939,0.0,0.0,0.17580770323730613,0.1520536715448818,0.2377891247480257,0.6362924335616762,0.0,0.0
3.975000000000495,-2.0333120052324953,0.04837163682608906,1.404288318414303,-0.01723585622231769,0.0,0.0,-1.6182527852596096,-1.1991526512979744,2.003238771304597,0.08001464515824207,0.0,0.0,0.17656479049211565,0.15078101447188894,0.24097291028103246,0.6372212110640533,0.0,0.0
3.9800000000004965,-2.0330549739597306,0.05443915666604792,1.4042206427858985,-0.009815924622689855,0.0,0.0,-1.62426053732441,-1.2039462426278074,2.0036180258608596,0.07166927271543438,0.0,0.0,0.1773155112841518,0.1495070859617632,0.24416133135317422,0.6381466519072332,0.0,0.0
3.985000000000498,-2.0327676306482063,0.060496382703272844,1.404190340678004,-0.0022859836389123463,0.0,0.0,-1.6302922286010748,-1.2087282659493739,2.0039552880011273,0.06321721167613009,0.0,0.0,0.178059859249292,0.14823188324610498,0.2473543713208007,0.6390687719627601,0.0,0.0
3.9900000000005,-2.03245002782634,0.06654288377071595,1.40419796904822,0.005356747958896279,0.0,0.0,-1.6363478001833176,-1.2134982873664624,2.0042500173318962,0.05465566485976206,0.0,0.0,0.17879782800966817,0.14695540359575038,0.25055201361981616,0.6399875871813195,0.0,0.0
3.9950000000005015,-2.0321022202895884,0.07257818373815299,1.4042440990133171,0.013115153366860366,0.0,0.0,-1.6424271908842736,-1.2182558280627769,2.0045016592205336,0.04598173303748049,0.0,0.0,0.1795294111738725,0.1456776443246279,0.253754241766082,0.6409031135956369,0.0,0.0
4.000000000000503,-2.031724265332532,0.0786017585661963,1.404329316370406,0.020992222323384442,0.0,0.0,-1.64853033700464,-1.223000361360042,2.004709644273691,0.03719241035319389,0.0,0.0,0.18025460233718305,0.14439860279384995,0.2569610393558346,0.6418153673233994,0.0,0.0
4.0050000000005,-2.0313162229962565,0.08461303313266694,1.4044542221416034,0.02899105593462663,0.0,0.0,-1.6546571720855423,-1.2277313095487155,2.004873387792211,0.028284579495153173,0.0,0.0,0.18097339508181018,0.14311827641605224,0.2601723900661171,0.6427243645701975,0.0,0.0
4.010000000000497,-2.030878156332207,0.09061137781213739,1.40461943314348,0.037114871764798656,0.0,0.0,-1.6608076266449465,-1.2324480404721296,2.0049922892012244,0.019255006602690906,0.0,0.0,0.18168578297716587,0.14183666265999625,0.2633882776552267,0.6436301216324877,0.0,0.0
4.015000000000494,-2.030410131683809,0.09659610478764334,1.4048255825826566,0.04536700920772973,0.0,0.0,-1.6669816278963348,-1.2371498638430856,2.0050657314540983,0.010100335891682514,0.0,0.0,0.18239175958015633,0.14055375905544634,0.2666086859631759,0.6445326549005649,0.0,0.0
4.020000000000492,-2.029912218987241,0.10256646407156242,1.4050733206789967,0.0537509351572524,0.0,0.0,-1.6731790994482465,-1.241836027269898,2.005093080408764,0.0008170839811742624,0.0,0.0,0.18309131843549953,0.13926956319834013,0.2698335989121698,0.6454319808615505,0.0,0.0
4.025000000000489,-2.0293844920928876,0.10852163921044655,1.4053633153179383,0.06227024999516792,0.0,0.0,-1.67939996098317,-1.2465057119667076,2.0050736841748953,-0.008598366097574797,0.0,0.0,0.18378445307607014,0.13798407275626587,0.27306300050709725,0.6463281161023843,0.0,0.0
4.030000000000486,-2.028827029109116,0.11446074264614682,1.4056962527335994,0.07092869391683215,0.0,0.0,-1.685644127914143,-1.251158028120407,2.005006872430293,-0.01814977122967328,0.0,0.0,0.18447115702327158,0.13669728547426527,0.2762968748360375,0.6472210773128186,0.0,0.0
4.035000000000483,-2.028239912770163,0.12038281070286282,1.4060728382244,0.07973015361577479,0.0,0.0,-1.6919115110172638,-1.255792009883838,2.0048919557047484,-0.027841034904208178,0.0,0.0,0.18515142378743898,0.13540919918098057,0.2795352060707817,0.648110881288411,0.0,0.0
4.0400000000004805,-2.027623230830094,0.1262867981667469,1.4064937969030518,0.08867866935023136,0.0,0.0,-1.6982020160381677,-1.2604066099619047,2.0047282246295084,-0.037676214283759425,0.0,0.0,0.18582524686827315,0.13411981179516372,0.2827779784673698,0.6489975449335058,0.0,0.0
4.045000000000478,-2.0269770764849575,0.13217157242136504,1.4069598744828853,0.09777844241603434,0.0,0.0,-1.7045155432703387,-1.2650006937539284,2.0045149491504035,-0.047659527680257496,0.0,0.0,0.186492619755308,0.13282912133256983,0.28602517636664143,0.6498810852642012,0.0,0.0
4.050000000000475,-2.026301548825458,0.13803590709862185,1.407471838102613,0.10703384305197915,0.0,0.0,-1.710851987102944,-1.2695730330118713,2.004251377702516,-0.05779536246329364,0.0,0.0,0.18715353592841388,0.13153712591325614,0.28927678419480213,0.6507615194112923,0.0,0.0
4.055000000000472,-2.0255967533226715,0.14387847520064928,1.4080304771917553,0.11644941880556345,0.0,0.0,-1.7172112355356541,-1.2741222989699528,2.003936736344171,-0.0680882834287724,0.0,0.0,0.1878079888583381,0.1302438237693097,0.2925327864640043,0.6516388646231869,0.0,0.0
4.0600000000004695,-2.0248628023495803,0.1496978416435954,1.40863660437911,0.1260299033888933,0.0,0.0,-1.7235931696576927,-1.2786470548966178,2.0035702278478777,-0.07854304165769162,0.0,0.0,0.1884559720072853,0.1289492132530285,0.29579316777294246,0.6525131382687763,0.0,0.0
4.065000000000467,-2.024099815741442,0.15549245516916263,1.4092910564467909,0.1357802260565669,0.0,0.0,-1.7299976630880862,-1.2831457480147386,2.0031510307456766,-0.08916458389685002,0.0,0.0,0.18909747882954014,0.12765329284558258,0.2990579128074626,0.6533843578402609,0.0,0.0
4.070000000000464,-2.0233079213983043,0.16126063956407966,1.4099946953325295,0.1457055215394836,0.0,0.0,-1.736424581373818,-1.2876167007302555,2.0026782983262144,-0.09995806249541968,0.0,0.0,0.18973250277213402,0.1263560611661827,0.3023270063411856,0.6542525409559136,0.0,0.0
4.075000000000461,-2.0224872559332927,0.1670005841213736,1.4107484091831142,0.15581114057079193,0.0,0.0,-1.742873781342255,-1.2920581011031527,2.0021511575806707,-0.11092884593358564,0.0,0.0,0.19036103727555967,0.12505751698178552,0.3056004332361447,0.6551177053627711,0.0,0.0
4.080000000000458,-2.021637965370632,0.17271033327025065,1.411553113462015,0.16610266104258373,0.0,0.0,-1.7493451104038908,-1.2964679924876132,2.001568708094479,-0.12208252998184439,0.0,0.0,0.1909830757745352,0.12375765921736849,0.3088781784434356,0.6559798689392382,0.0,0.0
4.085000000000456,-2.020760205897767,0.1783877752935041,1.412409752114455,0.17658589983445824,0.0,0.0,-1.755838405801042,-1.3008442622603045,2.0009300208815954,-0.13342494953207218,0.0,0.0,0.19159861169882095,0.12245648696680586,0.3121602270038796,0.6568390496975913,0.0,0.0
4.090000000000453,-2.0198541446763576,0.18403063004254952,1.4133192987933958,0.18726692535772688,0.0,0.0,-1.7623534937977223,-1.3051846295469265,2.000234137157835,-0.1449621911441157,0.0,0.0,0.19220763847409272,0.12115399950438269,0.31544656404869886,0.6576952657863662,0.0,0.0
4.09500000000045,-2.0189199607174166,0.1896364355502955,1.414282758150127,0.19815207086178815,0.0,0.0,-1.7688901888054438,-1.309486631847273,1.9994800670495991,-0.15670060635441913,0.0,0.0,0.19281014952287387,0.11985019629698386,0.31873717480020397,0.6585485354926081,0.0,0.0
4.100000000000447,-2.0179578458263605,0.19520253343098268,1.4153011671933946,0.2092479485520761,0.0,0.0,-1.7754482924391566,-1.3137476104479748,1.9986667882340439,-0.16864682579606566,0.0,0.0,0.1934061382655303,0.11854507701699883,0.3220320445724913,0.6593988772439665,0.0,0.0
4.1050000000004445,-2.0169680056243457,0.20072605294368268,1.4163755967212601,0.2205614645719456,0.0,0.0,-1.782027592496973,-1.31796469449966,1.9977932445065187,-0.18080777418258046,0.0,0.0,0.19399559812133185,0.11723864155598424,0.32533115877215074,0.6602463096106121,0.0,0.0
4.110000000000442,-2.015950660652915,0.20620389358217425,1.4175071528301377,0.23209983490389574,0.0,0.0,-1.7886278618566558,-1.3221347836212973,1.9968583442708088,-0.1931906862108672,0.0,0.0,0.19457852250958385,0.11593089003913001,0.3286345028989832,0.6610908513069488,0.0,0.0
4.115000000000439,-2.0149060475696903,0.21163270603819803,1.4186969785057595,0.24387060224860654,0.0,0.0,-1.795248857281131,-1.3262545288787682,1.9958609589474454,-0.205803123441728,0.0,0.0,0.19515490485083326,0.11462182284057763,0.3319420625467251,0.6619325211930984,0.0,0.0
4.120000000000436,-2.0138344204436605,0.217008871367392,1.4199462553011082,0.2558816539433423,0.0,0.0,-1.8018903181244814,-1.3303203119670253,1.9947999212950414,-0.21865299221948847,0.0,0.0,0.19572473856815356,0.11331144059964067,0.3352538234037806,0.6627713382761232,0.0,0.0
4.125000000000433,-2.0127360521595343,0.22232847816726417,1.421256205106672,0.26814124098429526,0.0,0.0,-1.8085519649289674,-1.3343282224052404,1.9936740236392996,-0.23174856269527058,0.0,0.0,0.19628801708851334,0.11199974423798399,0.3385697712539584,0.6636073217109523,0.0,0.0
4.130000000000431,-2.0116112359416025,0.22758729755404997,1.4226280920187109,0.28065799822034376,0.0,0.0,-1.815233497902619,-1.3382740325318603,1.992482016004006,-0.2450984890213461,0.0,0.0,0.19684473384423268,0.11068673497781767,0.34188989197721265,0.6644404908009792,0.0,0.0
4.135000000000428,-2.010460287008708,0.2327807556998759,1.4240632243115663,0.293440965788376,0.0,0.0,-1.8219345952658137,-1.3421531700610376,1.9912226041379766,-0.2587118307866854,0.0,0.0,0.19739488227453397,0.10937241436116915,0.3452141715503866,0.6652708649982867,0.0,0.0
4.140000000000425,-2.0092835443731847,0.23790390366290506,1.4255629565204,0.3064996118626767,0.0,0.0,-1.828654911453994,-1.345960687933195,1.9898944474315745,-0.2725980757661504,0.0,0.0,0.19793845582719136,0.10805678427029737,0.348542596047955,0.6660984639034508,0.0,0.0
4.145000000000422,-2.008081372798018,0.24295138421058976,1.427128691641118,0.31984385679273286,0.0,0.0,-1.8353940751622548,-1.3496912311599032,1.9884961567160457,-0.28676716405763664,0.0,0.0,0.1984754479602854,0.10673984694932026,0.35187515164276556,0.666923307264881,0.0,0.0
4.15000000000042,-2.006854164928102,0.24791739529928228,1.428761883454616,0.33348409870498386,0.0,0.0,-1.8421516872159545,-1.3533390003264048,1.987026291938538,-0.3012295136826385,0.0,0.0,0.19900585214406924,0.10542160502712862,0.35521182460677525,0.6677454149776316,0.0,0.0
4.155000000000417,-2.0056023436132357,0.2527956498316125,1.4304640389828447,0.3474312406443009,0.0,0.0,-1.8489273182497041,-1.3568977113732714,1.9854833597053054,-0.3159960477259558,0.0,0.0,0.1995296618629525,0.1041020615416648,0.35855260131177924,0.6685648070816316,0.0,0.0
4.160000000000414,-2.0043263644425044,0.25757933126554156,1.4322367210845903,0.36169671932998787,0.0,0.0,-1.8557205061750928,-1.360360551231186,1.9838658106852092,-0.33107822308926704,0.0,0.0,0.2000468706176102,0.10278121996565039,0.36189746823013,0.6693815037592556,0.0,0.0
4.165000000000411,-2.003026718511978,0.2622610445949922,1.434081551199223,0.3762925355984901,0.0,0.0,-1.8625307534152333,-1.3637201288288365,1.9821720368652649,-0.34648806093068135,0.0,0.0,0.20055747192722403,0.10145908423385071,0.3652464119354414,0.6701955253321679,0.0,0.0
4.1700000000004085,-2.0017039354501818,0.2668327621605215,1.4360002122470166,0.3912312866002685,0.0,0.0,-1.8693575238816706,-1.3669684209324857,1.9804003686496374,-0.36223817885764054,0.0,0.0,0.20106145933186437,0.10013565877197007,0.36859941910327554,0.6710068922573481,0.0,0.0
4.175000000000406,-2.0003585867286917,0.27128576367852114,1.4379944516949599,0.40652619981084015,0.0,0.0,-1.8762002396663175,-1.3700967122057919,1.978549071793161,-0.3783418249330785,0.0,0.0,0.20155882639502062,0.09881094852727695,0.3719564765118082,0.6718156251222139,0.0,0.0
4.180000000000403,-1.9989912892884547,0.27561056979767085,1.440066084797272,0.42219116890501446,0.0,0.0,-1.8830582774178228,-1.3730955287987296,1.9766163441601907,-0.39481291354376535,0.0,0.0,0.20204956670628924,0.09748495900106384,0.37531757104246616,0.6726217446387264,0.0,0.0
4.1850000000004,-1.9976027095161144,0.2797968684003696,1.4422169980200132,0.4382407915279135,0.0,0.0,-1.889930964368103,-1.3759545646834175,1.974600312299383,-0.41166606316430876,0.0,0.0,0.20253367388422922,0.09615769628305292,0.37868268968053304,0.6734252716363707,0.0,0.0
4.190000000000397,-1.9961935676087734,0.2838334327629771,1.4444491526593255,0.4546904089752214,0.0,0.0,-1.8968175739706097,-1.3786625998508357,1.9724990278248868,-0.4289166360291288,0.0,0.0,0.20301114157939462,0.09482916708786392,0.38205181951571693,0.6742262270538826,0.0,0.0
4.195000000000395,-1.9947646423703713,0.28770803056999705,1.446764588662825,0.4715561477667472,0.0,0.0,-1.903717321107171,-1.3812074093636595,1.9703104635944313,-0.44658077969634763,0.0,0.0,0.20348196347755446,0.09349937879366724,0.3854249477426729,0.6750246319295761,0.0,0.0
4.200000000000392,-1.9933167764881923,0.29140732264163915,1.4491654286634907,0.4888549630598877,0.0,0.0,-1.9106293568149073,-1.383575662124786,1.9680325096749645,-0.46467547045002805,0.0,0.0,0.20394613330311187,0.09216833948315131,0.38880206166147346,0.6758205073901162,0.0,0.0
4.205000000000389,-1.991850882344101,0.29491675007900264,1.4516538822350213,0.5066046838005596,0.0,0.0,-1.9175527624786213,-1.385752808065937,1.9656629690868885,-0.4832185584381463,0.0,0.0,0.2044036448227344,0.09083605798693851,0.39218314867801896,0.6766138746375624,0.0,0.0
4.210000000000386,-1.9903679484220271,0.2982204083535752,1.4542322503769602,0.5248240594456133,0.0,0.0,-1.924486543427168,-1.3877229522831627,1.9631995533185904,-0.5022288143801213,0.0,0.0,0.20485449184920745,0.08950254392959135,0.3955681963043783,0.6774047549344839,0.0,0.0
4.2150000000003836,-1.9888690463810723,0.3013009066645792,1.4569029302368701,0.5435328080088899,0.0,0.0,-1.9314296218644398,-1.3894687144429287,1.9606398776040095,-0.5217259775958456,0.0,0.0,0.2052986682455245,0.08816780777835355,0.3989571921590491,0.6781931695869318,0.0,0.0
4.220000000000381,-1.9873553388725693,0.30413921065526683,1.4596684200753394,0.5627516650782198,0.0,0.0,-1.9383808290566469,-1.3909710715500407,1.9579814559574604,-0.5417308050032681,0.0,0.0,0.20573616792922864,0.08683186089477811,0.40235012396712877,0.6789791399250243,0.0,0.0
4.225000000000378,-1.9858280881896104,0.30671446631342253,1.4625313244775235,0.5825024333168408,0.0,0.0,-1.9453388966873963,-1.3922091819028137,1.955221695962025,-0.5622651205977413,0.0,0.0,0.20616698487701898,0.08549471558939573,0.40574697956038,0.6797626872808769,0.0,0.0
4.230000000000375,-1.9842886658491896,0.3090038025774897,1.4654943598120846,0.6028080317925041,0.0,0.0,-1.952302447280438,-1.3931601877570667,1.9523578933106642,-0.5833518647561015,0.0,0.0,0.20659111312963946,0.08415638517958196,0.40914774687717975,0.6805438329635739,0.0,0.0
4.2350000000003725,-1.9827385632203294,0.3109821098228376,1.4685603599345893,0.6236925442616021,0.0,0.0,-1.9592699835767227,-1.393798993873613,1.9493872261030043,-0.6050151424924771,0.0,0.0,0.20700854679706399,0.08281688405078065,0.41255241396233505,0.6813225982308514,0.0,0.0
4.24000000000037,-1.981179403326671,0.3126217910072407,1.471732282127402,0.6451812652622054,0.0,0.0,-1.9662398767373144,-1.3940980187284766,1.946306748905779,-0.6272802695193416,0.0,0.0,0.20741928006399768,0.081476227721241,0.41596096896674745,0.6820990042571122,0.0,0.0
4.245000000000367,-1.9796129539692013,0.31389248180485974,1.4750132132615557,0.667300742524192,0.0,0.0,-1.973210353226496,-1.3940269147152762,1.9431133865914643,-0.6501738146215758,0.0,0.0,0.20782330719570985,0.0801344329104211,0.4193734001469084,0.6828730720973605,0.0,0.0
4.250000000000364,-1.9780411423343964,0.3147607355479386,1.4784063761575719,0.6900788137681146,0.0,0.0,-1.98017948020981,-1.3935522531591369,1.939803927978154,-0.6737236364147284,0.0,0.0,0.20822062254421925,0.07879151761120362,0.4227896958642026,0.6836448226465904,0.0,0.0
4.255000000000361,-1.9764660712753754,0.3151896682192968,1.4819151361112377,0.7135446354136921,0.0,0.0,-1.9871451492794612,-1.3926371693853468,1.9363750193046951,-0.6979589120078293,0.0,0.0,0.20861122055484976,0.07744750116605523,0.4262098445839961,0.684414276594114,0.0,0.0
4.260000000000359,-1.974890037479033,0.31513855809140345,1.485543007536284,0.7377287000244532,0.0,0.0,-1.9941050582941307,-1.3912409624386424,1.9328231575891628,-0.7229101543967255,0.0,0.0,0.20899509577317715,0.07610240434724398,0.4296338348744821,0.6851814543722488,0.0,0.0
4.265000000000356,-1.9733155517609076,0.31456239388569207,1.4892936606579423,0.7626628384402039,0.0,0.0,-2.001056691091466,-1.3893186433268871,1.9291446839367314,-0.7486092145389528,0.0,0.0,0.2093722428523871,0.074756249441201,0.4330616554052548,0.685946376098725,0.0,0.0
4.270000000000353,-1.9717453617621397,0.3134113645278014,1.4931709281684682,0.7883802014471899,0.0,0.0,-2.007997294798912,-1.3868204248648721,1.9253357768858823,-0.7750892629593147,0.0,0.0,0.20974265656106578,0.07340906033707678,0.4364932949455783,0.6867090615121006,0.0,0.0
4.27500000000035,-1.9701824773596468,0.3116302827039326,1.497178811726631,0.814915214448989,0.0,0.0,-2.0149238544317827,-1.3836911453234184,1.9213924459109843,-0.802384744348399,0.0,0.0,0.21010633179144358,0.07206086261949164,0.43992874236231305,0.6874695298993861,0.0,0.0
4.2800000000003475,-1.9686301991419166,0.3091579334907965,1.5013214881463068,0.8423034968564174,0.0,0.0,-2.021833064426182,-1.379869617156206,1.9173105252361615,-0.830531296871442,0.0,0.0,0.2104632635681127,0.07071168366541546,0.44336798661745935,0.688227800015001,0.0,0.0
4.285000000000345,-1.9670921503488874,0.30592633835769484,1.505603315072619,0.8705817357212723,0.0,0.0,-2.028721296708338,-1.3752878911027149,1.9130856681620363,-0.8595656257113813,0.0,0.0,0.21081344705723962,0.06936155274502576,0.4468110167652723,0.6889838899900854,0.0,0.0
4.290000000000342,-1.9655723127253462,0.3018599238612802,1.5100288358850729,0.8997875003835579,0.0,0.0,-2.0355845648509305,-1.3698704249875564,1.908713342165958,-0.8895253176146691,0.0,0.0,0.21115687757629087,0.06801050112628164,0.45025782194889646,0.6897378172310873,0.0,0.0
4.295000000000339,-1.9640750667930096,0.29687458343249146,1.5146027834926872,0.9299589814454116,0.0,0.0,-2.0424184838112662,-1.3635331456152948,1.9041888251107755,-0.9204485797518729,0.0,0.0,0.21149355060429054,0.06665856218280883,0.4537083913964646,0.6904895983064377,0.0,0.0
4.300000000000336,-1.962605237106479,0.29087661988705554,1.5193300825922547,0.961134633055922,0.0,0.0,-2.049218224686131,-1.3561823913915585,1.8995072029910758,-0.9523738818759517,0.0,0.0,0.21182346179262398,0.06530577150450902,0.45716271441659684,0.691239248820006,0.0,0.0
4.305000000000334,-1.9611681431214263,0.2837615558222767,1.5242158498427927,0.9933526920815295,0.0,0.0,-2.05597846385496,-1.3477137228323453,1.894663369763903,-0.9853394753514721,0.0,0.0,0.2121466069764,0.06395216701007438,0.4606207803932315,0.691986783269919,0.0,0.0
4.310000000000331,-1.9597696563677258,0.27541279911248606,1.5292653912608805,1.0266505409978333,0.0,0.0,-2.0626933258186386,-1.3380105881727766,1.8896520299593362,-1.0193827558890498,0.0,0.0,0.21246298218637796,0.0625977890602955,0.4640825787797106,0.6927322148911935,0.0,0.0
4.315000000000328,-1.9584162646823924,0.26570015160512894,1.5344841959556237,1.0610638729786803,0.0,0.0,-2.0693563189790547,-1.3269428321758059,1.8844677049522698,-1.0545394284592369,0.0,0.0,0.21277258366146048,0.06124268057068163,0.46754809909203365,0.6934755554805334,0.0,0.0
4.320000000000325,-1.9571151443118715,0.25447815131509105,1.5398779250894834,1.0966256073455312,0.0,0.0,-2.075960263549859,-1.314365038436535,1.8791047440092556,-1.0908424225470845,0.0,0.0,0.21307540786174364,0.059886887121448455,0.47101733090118836,0.6942168152015304,0.0,0.0
4.325000000000323,-1.955874240732326,0.2415842425836829,1.5454523946615217,1.1333644909140976,0.0,0.0,-2.0824972107497666,-1.300114699646028,1.8735573415139524,-1.1283204932825628,0.0,0.0,0.2133714514821054,0.05853045706234936,0.4744902638244536,0.6949560023684414,0.0,0.0
4.33000000000032,-1.954702359048016,0.22683677575444827,1.5512135503502602,1.1713033054755941,0.0,0.0,-2.0889583524182695,-1.2840102173635475,1.8678195621341034,-1.1669964286822896,0.0,0.0,0.21366071146629873,0.05717344160910442,0.4779668875155644,0.6956931232066714,0.0,0.0
4.335000000000317,-1.9536092647939254,0.21003284923931134,1.557167432210149,1.2104565833705918,0.0,0.0,-2.0953339202275583,-1.2658487441665927,1.8618853761361616,-1.2068847649587475,0.0,0.0,0.21394318502149742,0.055815894927286655,0.4814471916536171,0.6964281815881315,0.0,0.0
4.340000000000314,-1.95260579586405,0.19094602422304524,1.5633201264732395,1.2508277117024957,0.0,0.0,-2.1016130737691556,-1.2454038984214642,1.8557487075961032,-1.2479888904422825,0.0,0.0,0.21421886963321968,0.05445787419842365,0.4849311659305851,0.697161178739763,0.0,0.0
4.3450000000003115,-1.9517039860750132,0.16932396814614972,1.5696777010506093,1.2924052813671858,0.0,0.0,-2.107783777005497,-1.2224234078078648,1.8494034989120112,-1.2902973942909897,0.0,0.0,0.21448776308052386,0.053099439661720156,0.48841880003730664,0.69789211292378,0.0,0.0
4.350000000000309,-1.9509172005056197,0.14488612079007088,1.5762461205432396,1.3351585105203023,0.0,0.0,-2.1138326629457014,-1.196626775413234,1.8428437958088857,-1.3337794896089803,0.0,0.0,0.2147498634513358,0.051740654623167806,0.4919100836478012,0.6986209790886542,0.0,0.0
4.355000000000306,-1.950260282157399,0.11732153049684484,1.583031135652407,1.3790315451826283,0.0,0.0,-2.1197448870003055,-1.167703115918673,1.8360638579457524,-1.378379313673247,0.0,0.0,0.21500516915771892,0.050381585421832804,0.4954050064017675,0.699347768490595,0.0,0.0
4.360000000000303,-1.949749708566347,0.08628708305344783,1.5900381408313677,1.4239364159321681,0.0,0.0,-2.1255039703844814,-1.1353093843942128,1.8290583012834434,-1.4240088842185845,0.0,0.0,0.21525367895084355,0.04902230134076915,0.498903557885115,0.7000724682863918,0.0,0.0
4.3650000000003,-1.9494037556403183,0.05140644824028631,1.597271992873189,1.4697444152874248,0.0,0.0,-2.1310916362950083,-1.0990693226875548,1.8218222795183419,-1.4705394763875461,0.0,0.0,0.21549539193534104,0.047662874447273386,0.5024057276083947,0.7007950611000968,0.0,0.0
4.370000000000298,-1.94924266404607,0.012270205556449932,1.6047367819547529,1.5162756657691911,0.0,0.0,-2.1364876435365603,-1.0585735849005318,1.814351713062166,-1.5177911903375185,0.0,0.0,0.2157303075826455,0.046303379344087105,0.5059115049830064,0.7015155245683036,0.0,0.0
4.375000000000295,-1.9492888007395517,-0.03156221312622905,1.6124355455904757,1.5632866899279578,0.0,0.0,-2.141669625003257,-1.0133816796835031,1.8066435751143557,-1.5655205207998786,0.0,0.0,0.21595842574282378,0.04494389280973798,0.5094208792950935,0.7022338308718958,0.0,0.0
4.380000000000292,-1.9495668045162962,-0.08055790806439989,1.6203699152271647,1.6104558949761805,0.0,0.0,-2.1466129421379683,-0.9630265852382461,1.798696245095672,-1.6134058412425394,0.0,0.0,0.21617974665427853,0.043584493302651746,0.5129338396770886,0.7029499462663344,0.0,0.0
4.385000000000289,-1.9501036995561316,-0.13520211325384185,1.6285396852144571,1.6573670800370726,0.0,0.0,-2.1512905713944264,-0.9070231470464303,1.7905099397085285,-1.6610309106650973,0.0,0.0,0.2163942709505723,0.042225260300277664,0.5164503750769398,0.7036638306280006,0.0,0.0
4.390000000000287,-1.9509289547136803,-0.19598463678454653,1.6369422951902688,1.7034914077890466,0.0,0.0,-2.155673044949775,-0.8448816366572224,1.7820872305844964,-1.707866844830133,0.0,0.0,0.21660199966346957,0.04086627344177456,0.5199704742251601,0.7043754370410626,0.0,0.0
4.395000000000284,-1.952074458800208,-0.26337952802895437,1.6455722203474024,1.7481688062604237,0.0,0.0,-2.159728475420912,-0.7761280834126659,1.7734336540525462,-1.7532535177182151,0.0,0.0,0.2168029342211337,0.03950761144162622,0.5234941255999763,0.7050847114577682,0.0,0.0
4.400000000000281,-1.95357437369322,-0.3378162518645116,1.6544202706742388,1.7905905296538562,0.0,0.0,-2.163422702747019,-0.7003330988785773,1.7645584119346345,-1.7963821221288045,0.0,0.0,0.21699707644025368,0.03814935074309513,0.5270213173910518,0.7057915924749252,0.0,0.0
4.405000000000278,-1.9554648187688815,-0.41964081574953294,1.6634728113606445,1.8297856323148796,0.0,0.0,-2.1667196097418366,-0.6171507481367792,1.7554751511767919,-1.836281643594901,0.0,0.0,0.2171844285107336,0.03679156388631862,0.5305520374624892,0.706496011279997,0.0,0.0
4.4100000000002755,-1.9577833337493893,-0.5090659462253645,1.6727109333690282,1.8646153524947044,0.0,0.0,-2.1695816592220734,-0.5263683713527619,1.7462027933147786,-1.8718132443253355,0.0,0.0,0.21736499297147874,0.03543431757813294,0.5340862733161186,0.7071978918306056,0.0,0.0
4.415000000000273,-1.9605680656515514,-0.6061108043676626,1.6821096264094202,1.8937806872330398,0.0,0.0,-2.171970707024228,-0.4279668661039412,1.7367663615340907,-1.9016778385722666,0.0,0.0,0.2175387726757956,0.03407767047161035,0.5376240120564139,0.7078971513392025,0.0,0.0
4.42000000000027,-1.9638566334421013,-0.7105330978172476,1.6916370355920125,1.9158493882630458,0.0,0.0,-2.1738491373029207,-0.3221885728774672,1.7271977240491605,-1.9244430894003273,0.0,0.0,0.21770577074503789,0.0327216706947214,0.5411652403587517,0.7085937011372557,0.0,0.0
4.425000000000267,-1.9676846463948505,-0.8217598514797696,1.701253914717912,1.9293085940317019,0.0,0.0,-2.1751813441145615,-0.20960650173042084,1.7175361408389311,-1.938596042018094,0.0,0.0,0.21786599050942795,0.03136635321019664,0.5447099444430814,0.7092874479863656,0.0,0.0
4.430000000000264,-1.9720838935641805,-0.9388272007102262,1.7109134166854738,1.9326475129145892,0.0,0.0,-2.1759355418713255,-0.09118453643050263,1.7078284732590783,-1.942625808797411,0.0,0.0,0.21801943543552246,0.030011737140734903,0.5482581100553725,0.7099782958827954,0.0,0.0
4.435000000000262,-1.9770802835825079,-1.060343387929211,1.7205613738871266,1.9244702237284794,0.0,0.0,-2.176085825458076,0.03168556467983065,1.6981289036534535,-1.9351363720917576,0.0,0.0,0.21816610904059977,0.02865782324938644,0.5518097224593445,0.710666148363251,0.0,0.0
4.440000000000259,-1.982691690753474,-1.1844909743576968,1.7301372051292074,1.9036315617779966,0.0,0.0,-2.175614324041834,0.15718638254422926,1.688498028429827,-1.9149824730404168,0.0,0.0,0.2183060147953237,0.027304591813473462,0.5553647664408903,0.7113509112623931,0.0,0.0
4.445000000000256,-1.988925940046581,-1.3090820559179053,1.739575528662324,1.8693802194525642,0.0,0.0,-2.174513215970712,0.28313005476122366,1.6790012450104181,-1.8814127152534201,0.0,0.0,0.21843915601730907,0.025952001156687454,0.5589232263271825,0.7120324958008285,0.0,0.0
4.450000000000253,-1.9957792156283833,-1.4316725257746026,1.7488084604864984,1.8214852085617739,0.0,0.0,-2.1727863201311264,0.4070725386828668,1.669706453491774,-1.8341960303691829,0.0,0.0,0.21856553575952575,0.024599987091741292,0.5624850860216517,0.7127108218073822,0.0,0.0
4.4550000000002505,-2.0032351774344495,-1.5497286154097953,1.757768446579046,1.760318435044383,0.0,0.0,-2.1704499792641423,0.5264801519461284,1.6606812243659885,-1.7737042558631588,0.0,0.0,0.21868515669860747,0.023248463463672417,0.5660503290548898,0.7133858208187485,0.0,0.0
4.460000000000248,-2.011264999626838,-1.6608243338917836,1.7663913487800693,1.6868705609370849,0.0,0.0,-2.1675330214019666,0.6389270100198635,1.6519897125697016,-1.7009279997098725,0.0,0.0,0.21879802102881976,0.021897323871926094,0.5696189386501537,0.7140574387727597,0.0,0.0
4.465000000000245,-2.019828407609516,-1.762837424086839,1.7746194187648552,1.6026901093860908,0.0,0.0,-2.1640757227579477,0.7422909795825745,1.6436896834343044,-1.6174157474191555,0.0,0.0,0.21890413036747913,0.020546444504269904,0.5731908978007648,0.7147256380330359,0.0,0.0
4.470000000000242,-2.028875618205818,-1.8541091626721908,1.782403787692066,1.5097534667068524,0.0,0.0,-2.1601278674710707,0.8349134748039999,1.6358300229523137,-1.5251438652615996,0.0,0.0,0.21900348567690475,0.01919568786819679,0.5767661893555447,0.7153903985547182,0.0,0.0
4.4750000000002395,-2.038349930510233,-1.93354151232087,1.7897061801137026,1.410289698428431,0.0,0.0,-2.155746156696356,0.9156966052295932,1.6284490237784857,-1.4263414165382977,0.0,0.0,0.21909608720660598,0.01784490709128267,0.5803447961077359,0.7160517181098369,0.0,0.0
4.480000000000237,-2.0481906197263484,-2.000620847881714,1.7964997062933066,1.3065928472742492,0.0,0.0,-2.150991314731236,0.9841268974737022,1.621573592823861,-1.3233024588853783,0.0,0.0,0.21918193445760223,0.01649395040801806,0.5839267008827563,0.7167096116110995,0.0,0.0
4.485000000000234,-2.058335776004017,-2.0553745837710595,1.8027687512894568,1.200853052630138,0.0,0.0,-2.1459252501648343,1.0402319183056548,1.615219362089872,-1.2182171623066824,0.0,0.0,0.21926102616886908,0.015142665465411369,0.5875118866205948,0.717364109676515,0.0,0.0
4.490000000000231,-2.0687247961117268,-2.098279552636964,1.808508114752292,1.0950283658903683,0.0,0.0,-2.1406085642124792,1.0844886494855241,1.6093915487980728,-1.1130436225342117,0.0,0.0,0.21933336032422407,0.013790903151446756,0.5911003364495593,0.718015256643815,0.0,0.0
4.495000000000228,-2.0793003457341053,-2.1301459294584815,1.8137216329754808,0.9907662978191565,0.0,0.0,-2.135098588442617,1.1177074087042058,1.6040863332752417,-1.0094294060851923,0.0,0.0,0.21939893417673983,0.01243852075428395,0.5946920337492014,0.7186631082660073,0.0,0.0
4.500000000000226,-2.0900097265124424,-2.1519984518207647,1.8184205299336396,0.8893726864846686,0.0,0.0,-2.1294480177746244,1.1409130674523422,1.5992925078649085,-0.9086804157879825,0.0,0.0,0.2194577442870851,0.011085384368430533,0.5982869622013761,0.7193077293032856,0.0,0.0
4.505000000000223,-2.1008056762387173,-2.164970477412763,1.8226217117350854,0.7918181839800308,0.0,0.0,-2.1237041103332785,1.155239106856835,1.5949931824354655,-0.8117673751652825,0.0,0.0,0.21950978657201423,0.00973137055593526,0.6018851058293724,0.7199491911852234,0.0,0.0
4.51000000000022,-2.1116466900935404,-2.170219179946277,1.8263461618270767,0.6987699368983705,0.0,0.0,-2.1179083662658837,1.1618428126111013,1.5911673891470497,-0.7193575067638835,0.0,0.0,0.21955505635944153,0.008376367335183977,0.605486449025797,0.7205875698654846,0.0,0.0
4.515000000000217,-2.1224969763193258,-2.168864091539197,1.8296175328193554,0.6106367439756919,0.0,0.0,-2.1120965721276566,1.1618438169333887,1.5877914906101964,-0.63185968791666,0.0,0.0,0.2195935484469994,0.007020274605816641,0.609090976570371,0.7212229439409392,0.0,0.0
4.5200000000002145,-2.133326159738384,-2.161947157108363,1.8324609780904517,0.5276185079335246,0.0,0.0,-2.1062990974231615,1.1562841529779846,1.584840348270418,-0.5494739009987974,0.0,0.0,0.2196252571615616,0.005663004130386869,0.6126986736390522,0.7218553930652437,0.0,0.0
4.525000000000212,-2.1441088314882575,-2.1504104239051,1.8349022279738543,0.44975381290164856,0.0,0.0,-2.1005413449295367,1.1461059447162514,1.582288246220101,-0.4722388095579369,0.0,0.0,0.21965017641781018,0.004304479188856919,0.6163095258059665,0.7224849966562592,0.0,0.0
4.530000000000209,-2.15482402207047,-2.1350869328550113,1.8369668914213948,0.3769621380818892,0.0,0.0,-2.094844277703987,1.1321422988471304,1.5801095895389563,-0.4000739709588279,0.0,0.0,0.21966829977447203,0.0029446340078900547,0.6199235190395709,0.7231118328769097,0.0,0.0
4.535000000000206,-2.165454653211272,-2.116700711066048,1.8386799519232813,0.309079226891157,0.0,0.0,-2.0892249672760306,1.1151172980173578,1.5782794083823004,-0.3328152047494264,0.0,0.0,0.2196796204873171,0.0015834130487006525,0.6235406396943401,0.7237359778582403,0.0,0.0
4.540000000000203,-2.1759870052849055,-2.0958725040765263,1.8400654226204696,0.2458854448890444,0.0,0.0,-2.083697126273461,1.0956517338578793,1.5767737028803495,-0.27024295001826876,0.0,0.0,0.21968413155838093,0.00022077021865686116,0.6271608744991028,0.7243575051291953,0.0,0.0
4.545000000000201,-2.186410222326434,-2.073128717266808,1.8411461267811247,0.18712770486976066,0.0,0.0,-2.0782716034547093,1.0742720492118072,1.5755696626758295,-0.21210419008749973,0.0,0.0,0.2196818257811583,-0.0011433319449907133,0.6307842105429674,0.7249764852177101,0.0,0.0
4.550000000000198,-2.1967158659463193,-2.048911789824074,1.8419435736958472,0.1325358789332719,0.0,0.0,-2.0729568298353858,1.0514207129091007,1.57464579104446,-0.15812886432366352,0.0,0.0,0.2196726957817196,-0.0025089230850183115,0.6344106352596135,0.7255929853903622,0.0,0.0
4.555000000000195,-2.2068975221660776,-2.023590834143462,1.8424779049433644,0.08183470400411716,0.0,0.0,-2.0677592118897508,1.02746685994827,1.5739819586459878,-0.10804177350585395,0.0,0.0,0.21965673405584316,-0.003876025804798352,0.6380401364105683,0.7262070695017074,0.0,0.0
4.560000000000192,-2.216950460561049,-1.9974718294238598,1.8427678909133558,0.03475213159422587,0.0,0.0,-2.062683472441286,1.0027164858290138,1.5735594070186143,-0.06157092952298812,0.0,0.0,0.2196339330023493,-0.005244656405143359,0.6416727020679499,0.726818797928733,0.0,0.0
4.56500000000019,-2.226871342394198,-1.9708069792257608,1.8428309619376513,-0.008975049804206615,0.0,0.0,-2.0577329425586655,0.9774218047951344,1.5733607174652136,-0.018453177765888014,0.0,0.0,0.2196042849528777,-0.006614825569362793,0.6453083205970549,0.7274282275700654,0.0,0.0
4.570000000000187,-2.236657973048573,-1.943803057024331,1.8426832621673266,-0.04959763443187675,0.0,0.0,-2.0529098091497886,0.9517895960173095,1.5733697571935263,0.0215622225384669,0.0,0.0,0.21956778219837672,-0.007986538992967956,0.6489469806390668,0.7280354118933807,0.0,0.0
4.575000000000184,-2.2463090935527936,-1.916628699174637,1.8423397174077383,-0.08735191444488803,0.0,0.0,-2.0482153234597757,0.9259884971321926,1.5735716114980858,0.058711513427064634,0.0,0.0,0.21952441701258407,-0.00935979795754463,0.6525886710940951,0.7286404010177944,0.0,0.0
4.580000000000181,-2.2558242060103417,-1.8894206847464854,1.8418141105428074,-0.12245866620408784,0.0,0.0,-2.043649975662419,0.9001552845968364,1.57395250835242,0.09321542438324806,0.0,0.0,0.219474181672775,-0.010734599850339883,0.656233381104692,0.7292432418208107,0.0,0.0
4.5850000000001785,-2.265203428060608,-1.8622892845792272,1.8411191600380121,-0.15512288524156004,0.0,0.0,-2.03921364041742,0.8744002232116047,1.5744997399219613,0.12527890717980586,0.0,0.0,0.2194170684780426,-0.012110938632365637,0.6598811000399459,0.729843978061725,0.0,0.0
4.590000000000176,-2.2744473719667835,-1.8353227809107073,1.8402665984109767,-0.18553402930297125,0.0,0.0,-2.03490569779856,0.8488115861692501,1.5752015841087206,0.15509137878769919,0.0,0.0,0.21935306976535904,-0.013488805258530386,0.6635318174802223,0.7304426505152428,0.0,0.0
4.595000000000173,-2.2835570444480844,-1.8085912632914636,1.8392672485946837,-0.21386659280278392,0.0,0.0,-2.0307251334755487,0.8234594513451166,1.5760472282026492,0.1828272956921702,0.0,0.0,0.21928217792364812,-0.014868188053640518,0.6671855232025864,0.7310392971105845,0.0,0.0
4.60000000000017,-2.2925337638947103,-1.7821498024141718,1.838131096873547,-0.24028088498083344,0.0,0.0,-2.0266706215113546,0.7983988754623722,1.5770266959594434,0.2086469319082756,0.0,0.0,0.2192043854060802,-0.016249073048188064,0.6708422071669288,0.7316339530725283,0.0,0.0
4.605000000000167,-2.301379092092149,-1.7560410949984817,1.8368673616143991,-0.26492392092602574,0.0,0.0,-2.0227405926486157,0.7736725392762469,1.5781307788827252,0.23269726986421985,0.0,0.0,0.2191196847407803,-0.017631444277752328,0.6745018595027946,0.7322266510617764,0.0,0.0
4.610000000000165,-2.3100947780215635,-1.7302976624941016,1.8354845573965688,-0.28793036204269185,0.0,0.0,-2.018933290518544,0.7493129465437676,1.5793509721064412,0.2551129407299146,0.0,0.0,0.21902806854012316,-0.01901528404965254,0.678164470496909,0.7328174213127484,0.0,0.0
4.615000000000162,-2.318682711689905,-1.7049436756098921,1.8339905544093233,-0.3094234626671286,0.0,0.0,-2.015246817818848,0.7253442487901464,1.5806794150092138,0.27601717089962585,0.0,0.0,0.21892952950876926,-0.020400573180241095,0.6818300305813817,0.7334062917674737,0.0,0.0
4.620000000000159,-2.3271448862773845,-1.6799964663936806,1.8323926331628562,-0.32951599416330013,0.0,0.0,-2.011679174173181,0.7017837575996471,1.5821088365144922,0.29552270595859426,0.0,0.0,0.2188240604505818,-0.02178729120595268,0.6854985303225711,0.7339932882046768,0.0,0.0
4.625000000000156,-2.3354833671746915,-1.6554677802084734,1.8306975346745848,-0.3483111283256199,0.0,0.0,-2.0082282870998407,0.6786431967794311,1.5836325049147562,0.31373269396211906,0.0,0.0,0.21871165427454745,-0.02317541657094361,0.6891699604105787,0.7345784343634721,0.0,0.0
4.6300000000001535,-2.3437002667228426,-1.631364811651512,1.8289115063636818,-0.3659032693623007,0.0,0.0,-2.0048920372769548,0.6559297384454059,1.5852441819868892,0.33074151730093493,0.0,0.0,0.21859230399981264,-0.024564926793880514,0.6928443116493483,0.735161752061337,0.0,0.0
4.635000000000151,-2.3517977236703365,-1.6076910612686888,1.8270403439265621,-0.3823788289366616,0.0,0.0,-2.0016682790895812,0.6336468598848778,1.586938081126016,0.34663556763041886,0.0,0.0,0.21846600275993303,-0.025955798616175897,0.6965215749473415,0.7357432613062141,0.0,0.0
4.640000000000148,-2.35977788653076,-1.584447043770832,1.825089429484151,-0.397816942315326,0.0,0.0,-1.9985548572756482,0.6117950519045698,1.5887088292070115,0.361493961912579,0.0,0.0,0.21833274380642367,-0.02734800813372454,0.7002017413087568,0.7363229804027183,0.0,0.0
4.645000000000145,-2.367642900164148,-1.5616308732621653,1.8230637662951148,-0.41229012606486154,0.0,0.0,-1.995549620347525,0.5903724041761509,1.590551431879537,0.37538920001229575,0.0,0.0,0.2181925205116882,-0.02874153091397168,0.7038848018252674,0.7369009260525369,0.0,0.0
4.6500000000001425,-2.375394895021732,-1.5392387466312727,1.8209680103228452,-0.4258648792869395,0.0,0.0,-1.9926504313496485,0.5693750887312274,1.5924612420088287,0.38838776583774237,0.0,0.0,0.21804532637139565,-0.030136342099940882,0.7075707476682451,0.7374771134491684,0.0,0.0
4.65500000000014,-2.3830359785900694,-1.5172653426167322,1.8188064989314634,-0.43860223133222176,0.0,0.0,-1.9898551764162828,0.5487977591194118,1.59443393098701,0.40055067496499897,0.0,0.0,0.21789115500636694,-0.031532416502666485,0.7112595700814454,0.7380515563671944,0.0,0.0
4.660000000000137,-2.390568228650324,-1.4957041510358233,1.8165832769699228,-0.45055823946415186,0.0,0.0,-1.9871617715136862,0.5286338797191493,1.5964654626558716,0.41193397221780576,0.0,0.0,0.21773000016402536,-0.03292972868331285,0.7149512603741243,0.7386242672463179,0.0,0.0
4.665000000000134,-2.397993688034434,-1.4745477441587003,1.8143021204852359,-0.46178444018553516,0.0,0.0,-1.9845681676850107,0.5088759971848293,1.5985520696001183,0.42258918291509917,0.0,0.0,0.21756185571945988,-0.034328253026116,0.7186458099145647,0.739195257270408,0.0,0.0
4.670000000000131,-2.405314360614459,-1.4537880001375447,1.8119665582871018,-0.4723282579869012,0.0,0.0,-1.982072355061671,0.48951596394071106,1.6006902315888323,0.4325637215450637,0.0,0.0,0.21738671567614465,-0.035727963803153864,0.7223432101239844,0.7397645364418092,0.0,0.0
4.675000000000129,-2.4125322083065464,-1.4334162866877693,1.8095798915675814,-0.48223337519310117,0.0,0.0,-1.9796723658597921,0.47054512191961895,1.6028766559615317,0.44190126154189985,0.0,0.0,0.21720457416635294,-0.037128835231837395,0.7260434524708047,0.7403321136511727,0.0,0.0
4.680000000000126,-2.4196491489082734,-1.41342361180464,1.8071452117614595,-0.49154006642099146,0.0,0.0,-1.9773662765430122,0.4519544533305634,1.6051082597732003,0.450642069677902,0.0,0.0,0.21701542545130073,-0.038530841525911644,0.7297465284652583,0.7408979967430607,0.0,0.0
4.685000000000123,-2.426667054619037,-1.3938007471319496,1.804665416815891,-0.500285500949771,0.0,0.0,-1.9751522093019978,0.43373470407262915,1.6073821535297135,0.45882330837216445,0.0,0.0,0.21681926392104936,-0.039933956940667786,0.7334524296543135,0.7414621925775776,0.0,0.0
4.69000000000012,-2.433587751118745,-1.3745383286364334,1.8021432260220034,-0.5085040160697551,0.0,0.0,-1.9730283329754352,0.41587648444943215,1.609695626361015,0.4664793089814596,0.0,0.0,0.21661608409419575,-0.04133815581298679,0.7371611476168993,0.7420247070882663,0.0,0.0
4.6950000000001175,-2.4404130171013136,-1.3556269384465929,1.7995811935464012,-0.5162273642308955,0.0,0.0,-1.9709928635160445,0.3983703510433708,1.6120461324941064,0.4736418188943684,0.0,0.0,0.216405880617374,-0.042743412596765874,0.7408726739594098,0.7425855453364982,0.0,0.0
4.700000000000115,-2.4471445841770265,-1.3370571710578956,1.7969817207870258,-0.5234849365697063,0.0,0.0,-1.969044064087549,0.38120687295212474,1.6144312789014195,0.4803402250070978,0.0,0.0,0.21618864826459058,-0.04414970189421701,0.7445870003114717,0.7431447115625794,0.0,0.0
4.705000000000112,-2.453784137072457,-1.3188196865634902,1.7943470676655247,-0.5303039651591955,0.0,0.0,-1.9671802448639397,0.36437668504697535,1.6168488140124309,0.4866017559253873,0.0,0.0,0.21596438193641185,-0.045556998483472506,0.7483041183219613,0.7437022092337788,0.0,0.0
4.710000000000109,-2.460333314068786,-1.300905253120526,1.79167936295711,-0.536709706105085,0.0,0.0,-1.9653997625902222,0.3478705304634231,1.6192966173875538,0.49245166501558074,0.0,0.0,0.21573307665902275,-0.04696527734288436,0.7520240196552529,0.7442580410894745,0.0,0.0
4.715000000000106,-2.466793707629414,-1.283304780490345,1.7889806137488016,-0.5427256054052648,0.0,0.0,-1.9637010199537432,0.3316792941627191,1.6217726902634284,0.4979133962216305,0.0,0.0,0.21549472758317106,-0.04837451367236158,0.7557466959876862,0.7448122091836039,0.0,0.0
4.720000000000104,-2.4731668651761995,-1.2660093461826813,1.7862527141078446,-0.5483734492991134,0.0,0.0,-1.9620824648067987,0.3157940290947461,1.6242751468878307,0.5030087343744912,0.0,0.0,0.21524932998301183,-0.049784682912052576,0.7594721390042406,0.7453647149245921,0.0,0.0
4.725000000000101,-2.4794542899806182,-1.2490102154783485,1.7834974530338987,-0.5536735006591686,0.0,0.0,-1.960542589274233,0.3002059762370065,1.6268022065706145,0.5077579415462247,0.0,0.0,0.21499687925486452,-0.051195760758645924,0.7632003403954024,0.7459155591129133,0.0,0.0
4.730000000000098,-2.4856574421419757,-1.2322988563926012,1.7807165217612377,-0.5586446228192639,0.0,0.0,-1.9590799287739045,0.2849065795721475,1.629352186384463,0.5121798808427828,0.0,0.0,0.21473737091589387,-0.052607723179533876,0.7669312918542142,0.7464647419764504,0.0,0.0
4.735000000000095,-2.4917777396296628,-1.2158669504648736,1.7779115204705964,-0.5633043920898904,0.0,0.0,-1.9576930609730492,0.2698874968899427,1.6319234944558225,0.5162921288860798,0.0,0.0,0.2144708006027252,-0.0540205464250569,0.7706649850734958,0.7470122632037801,0.0,0.0
4.740000000000093,-2.4978165593704795,-1.1997064001137263,1.7750839644643666,-0.5676692000822654,0.0,0.0,-1.9563806046995103,0.2551406071527627,1.6345146237923205,0.520111078106709,0.0,0.0,0.21419716407000255,-0.05543420703902417,0.7744014117432273,0.7475581219755255,0.0,0.0
4.74500000000009,-2.503775238365456,-1.1838093331735127,1.7722352898535438,-0.5717543468463232,0.0,0.0,-1.9551412188234287,0.24065801504121,1.6371241465982869,0.5236520298523945,0.0,0.0,0.21391645718889835,-0.056848681867685345,0.7781405635480835,0.7481023169938981,0.0,0.0
4.750000000000087,-2.5096550748233977,-1.1681681051272523,1.7693668588000595,-0.5755741257235276,0.0,0.0,-1.953973601122169,0.22643205319457455,1.6397507090347416,0.5269292792129604,0.0,0.0,0.21362867594558166,-0.05826394806730944,0.7818824321651126,0.7486448465105369,0.0,0.0
4.755000000000084,-2.5154573293007387,-1.15277529946509,1.7664799643538676,-0.5791419007219307,0.0,0.0,-1.9528764871388973,0.21245528257561433,1.6423930263844975,0.5299561923691358,0.0,0.0,0.21333381643965169,-0.0596799831105119,0.7856270092615487,0.7491857083527642,0.0,0.0
4.7600000000000815,-2.5211832258392577,-1.1376237265265796,1.7635758349203299,-0.5824701771372764,0.0,0.0,-1.9518486490432698,0.1987204913180473,1.6450498785868288,0.5327452771888991,0.0,0.0,0.21303187488254285,-0.0610967647914555,0.7893742864927544,0.7497248999483468,0.0,0.0
4.765000000000079,-2.5268339530948483,-1.1227064211256201,1.7606556383900247,-0.5855706660691858,0.0,0.0,-1.9508888945010419,0.1852206923556712,1.647720106109608,0.5353082477202953,0.0,0.0,0.21272284759590576,-0.06251427123003885,0.7931242555002803,0.7502624183488602,0.0,0.0
4.770000000000076,-2.5324106654519016,-1.1080166392070994,1.7577204859600082,-0.5884543434146496,0.0,0.0,-1.949996065558054,0.17194912008228533,1.6504026061298638,0.5376560831628758,0.0,0.0,0.2124067310099705,-0.0639324808751737,0.7968769079100406,0.7507982602517431,0.0,0.0
4.775000000000073,-2.5379144841189785,-1.0935478537426795,1.7547714356728263,-0.5911315038613862,0.0,0.0,-1.949169037542901,0.15889922624993494,1.653096328996491,0.5397990818402343,0.0,0.0,0.21208352166189462,-0.06535137250724372,0.8006322353305954,0.7513324220211219,0.0,0.0
4.78000000000007,-2.5433464982024354,-1.0792937500382682,1.7518094956970693,-0.5936118103503438,0.0,0.0,-1.9484067179916509,0.1460646752781062,1.6558002749513114,0.5417469106428341,0.0,0.0,0.21175321619410128,-0.06677092523982643,0.8043902293515319,0.7518648997074798,0.0,0.0
4.785000000000068,-2.5487077657554096,-1.0652482205964935,1.7488356273710615,-0.5959043394290221,0.0,0.0,-1.947708045597186,0.13343933911725797,1.6585134910869055,0.5435086503627522,0.0,0.0,0.21141581135261064,-0.06819111852075337,0.8081508815419455,0.7523956890662402,0.0,0.0
4.790000000000065,-2.553999314800262,-1.0514053596529658,1.7458507480292598,-0.5980176228747963,0.0,0.0,-1.9470719891850898,0.12101729178555308,1.6612350685216457,0.545092837299433,0.0,0.0,0.2110713039853669,-0.06961193213257558,0.8119141834490071,0.7529247855753335,0.0,0.0
4.795000000000062,-2.5592221443230905,-1.0377594574845836,1.7428557336291446,-0.5999596859294359,0.0,0.0,-1.9464975467174592,0.10879280367709045,1.6639641397741491,0.546507501477604,0.0,0.0,0.21071969104056462,-0.07103334619249539,0.8156801265966188,0.7534521844518021,0.0,0.0
4.800000000000059,-2.5643772252393875,-1.0243049945708542,1.7398514211947682,-0.6017380824520727,0.0,0.0,-1.9459837443255745,0.09676033572268386,1.666699876320996,0.5477602017845368,0.0,0.0,0.21036096956497688,-0.0724553411518188,0.819448702484148,0.753977880667506,0.0,0.0
4.805000000000057,-2.5694655013302765,-1.011036635674775,1.7368386110916603,-0.6033599272675162,0.0,0.0,-1.9455296353719955,0.08491453346976444,1.6694414863230125,0.5488580583035075,0.0,0.0,0.20999513670228698,-0.07387789779497848,0.8232199025852396,0.7545018689639793,0.0,0.0
4.810000000000054,-2.5744878901490678,-0.9979492238976632,1.7338180691464784,-0.6048319259596605,0.0,0.0,-1.9451342995423435,0.07325022113584703,1.6721882125067342,0.5498077820931444,0.0,0.0,0.20962218969142585,-0.07530099723817239,0.8269937183466993,0.7550241438664869,0.0,0.0
4.815000000000051,-2.5794452838981154,-0.985037774752152,1.7307905286236085,-0.6061604023354202,0.0,0.0,-1.9447968419667871,0.0617623956798221,1.674939330188856,0.5506157026380616,0.0,0.0,0.20924212586491756,-0.07672462092765854,0.8307701411874471,0.7555446996973286,0.0,0.0
4.820000000000048,-2.5843385502761644,-0.9722974702890553,1.7277566920698424,-0.6073513237628504,0.0,0.0,-1.9445163923710538,0.050446220926809525,1.6776941454325367,0.5512877931743833,0.0,0.0,0.20885494264723384,-0.07814875063774254,0.8345491624975323,0.756063530588437,0.0,0.0
4.8250000000000455,-2.5891685332965224,-0.9597236533066628,1.724717233037291,-0.6084103245676062,0.0,0.0,-1.9442921042566212,0.039297021775166335,1.6804519933254067,0.5518296940742758,0.0,0.0,0.20846063755315944,-0.07957336846849178,0.8383307736372136,0.756580630493301,0.0,0.0
4.830000000000043,-2.593936054076534,-0.9473118216650502,1.7216727976938218,-0.6093427276543703,0.0,0.0,-1.94412315410962,0.028310278508268307,1.683212236369995,0.5522467344560799,0.0,0.0,0.20805920818616963,-0.08099845684320643,0.8421149659360944,0.7570959931982613,0.0,0.0
4.83500000000004,-2.5986419115989268,-0.9350576227230074,1.7186240063295113,-0.6101535645041793,0.0,0.0,-1.9440087406378779,0.017481621228693237,1.6859742629780854,0.5525439521709388,0.0,0.0,0.2076506522368207,-0.08242399850567439,0.845901730692314,0.7576096123332117,0.0,0.0
4.840000000000037,-2.6032868834456786,-0.9229568479110228,1.7155714547668832,-0.6108475936844615,0.0,0.0,-1.94394808403546,0.0068068244282700275,1.6887374860612354,0.5527261123026977,0.0,0.0,0.2072349674811548,-0.08384997651723558,0.8496910591717917,0.7581214813817355,0.0,0.0
4.845000000000034,-2.6078717265051092,-0.9110054274503022,1.7125157156820534,-0.6114293179959024,0.0,0.0,-1.943940425273995,-0.003718198296007727,1.6915013417103382,0.5527977243051639,0.0,0.0,0.20681215177912002,-0.08527637425367846,0.8534829426075184,0.7586315936907104,0.0,0.0
4.850000000000032,-2.6123971776529453,-0.8991994252249165,1.7094573398433146,-0.6119030003688484,0.0,0.0,-1.9439850254200444,-0.014097399373083271,1.6942652879576983,0.5527630578894063,0.0,0.0,0.20638220307300598,-0.0867031754019887,0.8572773721988971,0.7591399424794142,0.0,0.0
4.855000000000029,-2.616863954408147,-0.8875350338118035,1.706396857273151,-0.6122726786116739,0.0,0.0,-1.9440811649777328,-0.0243346022312158,1.6970288036156334,0.5526261577634946,0.0,0.0,0.20594511938589644,-0.08813036395696923,0.8610743391111259,0.7596465208481515,0.0,0.0
4.860000000000026,-2.6212727555642767,-0.876008569671375,1.703334778339181,-0.6125421791042708,0.0,0.0,-1.9442281432558455,-0.0344335061108646,1.699791387186105,0.5523908573178068,0.0,0.0,0.2055008988201388,-0.08955792421774893,0.8648738344746242,0.760151321786436,0.0,0.0
4.865000000000023,-2.625624261797228,-0.8646164684998734,1.7002715947791003,-0.6127151295214747,0.0,0.0,-1.9444252777585862,-0.04439769071591998,1.7025525558363117,0.5520607913407025,0.0,0.0,0.20504953955583152,-0.09098584078419487,0.868675849384498,0.7606543381807435,0.0,0.0
4.8700000000000205,-2.629919136250125,-0.8533552807433049,1.6972077806642643,-0.6127949706636912,0.0,0.0,-1.9446719035991873,-0.05423062070344037,1.7053118444356021,0.5516394078417964,0.0,0.0,0.2045910398493293,-0.09241409855324283,0.8724803749000439,0.7611555628218664,0.0,0.0
4.875000000000018,-2.6341580250961836,-0.8422216672717064,1.6941437933062031,-0.6127849674651862,0.0,0.0,-1.944967372935566,-0.06393565001312326,1.7080688046494203,0.5511299790532737,0.0,0.0,0.20412539803176732,-0.09384268271515812,0.8762874020442872,0.7616549884118843,0.0,0.0
4.880000000000015,-2.6383415580803518,-0.83121239521165,1.69108007411002,-0.6126882192443278,0.0,0.0,-1.9453110544272347,-0.07351602603859811,1.7108230040863348,0.5505356116735258,0.0,0.0,0.20365261250760405,-0.09527157874973964,0.8800969218035557,0.7621526075707741,0.0,0.0
4.885000000000012,-2.642470349040492,-0.8203243339341995,1.6880170493783062,-0.6125076692545184,0.0,0.0,-1.9457023327126737,-0.0829748936433121,1.7135740254945193,0.5498592564118109,0.0,0.0,0.20317268175318298,-0.09670077242247635,0.8839089251270854,0.7626484128426797,0.0,0.0
4.8900000000000095,-2.6465449964088927,-0.809554451195005,1.6849551310689388,-0.6122461135894857,0.0,0.0,-1.9461406079064032,-0.09231529902431618,1.7163214660043165,0.5491037168876007,0.0,0.0,0.20268560431531404,-0.09813024978066714,0.8877234029266552,0.7631423967018569,0.0,0.0
4.895000000000007,-2.6505660836948515,-0.7988998094228057,1.6818947175098657,-0.6119062094920479,0.0,0.0,-1.9466252951150047,-0.10154019342767097,1.7190649364137922,0.5482716579337105,0.0,0.0,0.2021913788098743,-0.09955999714951205,0.8915403460762528,0.7636345515583094,0.0,0.0
4.900000000000004,-2.6545341799490583,-0.7883575621523027,1.6788361940737389,-0.6114904831113052,0.0,0.0,-1.9471558239713516,-0.11065243671950362,1.7218040605144058,0.5473656133481433,0.0,0.0,0.20169000392042813,-0.10099000112818277,0.8953597454117661,0.7641248697631335,0.0,0.0
4.905000000000001,-2.658449840210502,-0.7779249505971406,1.67577993381506,-0.6110013367494522,0.0,0.0,-1.947731638186347,-0.11965480081696736,1.7245384744541485,0.5463879931358371,0.0,0.0,0.20118147839686726,-0.10242024858588097,0.8991815917307021,0.7646133436135866,0.0,0.0
4.909999999999998,-2.662313605936579,-0.7675993003585885,1.672726298072284,-0.6104410556359859,0.0,0.0,-1.9483521951174734,-0.12854997298351079,1.727267826135697,0.5453410902780645,0.0,0.0,0.20066580105407064,-0.10385072665788925,0.9030058757919294,0.7650999653578927,0.0,0.0
4.914999999999996,-2.6661260054170772,-0.7573780182654112,1.6696756370371633,-0.609811814263961,0.0,0.0,-1.9490169653534883,-0.13734055899295536,1.7299917746473026,0.5442270870641356,0.0,0.0,0.2001429707705837,-0.10528142274162201,0.9068325883154443,0.7655847271997972,0.0,0.0
4.919999999999993,-2.669887554172676,-0.7472585893403823,1.66662829029344,-0.6091156823201297,0.0,0.0,-1.9497254323146238,-0.1460290861669247,1.7327099897243097,0.5430480610172169,0.0,0.0,0.1996129864873178,-0.1067123244926817,0.9106617199821604,0.7660676213028851,0.0,0.0
4.92499999999999,-2.6735987553385874,-0.7372385738888901,1.6635845873268384,-0.6083546302382158,0.0,0.0,-1.9504770918676642,-0.15461800629017403,1.7354221512393553,0.5418059904435139,0.0,0.0,0.19907584720626884,-0.10814341982092428,0.9144932614337167,0.7665486397946741,0.0,0.0
4.929999999999987,-2.6772601000339344,-0.7273156047051079,1.6605448480081781,-0.6075305344022198,0.0,0.0,-1.951271451955304,-0.16310969840834022,1.7381279487194246,0.5405027596316976,0.0,0.0,0.19853155198925596,-0.10957469688654002,0.9183272032723075,0.7670277747704942,0.0,0.0
4.9349999999999845,-2.680872067717448,-0.7174873843912578,1.6575093830512964,-0.606645182024524,0.0,0.0,-1.9521080322392146,-0.17150647151257786,1.7408270808880817,0.5391401637273338,0.0,0.0,0.19798009995667967,-0.11100614409615242,0.9221635360605318,0.7675050182971626,0.0,0.0
4.939999999999982,-2.68443512653003,-0.7077516827855754,1.6544784944473405,-0.6057002757215895,0.0,0.0,-1.9529863637562526,-0.17981056711547347,1.7435192552313115,0.5377199133050984,0.0,0.0,0.1974214902862993,-0.11243775009893943,0.9260022503212582,0.767980362416464,0.0,0.0
4.944999999999979,-2.6879497336247224,-0.6981063344946713,1.6514524758768983,-0.6046974378082707,0.0,0.0,-1.9539059885872911,-0.18802416172253647,1.7462041875855032,0.5362436386597943,0.0,0.0,0.19685572221202993,-0.11386950378278068,0.9298433365375085,0.7684537991484491,0.0,0.0
4.949999999999976,-2.6914163354845866,-0.6885492365260928,1.6484316131013157,-0.6036382143301218,0.0,0.0,-1.9548664595381549,-0.1961493692034625,1.7488816017462374,0.5347128938355372,0.0,0.0,0.19628279502275833,-0.11530139427043308,0.933686785152357,0.7689253204945575,0.0,0.0
4.954999999999973,-2.694835368228993,-0.6790783460170015,1.645416184334476,-0.6025240788515914,0.0,0.0,-1.9558673398321684,-0.20418824306724895,1.7515512290965893,0.5331291604109929,0.0,0.0,0.19570270806117837,-0.11673341091573776,0.9375325865688446,0.7693949184405718,0.0,0.0
4.959999999999971,-2.6982072579087797,-0.669691678055002,1.6424064605962068,-0.6013564360166176,0.0,0.0,-1.9569082028138478,-0.21214277864512437,1.7542128082537947,0.5314938510571757,0.0,0.0,0.19511546072264463,-0.11816554329986143,0.9413807311499085,0.7698625849594154,0.0,0.0
4.964999999999968,-2.7015324207907434,-0.6603873035872926,1.6394027060484275,-0.6001366248968953,0.0,0.0,-1.9579886316632849,-0.22001491518512192,1.7568660847331594,0.5298083128830701,0.0,0.0,0.19452105245404533,-0.11959778122757309,0.945231209218323,0.7703283120137984,0.0,0.0
4.969999999999965,-2.7048112636318837,-0.6511633474144244,1.6364051783150524,-0.59886592214193,0.0,0.0,-1.9591082191207927,-0.227806537862004,1.759510810628201,0.5280738305831831,0.0,0.0,0.1939194827526935,-0.12103011472355948,0.9490840110566562,0.7707920915587201,0.0,0.0
4.974999999999962,-2.708044183943826,-0.6420179862650985,1.6334141287866148,-0.5975455449439424,0.0,0.0,-1.9602665672213937,-0.2355194797061093,1.762146744306058,0.5262916294000822,0.0,0.0,0.19331075116523655,-0.12246253402878005,0.9529391269072366,0.7712539155438326,0.0,0.0
4.97999999999996,-2.7112315702478096,-0.6329494469485593,1.6304298029105004,-0.5961766538297161,0.0,0.0,-1.9614632870387578,-0.24315552345456498,1.7647736501172768,0.5244628779140101,0.0,0.0,0.19269485728658384,-0.12389502959686359,0.9567965469721327,0.7717137759156781,0.0,0.0
4.984999999999957,-2.714373802320625,-0.623956004581266,1.6274524404676354,-0.5947603552905966,0.0,0.0,-1.9626979984382098,-0.2507164033281746,1.7673912981191333,0.5225886906707714,0.0,0.0,0.19207180075885233,-0.12532759209054747,0.9606562614131415,0.7721716646197976,0.0,0.0
4.989999999999954,-2.7174712514318693,-0.6150359808846636,1.624482275836403,-0.5932977042610268,0.0,0.0,-1.9639703298384434,-0.25820380673716337,1.7699994638117167,0.5206701306582752,0.0,0.0,0.1914415812703299,-0.12676021237816124,0.9645182603517904,0.7726275736027239,0.0,0.0
4.994999999999951,-2.72052428057285,-0.6061877425509965,1.6215195382445307,-0.591789706455249,0.0,0.0,-1.9652799179815876,-0.2656193759188366,1.7725979278860349,0.5187082116413606,0.0,0.0,0.19080419855445588,-0.12819288153015557,0.9683825338693451,0.7730814948138609,0.0,0.0
4.9999999999999485,-2.723533244677499,-0.597409699674234,1.6185644520096227,-0.5902373205711257,0.0,0.0,-1.9666264077113027,-0.27296470951007784,1.7751864759834584,0.5167039003638417,0.0,0.0,0.1901596523888192,-0.12962559081567698,0.9722490720068295,0.7735334202072561,0.0,0.0
5.004999999999946,-2.726498490835577,-0.5887003042432993,1.6156172367689978,-0.588641460369372,0.0,0.0,-1.968009451758579,-0.2802413640574995,1.7777648984658607,0.5146581186260734,0.0,0.0,0.18950794259417336,-0.13105833169919018,0.9761178647650528,0.7739833417432712,0.0,0.0
5.009999999999943,-2.729420358498515,-0.5800580486949097,1.6126781076994163,-0.5870029966359218,0.0,0.0,-1.9694287105349355,-0.2874508554679311,1.7803329901958502,0.5125717452457419,0.0,0.0,0.1888490690334682,-0.13249109583714794,0.9799889021046447,0.7744312513901523,0.0,0.0
5.01499999999994,-2.732299179678151,-0.5714814645234562,1.6097472757272802,-0.5853227590345939,0.0,0.0,-1.9708838519327299,-0.2945946604018232,1.7828905503265313,0.5104456179090554,0.0,0.0,0.18818303161089814,-0.13392387507470943,0.9838621739460995,0.774877141125511,0.0,0.0
5.019999999999937,-2.735135279138655,-0.562969120945454,1.6068249477298255,-0.583601537856735,0.0,0.0,-1.9723745511322943,-0.3016742176120273,1.7854373821002598,0.5082805349189925,0.0,0.0,0.1875098302709666,-0.13535666144250771,0.9877376701698257,0.7753210029377144,0.0,0.0
5.024999999999935,-2.737928974581912,-0.5545196236162112,1.6039113267278136,-0.5818400856740434,0.0,0.0,-1.9739004904156376,-0.3086909292303119,1.7879732926558942,0.5060772568468239,0.0,0.0,0.18682946499756706,-0.1367894471534662,0.9916153806162032,0.775762828827192,0.0,0.0
5.029999999999932,-2.740680576826612,-0.546131613396461,1.601006612070186,-0.5800391189003572,0.0,0.0,-1.9754613589864503,-0.31564616200386275,1.7904980928440772,0.5038365080926704,0.0,0.0,0.18614193581307886,-0.1382222245996659,0.9954952950856469,0.7762026108076596,0.0,0.0
5.034999999999929,-2.7433903899812893,-0.5378037651668053,1.5981109996111322,-0.5781993192677869,0.0,0.0,-1.9770568527961734,-0.3225412484839227,1.7930115970501026,0.5015589783604897,0.0,0.0,0.18544724277747962,-0.13965498634926174,0.9993774033386756,0.7766403409072701,0.0,0.0
5.039999999999926,-2.7460587116115596,-0.5295347866879128,1.5952246818799705,-0.5763213352222152,0.0,0.0,-1.978686674375896,-0.3293774881686274,1.7955136230239526,0.49924532405250016,0.0,0.0,0.18474538598747237,-0.14108772514345003,1.0032616950959872,0.7770760111696878,0.0,0.0
5.0449999999999235,-2.7486858329017574,-0.5213234175045042,1.5923478482442524,-0.5744057832428424,0.0,0.0,-1.9803505326738535,-0.3361561486019999,1.7980039917171182,0.49689616958771887,0.0,0.0,0.18403636557562753,-0.1425204338934861,1.0071481600385392,0.7775096136550962,0.0,0.0
5.049999999999921,-2.7512720388112046,-0.5131684278912547,1.5894806850664467,-0.5724532490901394,0.0,0.0,-1.9820481428983192,-0.34287846643098274,1.8004825271258298,0.4945121086489762,0.0,0.0,0.18332018170954037,-0.14395310567775327,1.011036787807633,0.7779411404411355,0.0,0.0
5.054999999999918,-2.7538176082253094,-0.505068617838814,1.5866233758545527,-0.5704642889862847,0.0,0.0,-1.983779226365676,-0.3495456484222954,1.802949056140353,0.49209370536247765,0.0,0.0,0.18259683459100234,-0.14538573373888145,1.0149275680050034,0.7783705836237792,0.0,0.0
5.059999999999915,-2.7563228141016918,-0.49702281607824067,1.5837761014069747,-0.5684394307318905,0.0,0.0,-1.9855435103534784,-0.3561588724408325,1.8054034084000203,0.48964149541371194,0.0,0.0,0.1818663244551871,-0.14681831148091762,1.0188204901929137,0.7787979353181504,0.0,0.0
5.0649999999999125,-2.7587879236115214,-0.4890298791422147,1.5809390399519632,-0.5663791747625647,0.0,0.0,-1.987340727958312,-0.36271928839122924,1.8078454161536945,0.48715598710325625,0.0,0.0,0.18112865156985022,-0.1482508324665468,1.022715543894251,0.7792231876592799,0.0,0.0
5.06999999999991,-2.761213198276254,-0.4810886904614703,1.5781123672819164,-0.5642839951486311,0.0,0.0,-1.9891706179582722,-0.36922801912415676,1.8102749141253631,0.48463766234579386,0.0,0.0,0.1803838162345428,-0.1496832904143635,1.026612718592629,0.7796463328028089,0.0,0.0
5.074999999999907,-2.763598894099932,-0.4731981594949624,1.5752962568828206,-0.5621543405411121,0.0,0.0,-1.991032924679891,-0.375686161308834,1.8126917393845945,0.4820869776154441,0.0,0.0,0.17963181877983903,-0.15111567919619434,1.0305120037324933,0.7800673629256395,0.0,0.0
5.079999999999904,-2.765945261697217,-0.4653572208923471,1.572490880059087,-0.5599906350668699,0.0,0.0,-1.9929273978693431,-0.3820947862731727,1.8150957312215927,0.4795043648403041,0.0,0.0,0.17887265956657614,-0.1525479928344709,1.0344133887192282,0.7804862702265375,0.0,0.0
5.084999999999901,-2.7682525464173176,-0.4575648336874232,1.5696964060540373,-0.5577932791756243,0.0,0.0,-1.9948537925677738,-0.38845494081291465,1.817486731026604,0.4768902322489121,0.0,0.0,0.17810633898510814,-0.1539802254996531,1.0383168629192665,0.7809030469266838,0.0,0.0
5.089999999999899,-2.770520988463954,-0.4498199805212391,1.5669130021662632,-0.5555626504413801,0.0,0.0,-1.9968118689906016,-0.3947676479710484,1.8198645821734396,0.47424496517116754,0.0,0.0,0.17733285745457195,-0.1554123715077034,1.0422224156602056,0.7813176852701839,0.0,0.0
5.094999999999896,-2.7727508230115085,-0.4421216668936358,1.5641408338620932,-0.5532991043206471,0.0,0.0,-1.9988013924106407,-0.4010339077887453,1.8222291299068942,0.4715689267960841,0.0,0.0,0.17655221542216606,-0.15684442531760992,1.0461300362309205,0.7817301775245341,0.0,0.0
5.099999999999893,-2.774942280317509,-0.43446892044204455,1.561380064884372,-0.5510029748696686,0.0,0.0,-2.0008221330449145,-0.4072546980289851,1.8245802212338524,0.46886245888859496,0.0,0.0,0.17576441336244142,-0.15827638152896115,1.0500397138816837,0.7821405159810448,0.0,0.0
5.10499999999989,-2.7770955858315673,-0.42686079024642,1.5586308573577474,-0.5486745754227467,0.0,0.0,-2.0028738659450185,-0.41343097487400177,1.8269177048178769,0.4661258824674923,0.0,0.0,0.17496945177660442,-0.15970823487956912,1.0539514378242838,0.7825486929552252,0.0,0.0
5.1099999999998875,-2.7792109603009063,-0.4192963461592343,1.5558933718906611,-0.5463141992336091,0.0,0.0,-2.004956370890907,-0.4195636735976142,1.8292414308770968,0.46335949844644714,0.0,0.0,0.1741673311918319,-0.1611399802431425,1.0578651972321496,0.7829547007871328,0.0,0.0
5.114999999999885,-2.7812886198725946,-0.41177467815951074,1.5531677676742242,-0.5439221200816499,0.0,0.0,-2.0070694322879836,-0.4256537092134711,1.8315512510852123,0.4605635882399361,0.0,0.0,0.17335805216059702,-0.1625716126270089,1.0617809812404713,0.7833585318416848,0.0,0.0
5.119999999999882,-2.7833287761926164,-0.404294895729921,1.55045420257814,-0.541498592844749,0.0,0.0,-2.009212839067372,-0.43170197710018293,1.8338470184754414,0.4577384143357821,0.0,0.0,0.17254161526000678,-0.16400312716988685,1.0656987789463261,0.783760178508938,0.0,0.0
5.124999999999879,-2.785331636501879,-0.3968561272560127,1.547752833243847,-0.5390438540402765,0.0,0.0,-2.0113863845892546,-0.4377093536042725,1.8361285873472541,0.454884220835912,0.0,0.0,0.17171802109115084,-0.16543451913970544,1.0696185794088056,0.7841596332043355,0.0,0.0
5.129999999999876,-2.787297403729264,-0.389457519446682,1.5450638151750333,-0.5365581223357829,0.0,0.0,-2.01358986654918,-0.44367669662183523,1.8383958131757314,0.4520012339668297,0.0,0.0,0.1708872702784606,-0.16686578393147355,1.0735403716491423,0.7845568883689246,0.0,0.0
5.134999999999874,-2.7892262765818434,-0.3820982367750378,1.5423873028256676,-0.5340415990307807,0.0,0.0,-2.0158230868872193,-0.4496048461597563,1.8406485525234015,0.4490896625612098,0.0,0.0,0.17004936346907892,-0.16829691706519673,1.077464144650838,0.7849519364695421,0.0,0.0
5.139999999999871,-2.791118449632342,-0.37477746093885395,1.5397234496856922,-0.5314944685109347,0.0,0.0,-2.018085851699882,-0.455494624877295,1.8428866629544214,0.44614969851192926,0.0,0.0,0.16920430133224043,-0.16972791418384178,1.0813898873597942,0.7853447699989763,0.0,0.0
5.144999999999868,-2.792974113403951,-0.36749439033983183,1.5370724083645135,-0.5289168986758996,0.0,0.0,-2.0203779711546943,-0.4613468386088084,1.8451100029509542,0.4431815171997678,0.0,0.0,0.1683520845586616,-0.17115877105135058,1.0853175886844404,0.7857353814761024,0.0,0.0
5.149999999999865,-2.794793454452582,-0.36024823958093843,1.5344343306724129,-0.5263090413419526,0.0,0.0,-2.0226992594073425,-0.4671622768683528,1.8473184318316282,0.4401852778959341,0.0,0.0,0.16749271385994097,-0.1725894835506994,1.0892472374958668,0.7861237634459891,0.0,0.0
5.154999999999863,-2.7965766554466556,-0.35303823898111575,1.5318093677000095,-0.5236710326205115,0.0,0.0,-2.0250495345212975,-0.4729417133368682,1.8495118096719434,0.4371611241404958,0.0,0.0,0.1666261899679684,-0.17402004768200652,1.0931788226279546,0.7865099084799859,0.0,0.0
5.15999999999986,-2.7983238952444993,-0.3458636341066904,1.5291976698958853,-0.5210029932735467,0.0,0.0,-2.02742861838983,-0.4786859063326128,1.8516899972265146,0.43410918409772886,0.0,0.0,0.1657525136343442,-0.17545045956068717,1.0971123328775074,0.7868938091757886,0.0,0.0
5.164999999999857,-2.800035348969449,-0.3387236853188424,1.5265993871424888,-0.5183050290468345,0.0,0.0,-2.0298363366603436,-0.48439559926549436,1.8538528558530354,0.4310295708893273,0.0,0.0,0.16487168562980703,-0.17688071541565378,1.1010477570043828,0.7872754581574781,0.0,0.0
5.169999999999854,-2.8017111880827246,-0.33161766733652076,1.5240146688304297,-0.5155772309819395,0.0,0.0,-2.0322725186609323,-0.4900715210759061,1.8560002474378516,0.4279223829063637,0.0,0.0,0.16398370674367097,-0.17831081158756373,1.1049850837316257,0.7876548480755468,0.0,0.0
5.1749999999998515,-2.803351580454154,-0.32454486881422456,1.5214436639312596,-0.5128196757077528,0.0,0.0,-2.034736997329103,-0.4957143866586532,1.8581320343230479,0.42478770410082345,0.0,0.0,0.16308857778327093,-0.1797407445271128,1.1089243017455988,0.7880319716068996,0.0,0.0
5.179999999999849,-2.8049566904308287,-0.3175045919340911,1.5188865210688514,-0.5100324257123603,0.0,0.0,-2.037229609142574,-0.5013248972725247,1.8602480792349392,0.4216256042574874,0.0,0.0,0.1621862995734168,-0.18117051079337487,1.1128653996961155,0.7884068214548436,0.0,0.0
5.184999999999846,-2.8065266789037495,-0.31049615201176184,1.5163433885894588,-0.507215529595962,0.0,0.0,-2.0397501940520923,-0.5069037409360427,1.8623482452138755,0.4184361392468804,0.0,0.0,0.16127687295585544,-0.18260010705218618,1.116808366196572,0.7887793903490519,0.0,0.0
5.189999999999843,-2.808061703372535,-0.30351887711551745,1.5138144146305643,-0.5043690223055106,0.0,0.0,-2.0422985954161925,-0.5124515928098967,1.8644323955452637,0.41521935125996057,0.0,0.0,0.16036029878874095,-0.1840295300745765,1.1207531898240781,0.7891496710455208,0.0,0.0
5.19499999999984,-2.8095619180082605,-0.29657210769820186,1.511299747188595,-0.5014929253517062,0.0,0.0,-2.0448746599378387,-0.5179691155665446,1.866500393691721,0.41197526902517057,0.0,0.0,0.15943657794611238,-0.1854587767352441,1.1246998591195903,0.7895176563265064,0.0,0.0
5.199999999999838,-2.811027473714487,-0.28965519624147396,1.5087995341855964,-0.4985872470089122,0.0,0.0,-2.047478237602879,-0.5234569597474399,1.8685521032262693,0.4087039080084339,0.0,0.0,0.15850571131737923,-0.18688784401107622,1.1286483625880406,0.7898833390004493,0.0,0.0
5.204999999999835,-2.8124585181865394,-0.28276750691194763,1.506313923534949,-0.49565198249854675,0.0,0.0,-2.0501091816202623,-0.5289157641083282,1.8705873877664883,0.4054052705966339,0.0,0.0,0.1575676998068141,-0.18831672897971447,1.1325986886984687,0.7902467119018836,0.0,0.0
5.209999999999832,-2.813855195969096,-0.27590841522880144,1.5038430632062083,-0.49268711415644056,0.0,0.0,-2.0527673483639446,-0.534346155953025,1.8726061109095442,0.4020793462650734,0.0,0.0,0.15662254433305242,-0.18974542881816392,1.1365508258841526,0.7906077678913381,0.0,0.0
5.214999999999829,-2.815217648512142,-0.2690773077424641,1.5013871012891467,-0.48969261158462596,0.0,0.0,-2.0554525973164446,-0.5397487514560791,1.8746081361680205,0.3987261117293774,0.0,0.0,0.155670245828599,-0.19117394080144706,1.140504762542738,0.7909664998552194,0.0,0.0
5.219999999999827,-2.8165460142253487,-0.2622735817239909,1.498946186057073,-0.48666843178798136,0.0,0.0,-2.058164791013979,-0.5451241559746975,1.8765933269064656,0.3953455310822619,0.0,0.0,0.15471080523934108,-0.1926022623013016,1.1444604870363662,0.7913229007056902,0.0,0.0
5.224999999999824,-2.8178404285309173,-0.25549664486477536,1.4965204660295097,-0.48361451929612087,0.0,0.0,-2.0609037949931373,-0.5504729643502925,1.8785615462785914,0.3919375559155578,0.0,0.0,0.15374422352406814,-0.19403039078492218,1.1484179876918037,0.7916769633805337,0.0,0.0
5.229999999999821,-2.8191010239149534,-0.24874591498625073,1.494110090034293,-0.4805308062708866,0.0,0.0,-2.06366947773903,-0.5557957611999937,1.8805126571650421,0.3885021254278486,0.0,0.0,0.1527705016539976,-0.1954583238137456,1.1523772528005696,0.7920286808430089,0.0,0.0
5.234999999999818,-2.82032792997741,-0.2420208197592555,1.4917152072691722,-0.47741721259976905,0.0,0.0,-2.0664617106348833,-0.5610931211984548,1.8824465221116695,0.38503916651804193,0.0,0.0,0.1517896406123064,-0.19688605904227982,1.156338270619063,0.7923780460816977,0.0,0.0
5.2399999999998155,-2.821521273480652,-0.23532079643275566,1.4893359673629778,-0.4742736459755467,0.0,0.0,-2.069280367913004,-0.5663656093502584,1.8843630032682384,0.3815485938651723,0.0,0.0,0.15080164139366875,-0.19831359421697628,1.1603010293686886,0.7927250521103447,0.0,0.0
5.244999999999813,-2.8226811783966896,-0.22864529157162777,1.4869725204364213,-0.4711000019624139,0.0,0.0,-2.0721253266070967,-0.5716137812532177,1.886261962327501,0.37803030999469694,0.0,0.0,0.149806505003799,-0.1997409271751452,1.1642655172359824,0.793069691967687,0.0,0.0
5.24999999999981,-2.8238077659531196,-0.22199376080322705,1.4846250171626039,-0.467896164048827,0.0,0.0,-2.074996466505868,-0.5768381833528495,1.888143260464564,0.3744842053315172,0.0,0.0,0.1488042324589999,-0.20116805584391428,1.168231722372736,0.7934119587172797,0.0,0.0
5.254999999999807,-2.824901154677821,-0.21536566857247552,1.4822936088272887,-0.46466200368728106,0.0,0.0,-2.0778936701078834,-0.582039353188285,1.8900067582764941,0.37091015823993845,0.0,0.0,0.14779482478571604,-0.20259497823923017,1.172199632896121,0.7937518454473123,0.0,0.0
5.259999999999804,-2.8259614604424486,-0.20876048790522297,1.4799784473890059,-0.4613973803211943,0.0,0.0,-2.0808168225776313,-0.587217819629865,1.8918523157220861,0.3673080350507422,0.0,0.0,0.14677828302009244,-0.20402169246490318,1.1761692368888115,0.7940893452704214,0.0,0.0
5.264999999999802,-2.8269887965047635,-0.2021777001796453,1.4776796855390615,-0.4581021413990577,0.0,0.0,-2.08376581170276,-0.5923741031086519,1.893679792061738,0.3636776900755298,0.0,0.0,0.1457546082075371,-0.205448196711694,1.1801405223991033,0.794424451323497,0.0,0.0
5.269999999999799,-2.8279832735498385,-0.19561679490545997,1.4753974767614992,-0.45477612237597553,0.0,0.0,-2.0867405278524362,-0.5975087158380873,1.8954890457973643,0.36001896560846,0.0,0.0,0.14472380140228874,-0.20687448925644408,1.1841134774410396,0.7947571567674849,0.0,0.0
5.274999999999796,-2.8289449997301794,-0.18907726951075066,1.4731319753930905,-0.45141914670270195,0.0,0.0,-2.089740863936794,-0.6026221620279926,1.8972799346122862,0.35633169191548825,0.0,0.0,0.14368586366698835,-0.20830056846124792,1.188088089994527,0.7950874547871829,0.0,0.0
5.279999999999793,-2.829874080704801,-0.18255862913620735,1.4708833366834106,-0.44803102580225124,0.0,0.0,-2.0927667153674387,-0.6077149380911155,1.8990523153110384,0.3526156872111843,0.0,0.0,0.14264079607225508,-0.2097264327726686,1.1920643480054545,0.795415338591036,0.0,0.0
5.2849999999997905,-2.8307706196772884,-0.17606038643659894,1.4686517168550604,-0.4446115590341373,0.0,0.0,-2.0958179800189614,-0.6127875328423977,1.9008060437590302,0.34887075762318037,0.0,0.0,0.1415885996962655,-0.21115208072099506,1.1960422393858126,0.7957408014109258,0.0,0.0
5.289999999999788,-2.831634717432887,-0.16958206138931073,1.4664372731640993,-0.4411605336462724,0.0,0.0,-2.0988945581914336,-0.6178404276911386,1.9025409748219941,0.34509669714428187,0.0,0.0,0.14052927562433695,-0.21257751091954277,1.2000217520138097,0.7960638365019596,0.0,0.0
5.294999999999785,-2.832466472374653,-0.1631231811097893,1.4642401639607483,-0.43767772471453037,0.0,0.0,-2.1019963525738463,-0.6228740968262062,1.904256962305167,0.3412932875722462,0.0,0.0,0.139462824948514,-0.21400272206399645,1.204002873733987,0.7963844371422533,0.0,0.0
5.299999999999782,-2.833265980558691,-0.1566832796737509,1.4620605487504283,-0.43416289506995936,0.0,0.0,-2.1051232682084526,-0.6278890073944453,1.9059538588921403,0.3374602984372116,0.0,0.0,0.13838924876715814,-0.21542771293179536,1.2079855923573335,0.7967025966327171,0.0,0.0
5.3049999999997794,-2.834033335728532,-0.15026189794602007,1.4598985882551911,-0.4306157952136021,0.0,0.0,-2.108275212455993,-0.6328856196724097,1.9076315160833117,0.3335974869167359,0.0,0.0,0.13730854818454047,-0.21685248238156157,1.2119698956613996,0.7970183082968354,0.0,0.0
5.309999999999777,-2.83476862934866,-0.14385858341587926,1.4577544444756072,-0.4270361632188599,0.0,0.0,-2.111452094961762,-0.6378643872315415,1.909289784133887,0.3297045977383795,0.0,0.0,0.13622072431043705,-0.21827702935257062,1.2159557713904081,0.7973315654804499,0.0,0.0
5.314999999999774,-2.8354719506372343,-0.13747289003882032,1.455628280753176,-0.4234237246213122,0.0,0.0,-2.114653827622477,-0.6428257570969063,1.9109285119913584,0.3257813630697448,0.0,0.0,0.1351257782597272,-0.2197013528642649,1.219943207255367,0.7976423615515364,0.0,0.0
5.319999999999771,-2.836143386598044,-0.13110437808460143,1.4535202618333163,-0.41977819229588087,0.0,0.0,-2.1178803245539326,-0.6477701698995805,1.9125475472324052,0.3218275023958611,0.0,0.0,0.1340237111519932,-0.22112545201580971,1.2239321909341796,0.7979506898999886,0.0,0.0
5.324999999999768,-2.8367830220517076,-0.12475261399152522,1.4514305539290018,-0.41609926632120364,0.0,0.0,-2.1211315020593995,-0.652698060022774,1.914146735999147,0.31784272238377775,0.0,0.0,0.13291452411112337,-0.22254932598569252,1.2279227100717525,0.7982565439373949,0.0,0.0
5.329999999999766,-2.837390939666166,-0.11841717022686532,1.4493593247851089,-0.4123866338310565,0.0,0.0,-2.1244072785987336,-0.6576098557417612,1.9157259229346886,0.3138267167342055,0.0,0.0,0.13179821826491572,-0.2239729740313653,1.2319147522801037,0.7985599170968197,0.0,0.0
5.334999999999763,-2.8379672199864894,-0.11209762515338101,1.4473067437435407,-0.40863996885264137,0.0,0.0,-2.1277075747581793,-0.6625059793576815,1.9172849511178898,0.3097791660200232,0.0,0.0,0.13067479474468455,-0.22539639548892929,1.2359083051384703,0.7988608028325866,0.0,0.0
5.33999999999976,-2.8385119414640347,-0.10579356290187134,1.4452729818091914,-0.404858932131529,0.0,0.0,-2.131032313220816,-0.6673868473252558,1.9188236619972958,0.3056997375114381,0.0,0.0,0.1295442546848674,-0.22681958977286443,1.2399033561934134,0.7991591946200592,0.0,0.0
5.344999999999757,-2.8390251804849815,-0.09950457324973322,1.4432582117168185,-0.40104317094302383,0.0,0.0,-2.1343814187376347,-0.6722528703744574,1.9203418953241582,0.3015880849875656,0.0,0.0,0.12840659922263406,-0.22824255637580093,1.2438998929589236,0.7994550859554264,0.0,0.0
5.3499999999997545,-2.839507011398271,-0.09323025150550042,1.4412626079988977,-0.3971923188896884,0.0,0.0,-2.1377548180992068,-0.6771044536261552,1.9218394890844794,0.2974438485341676,0.0,0.0,0.1272618294974961,-0.22966529486833567,1.2478979029165234,0.7997484703554889,0.0,0.0
5.354999999999752,-2.8399575065429867,-0.08697019839935204,1.4392863470545183,-0.3933059956847409,0.0,0.0,-2.1411524401079127,-0.6819419967017477,1.9233162794300116,0.2932666543272607,0.0,0.0,0.12610994665091743,-0.23108780489889139,1.2518973735153702,0.8000393413574481,0.0,0.0
5.359999999999749,-2.8403767362752,-0.08072401997959446,1.4373296072194044,-0.3893838069210103,0.0,0.0,-2.1445742155507075,-0.686765893826775,1.9247721006081362,0.28905611440227935,0.0,0.0,0.12495095182592567,-0.23251008619362168,1.2558982921723592,0.8003276925186986,0.0,0.0
5.364999999999746,-2.840764768994316,-0.0744913275151322,1.4353925688371234,-0.3854253438251063,0.0,0.0,-2.148020077172389,-0.6915765339285003,1.9262067848905542,0.2848118264084508,0.0,0.0,0.12378484616672339,-0.23393213855635853,1.2599006462722218,0.8006135174166229,0.0,0.0
5.369999999999743,-2.841121671168946,-0.06827173740395802,1.4334754143315636,-0.38143018299643044,0.0,0.0,-2.1514899596493353,-0.696374300727427,1.92762016250071,0.2805333733480084,0.0,0.0,0.12261163081829982,-0.2353539618686059,1.263904423167625,0.8008968096483898,0.0,0.0
5.374999999999741,-2.8414475073623335,-0.062064871087707,1.431578328280755,-0.3773978861306284,0.0,0.0,-2.15498379956369,-0.7011595728227058,1.929012061539871,0.276220323299839,0.0,0.0,0.12143130692604238,-0.2367755560895784,1.2679096101792726,0.8011775628307573,0.0,0.0
5.379999999999738,-2.8417423402573756,-0.05587035497233423,1.4297014974921116,-0.3733279997270452,0.0,0.0,-2.1585015353779533,-0.7059327237713726,1.9303823079117868,0.2718722291271339,0.0,0.0,0.12024387563534802,-0.23819692125628442,1.2719161945959994,0.8014557705998793,0.0,0.0
5.384999999999735,-2.8420062306812546,-0.04968782035499011,1.4278451110791803,-0.3692200547797212,0.0,0.0,-2.1620431074099606,-0.7106941221613453,1.9317307252458478,0.267488628168571,0.0,0.0,0.1190493380912339,-0.23961805748365578,1.2759241636748693,0.8017314266111181,0.0,0.0
5.389999999999732,-2.8422392376297276,-0.043516903357185555,1.426009360539972,-0.36507356645142486,0.0,0.0,-2.1656084578082018,-0.7154441316780825,1.9330571348186532,0.2630690419125319,0.0,0.0,0.11784769543794733,-0.24103896496472305,1.2799335046412714,0.8020045245388605,0.0,0.0
5.39499999999973,-2.842441418291092,-0.03735724486435446,1.4241944398369726,-0.36088803373018974,0.0,0.0,-2.1691975305274642,-0.7201831111647985,1.9343613554739107,0.25861297565381597,0.0,0.0,0.11663894881857483,-0.24245964397083816,1.2839442046890128,0.8022750580763415,0.0,0.0
5.399999999999727,-2.8426128280698713,-0.031208490471938518,1.4224005454789101,-0.35666293906778124,0.0,0.0,-2.17281027130476,-0.7249114146761094,1.9356432035405715,0.25411991813227913,0.0,0.0,0.11542309937464973,-0.24388009485194298,1.2879562509804143,0.8025430209354698,0.0,0.0
5.404999999999724,-2.8427535206102403,-0.02507029043813957,1.4206278766043787,-0.35239774799948215,0.0,0.0,-2.1764466276355003,-0.7296293915249656,1.9369024927491145,0.2495893411527841,0.0,0.0,0.1142001482457586,-0.2453003180368858,1.2919696306464021,0.8028084068466658,0.0,0.0
5.409999999999721,-2.842863547819237,-0.018942299643501772,1.4188766350674136,-0.34809190874454754,0.0,0.0,-2.1801065487498907,-0.734337386322703,1.9381390341458804,0.24502069918581468,0.0,0.0,0.11297009656914568,-0.24672031403378614,1.2959843307866012,0.8030712095587007,0.0,0.0
5.4149999999997185,-2.8429429598897857,-0.01282417755750843,1.4171470255251086,-0.3437448517866336,0.0,0.0,-2.1837899855895113,-0.7390357390120358,1.9393526360053612,0.24041342894805587,0.0,0.0,0.11173294547931568,-0.248140083430447,1.3000003384694248,0.8033314228385456,0.0,0.0
5.419999999999716,-2.8429918053235754,-0.006715588212398832,1.4154392555273885,-0.3393559894334647,0.0,0.0,-2.187496890784039,-0.7437247848927754,1.9405431037403384,0.2357669489622043,0.0,0.0,0.11048869610763408,-0.24955962689481714,1.3040176407321675,0.8035890404712284,0.0,0.0
5.424999999999713,-2.8430101309538243,-0.0006162001844337558,1.4137535356090325,-0.3349247153549524,0.0,0.0,-2.1912272186280806,-0.7484048546400552,1.9417102398097688,0.23108065909522335,0.0,0.0,0.10923734958192519,-0.2509789451755024,1.3080362245810933,0.8038440562596972,0.0,0.0
5.42999999999971,-2.8429979819679656,0.005474313417137571,1.4120900793840645,-0.3304504040989351,0.0,0.0,-2.194980925058082,-0.7530762743148021,1.9428538436243048,0.2263539400742096,0.0,0.0,0.10797890702606755,-0.252398039102327,1.312056076991525,0.804096464024694,0.0,0.0
5.434999999999707,-2.8429554019303027,0.011556274953130299,1.4104491036426234,-0.3259324105836523,0.0,0.0,-2.1987579676292626,-0.7577393653661759,1.943973711449337,0.22158615297898568,0.0,0.0,0.10671336955958625,-0.2538169095869461,1.3160771849079338,0.804346257604635,0.0,0.0
5.439999999999705,-2.8428824328046707,0.01763000224919067,1.408830828450428,-0.32137006956601516,0.0,0.0,-2.20255830549255,-0.762394444625673,1.945069636305439,0.216776638710479,0.0,0.0,0.10544073829724211,-0.25523555762350886,1.3200995352440272,0.8045934308555046,0.0,0.0
5.444999999999702,-2.842779114977141,0.023695808581941223,1.4072354772509665,-0.3167626950846763,0.0,0.0,-2.206381899371456,-0.767041824292557,1.9461414078660917,0.2119247174338907,0.0,0.0,0.10416101434861758,-0.25665398428937564,1.3241231148828365,0.8048379776507543,0.0,0.0
5.449999999999699,-2.8426454872788174,0.02975400265613834,1.405663276970533,-0.31210957987684274,0.0,0.0,-2.210228711538861,-0.7716818119102443,1.9471888123525591,0.2070296879955958,0.0,0.0,0.10287419881769862,-0.25807219074588544,1.3281479106768022,0.8050798918812158,0.0,0.0
5.454999999999696,-2.8424815870087756,0.035804888572442455,1.4041144581262517,-0.30740999476771025,0.0,0.0,-2.2140987057936568,-0.7763147103332546,1.9482116324257788,0.2020908273126549,0.0,0.0,0.10158029280245291,-0.2594901782391792,1.3321739094478635,0.805319167455024,0.0,0.0
5.4599999999996935,-2.842287449957185,0.041848765785365796,1.4025892549372192,-0.3026631880313305,0.0,0.0,-2.2179918474371974,-0.7809408176842815,1.94920964707513,0.1971073897337463,0.0,0.0,0.10027929739440358,-0.26090794810107604,1.336201097987544,0.8055557982975526,0.0,0.0
5.464999999999691,-2.842063110428664,0.04788592905092462,1.4010879054389225,-0.2978683847216509,0.0,0.0,-2.2219081032495134,-0.7855604273009107,1.950182631503934,0.19207860637025875,0.0,0.0,0.09897121367819856,-0.26232550175000574,1.3402294630570362,0.8057897783513605,0.0,0.0
5.469999999999688,-2.8418086012659236,0.05391666836348211,1.3996106516010745,-0.2930247859723915,0.0,0.0,-2.22584744146523,-0.7901738276714771,1.9511303570115295,0.187003684396208,0.0,0.0,0.09765604273117504,-0.26374284069199694,1.3442589913872887,0.8060211015761517,0.0,0.0
5.474999999999685,-2.8415239538737604,0.059941268881224384,1.3981577394490332,-0.2881315682643405,0.0,0.0,-2.229809831749137,-0.7947813023594946,1.952052590871768,0.1818818063155586,0.0,0.0,0.09633378562291893,-0.26515996652172175,1.3482896696790905,0.8062497619487503,0.0,0.0
5.4799999999996825,-2.8412091982434475,0.06596001083966498,1.3967294191889694,-0.2831878826585682,0.0,0.0,-2.2337952451713488,-0.7993831299160566,1.952949096207763,0.17671212919544943,0.0,0.0,0.09500444341481891,-0.2665768809236001,1.3523214846031588,0.8064757534630871,0.0,0.0
5.48499999999968,-2.840864362977591,0.07197316945252309,1.3953259453369544,-0.2781928539939647,0.0,0.0,-2.2378036541820014,-0.8039795837795535,1.9538196318627146,0.1714937838637286,0.0,0.0,0.09366801715961481,-0.2679935856729612,1.3563544228002227,0.8066990701302044,0.0,0.0
5.489999999999677,-2.840489475315511,0.07798101479926645,1.393947576852155,-0.273145580047413,0.0,0.0,-2.2418350325854055,-0.808570932161992,1.954663952266628,0.16622587406910766,0.0,0.0,0.09232450790093998,-0.2694100826372659,1.360388470881109,0.8069197059782736,0.0,0.0
5.494999999999674,-2.840084561159228,0.08398381169855076,1.3925945772743236,-0.2680451306548068,0.0,0.0,-2.2458893555136057,-0.8131574379211521,1.9554818072987397,0.16090747560214327,0.0,0.0,0.09097391667285747,-0.27082637377738994,1.3644236154268277,0.8071376550526317,0.0,0.0
5.499999999999671,-2.8396496451001094,0.08998181956672567,1.3912672148657865,-0.26289054679100976,0.0,0.0,-2.2499665993992557,-0.8177393584177479,1.9562729421454437,0.15553763537514434,0.0,0.0,0.08961624449938967,-0.2722424611489687,1.3684598429886603,0.8073529114158337,0.0,0.0
5.504999999999669,-2.8391847504462717,0.09597529226050858,1.389965762758137,-0.2576808396067438,0.0,0.0,-2.2540667419477445,-0.8223169453566924,1.9570370971535098,0.15011537045898798,0.0,0.0,0.08825149239404097,-0.2736583469038074,1.372497140088243,0.8075654691477241,0.0,0.0
5.509999999999666,-2.8386898992508023,0.10196447790285397,1.3886904991038573,-0.2524149894202611,0.0,0.0,-2.2581897621084863,-0.8268904446114925,1.9577740076783774,0.14463966707470194,0.0,0.0,0.08687966135931327,-0.27507403329135244,1.3765354932176554,0.8077753223455276,0.0,0.0
5.514999999999663,-2.838165112340904,0.10794961869096813,1.3874417072331005,-0.24709194466153367,0.0,0.0,-2.2623356400452854,-0.8314600960307272,1.9584834039272843,0.13910947953754266,0.0,0.0,0.08550075238621398,-0.27648952266023197,1.3805748888395057,0.8079824651239594,0.0,0.0
5.51999999999966,-2.837610409348041,0.11393095068533127,1.386219675815873,-0.24171062076654531,0.0,0.0,-2.266504357105691,-0.8360261332254615,1.959165010796997,0.1335237291511553,0.0,0.0,0.08411476645375604,-0.27790481745986095,1.3846153133870207,0.8081868916153585,0.0,0.0
5.5249999999996575,-2.8370258087391913,0.11990870357849884,1.385024699029879,-0.236269899019124,0.0,0.0,-2.2706958957892347,-0.8405887833363745,1.959818547705879,0.12788130304925208,0.0,0.0,0.08272170452844997,-0.2793199202421151,1.3886567532641327,0.8083885959698403,0.0,0.0
5.529999999999655,-2.8364113278493113,0.12588310044235115,1.3838570767342884,-0.2307686253375957,0.0,0.0,-2.274910239714451,-0.8451482667792661,1.9604437284200327,0.12218105298208815,0.0,0.0,0.08132156756378707,-0.2807348336630759,1.3926991948455698,0.808587572355476,0.0,0.0
5.534999999999652,-2.835766982915117,0.1318543574523535,1.3827171146497192,-0.2252056090033661,0.0,0.0,-2.279147373584573,-0.8497047969674999,1.9610402608732262,0.11642179404484058,0.0,0.0,0.07991435649971404,-0.28214956048484485,1.3967426244769454,0.8087838149584938,0.0,0.0
5.539999999999649,-2.835092789110304,0.13782268358726962,1.3816051245447267,-0.2195796213283554,0.0,0.0,-2.2834072831517704,-0.8542585800098297,1.9616078469803138,0.11060230334481501,0.0,0.0,0.07850007226209806,-0.28356410357743145,1.40078702847485,0.8089773179835082,0.0,0.0
5.544999999999646,-2.8343887605823386,0.14378828030264412,1.3805214244291146,-0.2138893942580183,0.0,0.0,-2.2876899551798213,-0.8588098143819202,1.9621461824438318,0.10472131860420918,0.0,0.0,0.07707871576218246,-0.2849784659207153,1.4048323931269442,0.8091680756537771,0.0,0.0
5.549999999999644,-2.8336549104909468,0.1497513411762305,1.3794663387543997,-0.2081336189064694,0.0,0.0,-2.291995377405063,-0.8633586905697376,1.9626549565534397,0.09877753669495445,0.0,0.0,0.07565028789603234,-0.28639265060648395,1.4088787046920508,0.8093560822114833,0.0,0.0
5.554999999999641,-2.8328912510484523,0.15571205152338966,1.3784401986217794,-0.2023109440200143,0.0,0.0,-2.2963235384954963,-0.8679053906828329,1.9631338519778576,0.09276961210193164,0.0,0.0,0.07421478954396958,-0.28780666084054773,1.4129259494002535,0.8095413319180509,0.0,0.0
5.559999999999638,-2.8320977935621126,0.16167058798031986,1.3774433419979684,-0.19641997436514522,0.0,0.0,-2.300674428007863,-0.8724500880353769,1.9635825445489326,0.0866961553106202,0.0,0.0,0.07277222156999757,-0.2892204999449339,1.4169741134529898,0.8097238190544934,0.0,0.0
5.564999999999635,-2.831274548478635,0.16762711805280026,1.3764761139392891,-0.1904592690368044,0.0,0.0,-2.3050480363425563,-0.8769929466926301,1.964000703037448,0.08055573111498147,0.0,0.0,0.07132258482121424,-0.29063417136016123,1.4210231830231532,0.8099035379217915,0.0,0.0
5.569999999999633,-2.8304215254310265,0.17358179962793588,1.3755388668244366,-0.18442733968244537,0.0,0.0,-2.309444354696163,-0.8815341209803281,1.964387988920261,0.07434685684110405,0.0,0.0,0.06986588012721386,-0.29204767864759895,1.4250731442551927,0.8100804828413102,0.0,0.0
5.57499999999963,-2.829538733287994,0.17953478044617804,1.3746319605963369,-0.178322648637124,0.0,0.0,-2.313863375011459,-0.8860737549542625,1.9647440561383376,0.06806800048184242,0.0,0.0,0.0684021082994766,-0.2934610254919068,1.4291239832652163,0.8102546481552504,0.0,0.0
5.579999999999627,-2.8286261802060806,0.18548619753066423,1.3737557630135655,-0.1721436069645394,0.0,0.0,-2.3183050899246416,-0.8906119818270908,1.9650685508452301,0.06171757873736568,0.0,0.0,0.06693127013074598,-0.29487421570356503,1.4331756861410947,0.8104260282271427,0.0,0.0
5.584999999999624,-2.827683873684778,0.19143617657066836,1.3729106499118076,-0.16588857239860177,0.0,0.0,-2.3227694927095914,-0.8951489233491698,1.9653611111455103,0.05529395495619195,0.0,0.0,0.0654533663943931,-0.2962872532214901,1.437228238942573,0.8105946174423788,0.0,0.0
5.5899999999996215,-2.826711820624836,0.19738483125567577,1.3720970054758692,-0.15955584717974086,0.0,0.0,-2.3272565772189076,-0.8996846891399242,1.9656213668226443,0.04879543697091998,0.0,0.0,0.06396839784376777,-0.2977001421157429,1.4412816277013767,0.81076041020879,0.0,0.0
5.594999999999619,-2.825710027390038,0.20333226255629538,1.3713152225227851,-0.15314367577977692,0.0,0.0,-2.331766337821474,-0.9042193759659587,1.9658489390557754,0.0422202748224769,0.0,0.0,0.06247636521153592,-0.2991128865903282,1.4453358384213295,0.8109234009572691,0.0,0.0
5.599999999999616,-2.8246784998727077,0.20927855794789285,1.3705657027965916,-0.1466502425087534,0.0,0.0,-2.3362987693362713,-0.9087530669617961,1.96604344012483,0.03556665836627911,0.0,0.0,0.060977269209002524,-0.30052549098608794,1.4493908570784682,0.8110835841424433,0.0,0.0
5.604999999999613,-2.8236172435632567,0.21522379057246593,1.369848857275377,-0.14007366899667678,0.0,0.0,-2.3408538669621395,-0.9132858307887635,1.966204473103349,0.028832714753249153,0.0,0.0,0.05947111052542014,-0.3019379597836934,1.453446669621163,0.8112409542433968,0.0,0.0
5.60999999999961,-2.822526263624084,0.2211680183338868,1.3691651064912518,-0.13341201154262083,0.0,0.0,-2.3454316262031742,-0.9178177207271424,1.9663316315383936,0.02201650577814264,0.0,0.0,0.05795788982728195,-0.30335029760673515,1.4575032619702433,0.811395505764447,0.0,0.0
5.614999999999608,-2.821405564968173,0.2271112829212031,1.3685148808639196,-0.12666325832312514,0.0,0.0,-2.350032042789403,-0.9223487736962794,1.9664244991168447,0.015116025087112642,0.0,0.0,0.056437607757599303,-0.3047625092249147,1.4615606200191245,0.8115472332359811,0.0,0.0
5.619999999999605,-2.8202551523427695,0.23305360875421471,1.3678986210485762,-0.11982532645125143,0.0,0.0,-2.35465511259237,-0.9268790091968656,1.9664826493173724,0.008129195235870771,0.0,0.0,0.05491026493516299,-0.30617459955734,1.4656187296339396,0.8116961312153492,0.0,0.0
5.624999999999602,-2.819075030418538,0.23899500184501618,1.3673167782989086,-0.11289605887704803,0.0,0.0,-2.3593008315352257,-0.9314084281690802,1.966505645047299,0.0010538645891924768,0.0,0.0,0.053375861953787636,-0.3075865736759264,1.4696775766536796,0.8118421942878242,0.0,0.0
5.629999999999599,-2.817865203884633,0.24493544856862293,1.3667698148460055,-0.10587322111951218,0.0,0.0,-2.3639691954968827,-0.9359370117597059,1.9664930382635493,-0.00611219594814709,0.0,0.0,0.05183439938153907,-0.308998436808908,1.4737371468903329,0.8119854170676278,0.0,0.0
5.6349999999995966,-2.8166256775501566,0.2508749143351686,1.3662582042940494,-0.09875449781942797,0.0,0.0,-2.3686602002097628,-0.9404647199907009,1.9664443695768041,-0.013371296379633465,0.0,0.0,0.050285877759943635,-0.3104101943444587,1.477797426129034,0.81212579419903,0.0,0.0
5.639999999999594,-2.8153564564525304,0.2568133421554595,1.3657824320337222,-0.09153748910168605,0.0,0.0,-2.3733738411506247,-0.9449914903210227,1.9663591678379493,-0.02072583125586701,0.0,0.0,0.04873029760317923,-0.31182185183442784,1.481858400128216,0.8122633203575218,0.0,0.0
5.644999999999591,-2.814057545973305,0.26275065109091184,1.3653429956742946,-0.08421970673485982,0.0,0.0,-2.378110113423918,-0.9495172360927114,1.966236949705823,-0.028178283516241326,0.0,0.0,0.04716765939724736,-0.31323341499819174,1.48592005461977,0.8123979902510701,0.0,0.0
5.649999999999588,-2.81272895196205,0.26868673457804687,1.3649404054954546,-0.07679857007491073,0.0,0.0,-2.3828690116370517,-0.9540418448514136,1.9660772191952216,-0.03573122854657697,0.0,0.0,0.04559796359912561,-0.31464488972662447,1.4899823753092114,0.8125297986214564,0.0,0.0
5.6549999999995855,-2.811370680868941,0.27462145861678944,1.364575184919984,-0.06927140177892241,0.0,0.0,-2.3876505297669337,-0.9585651765305893,1.9658794672040512,-0.04338733846681654,0.0,0.0,0.044021210635899984,-0.3160562820861913,1.4940453478758515,0.8126587402457077,0.0,0.0
5.659999999999583,-2.809982739886782,0.28055465981078204,1.3642478710084767,-0.0616354232737079,0.0,0.0,-2.392454661017068,-0.9630870614876081,1.965643171018432,-0.051149386663942205,0.0,0.0,0.04243740090387646,-0.3174675983231652,1.498108957972978,0.8127848099376188,0.0,0.0
5.66499999999958,-2.8085651371032103,0.2864861432467895,1.3639590149773537,-0.05388774996299147,0.0,0.0,-2.3972813976644343,-0.9676072983788092,1.9653677937944893,-0.0590202525864197,0.0,0.0,0.04084653476767115,-0.3188788448679718,1.5021731912280434,0.8129080025493799,0.0,0.0
5.669999999999577,-2.8071178816639475,0.2924156801990043,1.3637091827415386,-0.04602538615562817,0.0,0.0,-2.402130730895304,-0.9721256518593324,1.965052784015488,-0.06700292681771201,0.0,0.0,0.03924861255927839,-0.3202900283396633,1.5062380332428595,0.8130283129733089,0.0,0.0
5.674999999999574,-2.8056409839479914,0.2983430056426703,1.3634989554832226,-0.03804521969598158,0.0,0.0,-2.407002650629098,-0.9766418500921356,1.9646975749228583,-0.07510051644774854,0.0,0.0,0.037643634577116156,-0.3217011555505262,1.5103034695938056,0.8131457361436986,0.0,0.0
5.679999999999572,-2.8041344557557553,0.3042678155598906,1.3633289302482687,-0.029944016276122722,0.0,0.0,-2.411897145329266,-0.9811555820490581,1.9643015839195774,-0.08331625076269401,0.0,0.0,0.0360316010850481,-0.323112233510824,1.51436948583204,0.8132602670387852,0.0,0.0
5.684999999999569,-2.8025983105112338,0.3101897640187683,1.363199720571893,-0.02171841340793222,0.0,0.0,-2.41681420180012,-0.9856664945850818,1.9638642119442662,-0.09165348727494274,0.0,0.0,0.03441251231138151,-0.324523269433678,1.518436067483727,0.8133719006828433,0.0,0.0
5.689999999999566,-2.8010325634793865,0.3161084600051151,1.3631119571353842,-0.013364914031469133,0.0,0.0,-2.421753804968426,-0.990174189265017,1.9633848428142304,-0.10011571811698211,0.0,0.0,0.03278636844784056,-0.325934270740089,1.5225032000502712,0.8134806321484193,0.0,0.0
5.694999999999563,-2.7994372320000225,0.32202346398384535,1.3630662884557443,-0.004879879734104012,0.0,0.0,-2.4267159376484635,-0.9946782189197324,1.9628628425355745,-0.10870657682463719,0.0,0.0,0.031153169648514004,-0.32734524506410345,1.5265708690085669,0.8135864565587092,0.0,0.0
5.6999999999995605,-2.797812335739611,0.32793428416480636,1.3630633816102633,0.0037404764471155646,0.0,0.0,-2.431700580289137,-0.9991780839066728,1.9622975585783675,-0.11742984553723637,0.0,0.0,0.02951291602877676,-0.3287562002581241,1.530639059811255,0.8136893690900889,0.0,0.0
5.704999999999558,-2.7961578969625567,0.3338403724451598,1.3631039229981834,0.012500097669606363,0.0,0.0,-2.436707710701599,-1.0036732280467795,1.9616883191147048,-0.12628946264444846,0.0,0.0,0.027865607664184548,-0.3301671443983704,1.5347077578869972,0.8137893649748104,0.0,0.0
5.709999999999555,-2.7944739408236337,0.3397411199974929,1.3631886191417693,0.021403091408038272,0.0,0.0,-2.441737303765678,-1.0081630342069934,1.9610344322173534,-0.13528953091194074,0.0,0.0,0.026211244589340855,-0.3315780857904891,1.5387769486407628,0.8138864395038705,0.0,0.0
5.714999999999552,-2.79276049568344,0.3456358524695592,1.3633181975292574,0.030453738090525838,0.0,0.0,-2.4467893311132665,-1.0126468194942306,1.9603351850165005,-0.1444343261206255,0.0,0.0,0.024549826796735418,-0.33298903297531834,1.5428466174541275,0.8139805880300678,0.0,0.0
5.7199999999995494,-2.7910175934488937,0.3515238247578748,1.36349340750235,0.03965650028582589,0.0,0.0,-2.451863760786631,-1.0171238300230585,1.9595898428119412,-0.1537283062571109,0.0,0.0,0.02288135423555356,-0.33439999473480664,1.546916749685594,0.8140718059712528,0.0,0.0
5.724999999999547,-2.789245269941019,0.3574042153132955,1.3637150211911042,0.04901603248224643,0.0,0.0,-2.456960556869407,-1.0215932352151973,1.9587976481378577,-0.16317612129607223,0.0,0.0,0.021205826810455512,-0.3358109800980876,1.5509873306709232,0.8141600888137936,0.0,0.0
5.729999999999544,-2.7874435652924694,0.3632761199320992,1.3639838344992867,0.05853719150235376,0.0,0.0,-2.462079679087826,-1.0260541215843753,1.9579578197771115,-0.1727826236186467,0.0,0.0,0.019523244380325,-0.33722199834771366,1.5550583457234861,0.8142454321162609,0.0,0.0
5.734999999999541,-2.785612524377481,0.36913854498093207,1.3643006681434897,0.06822504760125159,0.0,0.0,-2.467221082379475,-1.030505485954872,1.9570695517217573,-0.18255287911463966,0.0,0.0,0.01783360675698617,-0.33863305902604957,1.5591297801346369,0.8143278315133559,0.0,0.0
5.739999999999538,-2.783752197277245,0.3749903999981914,1.3646663687495533,0.07808489630022566,0.0,0.0,-2.4723847164266135,-1.0349462280563573,1.95613201207623,-0.19249217902034968,0.0,0.0,0.016136913703888277,-0.3400441719418239,1.563201619174101,0.8144072827200921,0.0,0.0
5.744999999999536,-2.781862639783952,0.38083048960789034,1.3650818100101103,0.08812227101193387,0.0,0.0,-2.477570525150776,-1.0393751424310376,1.9551443418993852,-0.20260605254821312,0.0,0.0,0.014433164934757114,-0.3414553471768425,1.5672738480903885,0.8144837815362473,0.0,0.0
5.749999999999533,-2.7799439139471414,0.3866575046747153,1.3655478939073615,0.09834295651810465,0.0,0.0,-2.4827784461650424,-1.0437909095818452,1.954105653981291,-0.21290028036924685,0.0,0.0,0.012722360112212535,-0.3428665950928609,1.571346452111231,0.8145573238511102,0.0,0.0
5.75499999999953,-2.77799608866633,0.392470012620717,1.3660655520055072,0.10875300336592851,0.0,0.0,-2.488008410179992,-1.0481920862820926,1.9530150315503352,-0.22338090901449364,0.0,0.0,0.011004498846351183,-0.34427792633861565,1.57541941644404,0.8146279056485332,0.0,0.0
5.759999999999527,-2.7760192403343393,0.39826644681473194,1.366635746817605,0.11935874325502142,0.0,0.0,-2.4932603403589253,-1.0525770949577105,1.9518715269058824,-0.2340542662673724,0.0,0.0,0.009279580693293682,-0.3456893518570127,1.579492726276395,0.8146955230123188,0.0,0.0
5.7649999999995245,-2.7740134535361927,0.40404509493508145,1.3672594732519978,0.13016680549305437,0.0,0.0,-2.4985341516174744,-1.056944212042602,1.9506741599713298,-0.244926977625048,0.0,0.0,0.007547605153695497,-0.34710088289247126,1.5835663667765545,0.8147601721319614,0.0,0.0
5.769999999999522,-2.771978821808999,0.409804086194148,1.3679377601438696,0.14118413460492057,0.0,0.0,-2.503829749862193,-1.0612915551957225,1.9494219167620106,-0.2560059839137179,0.0,0.0,0.005808571671220693,-0.34851253099841717,1.5876403230940022,0.8148218493087652,0.0,0.0
5.774999999999519,-2.769915448468815,0.41554137729988855,1.368671671877917,0.152418009187704,0.0,0.0,-2.509147031162134,-1.0656170692549563,1.9481137477619437,-0.26729856015010683,0.0,0.0,0.004062479630977867,-0.349924308044924,1.5917145803600217,0.8148805509623707,0.0,0.0
5.779999999999516,-2.7678234475111414,0.421254737013983,1.3694623101086203,0.16387606211177203,0.0,0.0,-2.514485880846747,-1.0699185107874811,1.9467485662029576,-0.27881233574951747,0.0,0.0,0.002309328357917517,-0.35133622622649346,1.5957891236883042,0.8149362736377136,0.0,0.0
5.784999999999513,-2.765702944592461,0.42694172914884954,1.3703108155851067,0.175566302177087,0.0,0.0,-2.5198461725227004,-1.0741934310788719,1.9453252462391801,-0.2905553161895679,0.0,0.0,0.0005491171151901626,-0.3527482980699694,1.5998639381755948,0.8149890140124493,0.0,0.0
5.789999999999511,-2.7635540781010626,0.43259969382588626,1.3712183700881784,0.18749713734338927,0.0,0.0,-2.525227767001374,-1.0784391573833034,1.9438426210093278,-0.3025359062482964,0.0,0.0,-0.0012181548975354,-0.35416053644257434,1.6039390089023744,0.8150387689048751,0.0,0.0
5.794999999999508,-2.761377000326326,0.43822572679464156,1.3721861984876915,0.19967739966328538,0.0,0.0,-2.530630511127852,-1.0826527722345731,1.942299480578604,-0.31476293494570656,0.0,0.0,-0.0029924885457943244,-0.3555729545600598,1.6080143209335849,0.8150855352823894,0.0,0.0
5.799999999999505,-2.7591718787367268,0.4438166565867541,1.3732155709291465,0.2121163720585546,0.0,0.0,-2.5360542365011574,-1.0868310905917944,1.9406945697513378,-0.3272456823291035,0.0,0.0,-0.004773884762088934,-0.356985565994952,1.6120898593193962,0.815129310270517,0.0,0.0
5.804999999999502,-2.7569388973780016,0.44936901924893574,1.3743078051590814,0.22482381709220456,0.0,0.0,-2.5414987580742783,-1.0909706345640449,1.939026585744777,-0.33999390825479436,0.0,0.0,-0.006562344547693395,-0.35839838468488316,1.616165609096021,0.8151700911625578,0.0,0.0
5.8099999999995,-2.754678258404303,0.454879030365413,1.3754642689996575,0.23781000790202586,0.0,0.0,-2.5469638726211703,-1.0950676054244215,1.937294175713642,-0.35301788333194634,0.0,0.0,-0.0083578689745002,-0.35981142494098295,1.6202415552865803,0.8152078754298884,0.0,0.0
5.814999999999497,-2.752390183756683,0.4603425540414102,1.3766863829836835,0.25108576147564876,0.0,0.0,-2.5524493570563815,-1.09911785258509,1.9354959341141784,-0.36632842220865697,0.0,0.0,-0.010160459186908728,-0.3612247014563111,1.624317682902018,0.8152426607329762,0.0,0.0
5.819999999999494,-2.7500749170050227,0.46575506847465536,1.3779756231622737,0.2646624744624259,0.0,0.0,-2.557954966591194,-1.1031168391603439,1.9336303998955278,-0.37993691939561125,0.0,0.0,-0.011970116403756002,-0.36263822931430206,1.6283939769420783,0.8152744449331532,0.0,0.0
5.824999999999491,-2.7477327253715074,0.4711116276905605,1.3793335240983424,0.27855216173386543,0.0,0.0,-2.5634804327081753,-1.1070596036933598,1.9316960535051972,-0.39385538783910795,0.0,0.0,-0.013786841920289651,-0.3640520239971918,1.6324704223963402,0.8153032261052106,0.0,0.0
5.8299999999994885,-2.745363901955998,0.4764068189575813,1.3807616820602429,0.29276749792179163,0.0,0.0,-2.5690254609337915,-1.1109407175631847,1.9296913136943186,-0.4080965004726951,0.0,0.0,-0.015610637110182873,-0.3654661013943874,1.636547004245318,0.8153290025508714,0.0,0.0
5.834999999999486,-2.7429687681862616,0.4816347153309707,1.3822617584310526,0.3073218621818749,0.0,0.0,-2.5745897283861203,-1.1147542375202215,1.9276145341071949,-0.4226736349951214,0.0,0.0,-0.01744150342759102,-0.3668804778107404,1.6406237074616319,0.8153517728132144,0.0,0.0
5.839999999999483,-2.740547676518947,0.4867888226941774,1.3838354833502875,0.32222938644951055,0.0,0.0,-2.5801728810717766,-1.1184936527194997,1.9254639996383396,-0.43760092214165763,0.0,0.0,-0.01927944240924921,-0.36829516997466827,1.644700517011252,0.8153715356921148,0.0,0.0
5.84499999999948,-2.7381010134205925,0.49186202057565975,1.3854846596062194,0.33750500747508,0.0,0.0,-2.58577453090277,-1.1221518255295793,1.9232379225388354,-0.4528932977358995,0.0,0.0,-0.021124455676610036,-0.3697101950460713,1.6487774178548245,0.8153882902607876,0.0,0.0
5.849999999999477,-2.7356292026617988,0.4968464959127403,1.3872111667984506,0.3531645229460765,0.0,0.0,-2.591394252400155,-1.1257209252887574,1.9209344382523472,-0.46856655882961884,0.0,0.0,-0.02297654493802023,-0.37112557062397333,1.6528543949490815,0.8154020358835107,0.0,0.0
5.854999999999475,-2.733132708962164,0.5017336688107309,1.3890169657919942,0.3692246520240185,0.0,0.0,-2.597031579046875,-1.12919235405691,1.9185516009595425,-0.4846374242586802,0.0,0.0,-0.02483571199093466,-0.3725413147538117,1.6569314332483427,0.81541277223463,0.0,0.0
5.859999999999472,-2.7306120420286777,0.5065141092018692,1.3909041034857912,0.38570310064387386,0.0,0.0,-2.602685999247131,-1.1325566632675785,1.9160873788079706,-0.5011235999628435,0.0,0.0,-0.026701958724165722,-0.37395744593428115,1.6610085177061176,0.8154204993189376,0.0,0.0
5.864999999999469,-2.728067761036146,0.5111774431409827,1.3928747179203882,0.40261863194202063,0.0,0.0,-2.608356951843663,-1.1358034600173414,1.9135396488026815,-0.5180438494355901,0.0,0.0,-0.028575287120165643,-0.37537398312363207,1.66508563327681,0.8154252174935376,0.0,0.0
5.869999999999466,-2.7255004796050306,0.5157122472789192,1.3949310437513658,0.4199911421943957,0.0,0.0,-2.614043821137605,-1.1389213015336117,1.9109061913309755,-0.5354180696857397,0.0,0.0,-0.030455699257338605,-0.37679094574529753,1.6691627649175387,0.8154269274913116,0.0,0.0
5.8749999999994635,-2.7229108713399306,0.5201059298254486,1.3970754181170453,0.43784174265777337,0.0,0.0,-2.619745931347664,-1.141897576132727,1.9081846842927563,-0.553267373103926,0.0,0.0,-0.03234319731237912,-0.37820835369271094,1.6732398975900782,0.8154256304461204,0.0,0.0
5.879999999999461,-2.7202996760010167,0.5243445960444348,1.3993102869309872,0.45619284771188034,0.0,0.0,-2.625462540436325,-1.1447183687112708,1.9053726968059626,-0.5716141756317806,0.0,0.0,-0.034237783562632074,-0.37962622733315315,1.6773170162629303,0.8154213279198683,0.0,0.0
5.884999999999458,-2.717667706391302,0.5284128960081389,1.4016382116317678,0.47506826969528826,0.0,0.0,-2.6311928332202026,-1.1473683084976907,1.9024676824545752,-0.5904822916269098,0.0,0.0,-0.03613946038846923,-0.38104458751043696,1.6813941059135367,0.8154140219315894,0.0,0.0
5.889999999999455,-2.7150158560549005,0.53229385196578,1.4040618764244557,0.49449332080971425,0.0,0.0,-2.6369359136693977,-1.1498303964195515,1.8994669720447819,-0.6098970357984581,0.0,0.0,-0.038048230275675776,-0.3824634555462176,1.6854711515306418,0.8154037149887116,0.0,0.0
5.8949999999994525,-2.712345107895696,0.5359686622433263,1.406584096049991,0.5144949224301173,0.0,0.0,-2.6426907962864385,-1.1520858090036423,1.8963677658330722,-0.6298853325508256,0.0,0.0,-0.03996409581783951,-0.3838828532396733,1.6895481381168158,0.8153904101206766,0.0,0.0
5.89999999999945,-2.7096565438425326,0.5394164780742511,1.4092078241202144,0.535101722094611,0.0,0.0,-2.648456396438707,-1.1541136752089722,1.8931671251885065,-0.6504758330097423,0.0,0.0,-0.04188705971873373,-0.3853028028652685,1.6936250506911572,0.8153741109150991,0.0,0.0
5.904999999999447,-2.7069513557065212,0.5426141491495312,1.4119361620574384,0.5563442183491274,0.0,0.0,-2.6542315194987687,-1.1558908219812614,1.8898619636502616,-0.6716990399058356,0.0,0.0,-0.043817124794683485,-0.38672332716825897,1.6977018742921781,0.8153548215566758,0.0,0.0
5.909999999999444,-2.704230857398868,0.5455359329513082,1.4147723686779732,0.5782548934741187,0.0,0.0,-2.660014848624203,-1.157391483593744,1.8864490373410125,-0.6935874403432056,0.0,0.0,-0.04575429397690288,-0.3881444493575528,1.701778593980892,0.8153325468690547,0.0,0.0
5.914999999999441,-2.701496498704391,0.5481531620767444,1.41771987045866,0.6008683539073751,0.0,0.0,-2.6658049309817935,-1.158586968981263,1.882924934697096,-0.7161756462673098,0.0,0.0,-0.04769857031378918,-0.38956619309546964,1.7058551948441212,0.8153072923599021,0.0,0.0
5.919999999999439,-2.69874988083734,0.5504338627408623,1.4207822725238286,0.6242214778754545,0.0,0.0,-2.6716001621894776,-1.1594452802569741,1.8792860654780117,-0.7395005421449036,0.0,0.0,-0.04964995697315684,-0.39098858248387597,1.709931661998037,0.8152790642694171,0.0,0.0
5.924999999999436,-2.695992774043104,0.5523423164388942,1.4239633703866579,0.6483535693259731,0.0,0.0,-2.6773987687124787,-1.159930674392797,1.8755286490212697,-0.7636014389485591,0.0,0.0,-0.05160845724439199,-0.3924116420460839,1.7140079805919493,0.815247869622554,0.0,0.0
5.929999999999433,-2.6932271375529893,0.5538385553137228,1.4272671624730129,0.6733065166736407,0.0,0.0,-2.68319878790648,-1.1600031586099064,1.8716487017144923,-0.7885202329589113,0.0,0.0,-0.0535740745405042,-0.39383539670380296,1.718084135812372,0.8152137162852391,0.0,0.0
5.93499999999943,-2.690455142250652,0.5548777800698712,1.4306978634465202,0.6991249540804092,0.0,0.0,-2.688998045349272,-1.159617908321537,1.8676420236659834,-0.8143015671053054,0.0,0.0,-0.05554681240004917,-0.39525987174832017,1.7221601128873738,0.8151766130248654,0.0,0.0
5.9399999999994275,-2.6876791964694586,0.5554096872529808,1.4342599183396882,0.7258564219122958,0.0,0.0,-2.6947941290416235,-1.1587245944480211,1.863504184568939,-0.8409929914877041,0.0,0.0,-0.057526674488890775,-0.3966850928049445,1.7262358970912492,0.8151365695753778,0.0,0.0
5.944999999999425,-2.6849019754118033,0.5553776903164404,1.4379580174756341,0.7535515215558048,0.0,0.0,-2.700584359986403,-1.1572666045268292,1.8592305087747194,-0.8686451182630859,0.0,0.0,-0.059513664601766235,-0.398111085789596,1.730311473749523,0.815093596707251,0.0,0.0
5.949999999999422,-2.6821264547661574,0.5547180160618044,1.4417971121362028,0.7822640578062074,0.0,0.0,-2.7063657585702026,-1.1551801392055592,1.8548160596193553,-0.8973117641089098,0.0,0.0,-0.061507786663611966,-0.3995378768562296,1.7343868282443187,0.8150477063026721,0.0,0.0
5.954999999999419,-2.6793559491978436,0.5533586546986607,1.44578243089205,0.8120511593851938,0.0,0.0,-2.7121350060715272,-1.1523931623650752,1.8502556230877119,-0.9270500708214566,0.0,0.0,-0.06350904473060044,-0.40096549233357043,1.7384619460201152,0.8149989114362328,0.0,0.0
5.959999999999416,-2.6765941565078095,0.5512181378528641,1.449919496454537,0.8429733645745615,0.0,0.0,-2.717888400501331,-1.1488241792034757,1.845543690955416,-0.9579205910359994,0.0,0.0,-0.0655174429908305,-0.4023939586493738,1.7425368125899237,0.8149472264614077,0.0,0.0
5.964999999999414,-2.6738452083931517,0.5482041142948111,1.4542141428328517,0.8750946541547465,0.0,0.0,-2.723621805842216,-1.1443808120546652,1.8406744436251126,-0.9899873212578412,0.0,0.0,-0.06753298576460334,-0.4038233022401309,1.7466114135419122,0.8148926671030644,0.0,0.0
5.969999999999411,-2.6711137289071005,0.5442116879144757,1.4586725324753969,0.9084824073953671,0.0,0.0,-2.7293305935886654,-1.1389581384706748,1.8356417329779755,-1.0233176579515806,0.0,0.0,-0.06955567750420581,-0.4052535494437861,1.7506857345465034,0.8148352505561836,0.0,0.0
5.974999999999408,-2.668404901908094,0.5391214765285792,1.4633011729327048,0.9432072482018824,0.0,0.0,-2.7350095752987698,-1.1324367501559414,1.830439065703183,-1.0579822437927913,0.0,0.0,-0.071585522793109,-0.40668472637262315,1.7547597613639876,0.814774995590879,0.0,0.0
5.979999999999405,-2.6657245490108394,0.5327973435326148,1.468106932387114,0.9793427369330667,0.0,0.0,-2.7406529246446585,-1.1246804847695988,1.8250595877600893,-1.0940546595967606,0.0,0.0,-0.07362252634447489,-0.40811685876300124,1.7588334798526721,0.8147119226636652,0.0,0.0
5.984999999999403,-2.663079219809606,0.5250837474030662,1.473097053135131,1.0169648478772264,0.0,0.0,-2.746254087191521,-1.115533775604979,1.8194960708871375,-1.1316109019119724,0.0,0.0,-0.0756666929988459,-0.4095499717980732,1.7629068759776065,0.814646054034718,0.0,0.0
5.9899999999994,-2.6604762964366313,0.5158026470334817,1.478279161758968,1.0561511515998532,0.0,0.0,-2.7518056758424705,-1.104818557134489,1.8137409024210047,-1.1707285654904867,0.0,0.0,-0.07771802772087132,-0.4109840898989778,1.7669799358199023,0.814577413890606,0.0,0.0
5.994999999999397,-2.657924114844803,0.5047498946436871,1.4836612742538233,1.0969795936324267,0.0,0.0,-2.7572993495602702,-1.0923306581643928,1.807786080159367,-1.2114856221040275,0.0,0.0,-0.07977653559490014,-0.41241923647928025,1.7710526455866848,0.8145060284715733,0.0,0.0
5.999999999999394,-2.655432105556571,0.4916910439277141,1.489251793746967,1.1395267240362286,0.0,0.0,-2.7627256726241605,-1.0778356102710869,1.8016232146312245,-1.2539586502381839,0.0,0.0,-0.08184222181924188,-0.41385543365661337,1.7751249916216831,0.814431926201927,0.0,0.0
6.0049999999993915,-2.6530109569842186,0.4763565015559906,1.4950594976007496,1.18386518342321,0.0,0.0,-2.7680739513168904,-1.0610637996414,1.7952435419826422,-1.2982203212446015,0.0,0.0,-0.08391509169886444,-0.41529270191457657,1.7791969604164817,0.8143551378213623,0.0,0.0
6.009999999999389,-2.650672804768596,0.4584359589816489,1.5010935095658877,1.2300601865754044,0.0,0.0,-2.773332044595117,-1.0417048992746605,1.7886379518115647,-1.344335883089513,0.0,0.0,-0.08599515063626081,-0.4167310597069745,1.7832685386224214,0.8142756965140789,0.0,0.0
6.014999999999386,-2.648431450848081,0.43757206491181894,1.5073632511563286,1.2781646608138713,0.0,0.0,-2.778486145031718,-1.0194015419163154,1.7817970357804145,-1.3923582988451366,0.0,0.0,-0.0880824041201747,-0.4181705229954902,1.78733971306313,0.8141936380312353,0.0,0.0
6.019999999999383,-2.646302616061442,0.4133533465312511,1.5138783644441225,1.328212588394267,0.0,0.0,-2.783520526226705,-0.9937422418203109,1.7747111648081089,-1.4423215891948358,0.0,0.0,-0.09017685771182762,-0.41961110471092744,1.7914104707476417,0.8141090008005387,0.0,0.0
6.02499999999938,-2.6443042298510275,0.3853064746244597,1.5206485958926197,1.3802099666780463,0.0,0.0,-2.788417253120708,-0.9642536604970509,1.7673706052232452,-1.4942317926925315,0.0,0.0,-0.09227851702823932,-0.421052814127396,1.7954807988840078,0.8140218260144548,0.0,0.0
6.029999999999378,-2.642456759816831,0.3528881167826709,1.5276836275156764,1.4341226352630831,0.0,0.0,-2.793155852460965,-0.9303924606442403,1.7597656875909176,-1.5480547929486101,0.0,0.0,-0.09438738772217857,-0.42249565613841783,1.7995506848932787,0.8139321576854969,0.0,0.0
6.034999999999375,-2.6407835820896772,0.3154768671278472,1.5349928374320585,1.4898600302795464,0.0,0.0,-2.7977129424520704,-0.8915372367035553,1.7518870461441698,-1.6037000729326993,0.0,0.0,-0.096503475458227,-0.42393963042427907,1.8036201164236436,0.8138400426531235,0.0,0.0
6.039999999999372,-2.6393113901561787,0.27236612735130933,1.542584966691778,1.5472537300113853,0.0,0.0,-2.802061823959408,-0.8469813968497671,1.7437259519436465,-1.6609992605331778,0.0,0.0,-0.09862678588438831,-0.42538473050152936,1.8076890813644468,0.813745530521763,0.0,0.0
6.044999999999369,-2.6380706340188667,0.22275940488907855,1.550467663140054,1.6060294946964178,0.0,0.0,-2.80617204138247,-0.7959284622399367,1.7352747690001533,-1.7196781681996745,0.0,0.0,-0.10075732459863772,-0.4268309426491292,1.8117575678596642,0.8136486735032266,0.0,0.0
6.0499999999993666,-2.63709597220354,0.165770365382169,1.5586468664185151,1.6657714623065845,0.0,0.0,-2.8100089306866396,-0.7374921206696712,1.7265275692610706,-1.7793209884358097,0.0,0.0,-0.10289509710979444,-0.42827824471248527,1.8158255643202852,0.8135495261291955,0.0,0.0
6.054999999999364,-2.6364267045378926,0.10043120298902994,1.5671259919405454,1.7258773995319523,0.0,0.0,-2.8135331866699493,-0.6707045981909722,1.7174809486244795,-1.8393255443227041,0.0,0.0,-0.1050401087921322,-0.42972660479804503,1.8198930594348461,0.8134481447907221,0.0,0.0
6.059999999999361,-2.636107131926846,0.02571450909619677,1.575904867827221,1.7855046919900264,0.0,0.0,-2.816700503239881,-0.5945385292068938,1.7081350899955305,-1.8988492790424092,0.0,0.0,-0.1071923648332479,-0.43117597988929013,1.8239600421771192,0.813344587052353,0.0,0.0
6.064999999999358,-2.6361867587289005,-0.05942426065726722,1.584978381061662,1.8435085060388092,0.0,0.0,-2.8194613710961467,-0.5079494249004303,1.6984951171285239,-1.9567474167187724,0.0,0.0,-0.1093518701749272,-0.4326263144422894,1.8280265018096848,0.8132389106799327,0.0,0.0
6.0699999999993555,-2.636720213040388,-0.155974768537938,1.5943348036905096,1.8983768315812848,0.0,0.0,-2.821761157512458,-0.40994769240417644,1.688572768427569,-2.011508003897308,0.0,0.0,-0.1115186294471284,-0.4340775390578723,1.8320924278817923,0.8131311723159925,0.0,0.0
6.074999999999353,-2.6377667125089244,-0.26476038414773334,1.603953805956656,1.948172523654024,0.0,0.0,-2.823540640595235,-0.29971004647288646,1.6783883838236358,-2.0611939493933997,0.0,0.0,-0.11369264689581472,-0.43552956937936704,1.8361578102195788,0.8130214257393471,0.0,0.0
6.07999999999935,-2.6393888569192114,-0.3862793239619742,1.6138042324022381,1.9905002765326552,0.0,0.0,-2.824737216774496,-0.17673837060980022,1.6679731286911834,-2.103409996195561,0.0,0.0,-0.1158739263062655,-0.43698230542821254,1.8402226389064484,0.812909719662878,0.0,0.0
6.084999999999347,-2.6416505033327606,-0.5204973784000314,1.623841829883042,2.0225258473003347,0.0,0.0,-2.825287025742486,-0.041066989942959826,1.6573712658655684,-2.1353219423646483,0.0,0.0,-0.11806247092472665,-0.4384356316569958,1.8442869042512595,0.8127960950642853,0.0,0.0
6.089999999999344,-2.644613509146477,-0.6666066390070788,1.634007274220546,2.041082597595865,0.0,0.0,-2.8251282074706925,0.10649605706000372,1.6466421290372029,-2.1537631797138124,0.0,0.0,-0.12025828338280399,-0.43988941805291193,1.8483505967421203,0.8126805821179216,0.0,0.0
6.094999999999342,-2.6483332589811175,-0.8227895193204794,1.6442250215812544,2.0428998535041094,0.0,0.0,-2.8242053753881393,0.26413304195401255,1.6358612714344267,-2.1554630504102423,0.0,0.0,-0.12246136563071745,-0.44134352263352,1.8524137069841882,0.8125631969061065,0.0,0.0
6.099999999999339,-2.6528531625923324,-0.9860572754608921,1.6544036468504553,2.024969217474444,0.0,0.0,-2.822475118520546,0.42885507106031706,1.625120127528312,-2.1374131557016565,0.0,0.0,-0.12467171888709586,-0.44279779559941224,1.856476225621102,0.8124439382271873,0.0,0.0
6.104999999999336,-2.658198717131653,-1.1522529232631284,1.6644383146526525,1.9850217205211416,0.0,0.0,-2.8199119392544523,0.5965050084696267,1.6145235421056032,-2.0973445054755975,0.0,0.0,-0.1268893436138691,-0.4442520852064859,1.8605381432416142,0.8123227849544291,0.0,0.0
6.109999999999333,-2.664372167048011,-1.3162972152888703,1.674215741164544,1.9220262746291716,0.0,0.0,-2.816513593427621,0.7620034603756131,1.6041848085598294,-2.0342259691076783,0.0,0.0,-0.12911423952434328,-0.4457062450867306,1.8645994502754963,0.81219969447848,0.0,0.0
6.1149999999993305,-2.671349058004203,-1.4726954493665103,1.683621409623297,1.8365657524148011,0.0,0.0,-2.8123045363655947,0.9198555917051094,1.5942184534911614,-1.9486403551344817,0.0,0.0,-0.1313464056301774,-0.44716014233858686,1.868660136885411,0.8120746027196538,0.0,0.0
6.119999999999328,-2.679077827925086,-1.616222348754118,1.6925480451451977,1.7309433873053879,0.0,0.0,-2.8073363317462343,1.06483601411347,1.5847317619912722,-1.8428908132888766,0.0,0.0,-0.1335858403286533,-0.44861366535933983,1.8727201928633996,0.8119474259834618,0.0,0.0
6.124999999999325,-2.687482917735231,-1.742610659042364,1.700903767942559,1.6089449830930425,0.0,0.0,-2.801684540738687,1.192677389310293,1.575816624516129,-1.720763047674963,0.0,0.0,-0.1358325415260566,-0.45006673026791644,1.8767796075411813,0.8118180645818942,0.0,0.0
6.129999999999322,-2.6964709197737284,-1.8490478250516336,1.7086182748357996,1.475307595284703,0.0,0.0,-2.7954425734386557,1.3005671100209053,1.5675433554419744,-1.5869940030482437,0.0,0.0,-0.13808650678759163,-0.451519284969259,1.8808383697220952,0.8116864077635144,0.0,0.0
6.134999999999319,-2.7059384475824615,-1.9343567760443723,1.7156459466635303,1.3350537347205345,0.0,0.0,-2.788713818916876,1.3873280864424444,1.5599575856968426,-1.4466060739524758,0.0,0.0,-0.14034773350063748,-0.45297131039805943,1.8848964676394964,0.811552339231915,0.0,0.0
6.139999999999317,-2.7157800921247004,-1.998859931830763,1.7219656880753602,1.1928795932511085,0.0,0.0,-2.7816036888379596,1.4532827508990076,1.5530804229819106,-1.304295335732373,0.0,0.0,-0.1426162190373161,-0.4544228190682322,1.888953888942599,0.8114157424812377,0.0,0.0
6.144999999999314,-2.725895103016641,-2.04402777019682,1.7275781394690553,1.0527306847546536,0.0,0.0,-2.774212936079087,1.499901621725486,1.546911239823609,-1.16400719008831,0.0,0.0,-0.14489196090424875,-0.45587385152865445,1.8930106207072062,0.8112765053336304,0.0,0.0
6.149999999999311,-2.7361920606373884,-2.0720492456030035,1.7325013391473811,0.9176055874008432,0.0,0.0,-2.766632982491525,1.5293737171565769,1.5414320113861295,-1.0287401107356542,0.0,0.0,-0.14717495687106313,-0.4573244715535633,1.8970666494663595,0.8111345233347846,0.0,0.0
6.154999999999308,-2.7465914479454887,-2.0854361325780406,1.736765911439512,0.7895522481486519,0.0,0.0,-2.758943346981091,1.544210893453779,1.5366121273054452,-0.9005419500854972,0.0,0.0,-0.14946520507339667,-0.45877476087572844,1.901121961254913,0.8109897019368185,0.0,0.0
6.159999999999306,-2.757026464846223,-2.0867214408090424,1.7404105740814235,0.6697867385178101,0.0,0.0,-2.751210831063979,1.54694625489927,1.5324128842562181,-0.7806286961140797,0.0,0.0,-0.15176270408977374,-0.46022481409021776,1.9051765416622277,0.810841957596243,0.0,0.0
6.164999999999303,-2.7674426046273455,-2.078265016560985,1.7434783998484797,0.5588659430334849,0.0,0.0,-2.7434899423783343,1.5399397506841215,1.5287912242632813,-0.6695571610499957,0.0,0.0,-0.15406745299429567,-0.46167473412312576,1.9092303758881084,0.8106912180164841,0.0,0.0
6.1699999999993,-2.777796498249196,-2.0621511566379405,1.746013969935957,0.45686520819051185,0.0,0.0,-2.735824050362273,1.5252757850876777,1.5257025812655718,-0.5674026299767636,0.0,0.0,-0.15637945138850634,-0.46312462844972613,1.9132834487983403,0.810537421786225,0.0,0.0
6.174999999999297,-2.788054424115459,-2.040152674121235,1.7480613679290764,0.36353398759095873,0.0,0.0,-2.728246876468203,1.504727280215633,1.5231028870934105,-0.47391450522874345,0.0,0.0,-0.1586986994163134,-0.4645746060943879,1.9173357449773818,0.8103805176377582,0.0,0.0
6.1799999999992945,-2.7981907518894333,-2.013736639772441,1.7496628732648667,0.27841931894420874,0.0,0.0,-2.7207840503447893,1.4797614151254812,1.5209498779582282,-0.38863978244590486,0.0,0.0,-0.16102519776575258,-0.46602477535303183,1.9213872487767731,0.8102204635016699,0.0,0.0
6.184999999999292,-2.808186477875,-1.9840925394865405,1.7508581901298719,0.20095704251911076,0.0,0.0,-2.713454574464014,1.4515677816217623,1.5192038655114095,-0.3110142680031805,0.0,0.0,-0.16335894766096173,-0.4674752421352128,1.9254379443585865,0.8100572254840437,0.0,0.0
6.189999999999289,-2.8180279289886747,-1.952169824496451,1.7516840609517113,0.13053540266116778,0.0,0.0,-2.7062721201641264,1.4210959333073963,1.517828123314414,-0.24042617951044487,0.0,0.0,-0.16569995084717565,-0.4689261088109364,1.929487815733743,0.8098907768492511,0.0,0.0
6.194999999999286,-2.827705660771003,-1.9187169991836568,1.7521741413677316,0.0665370703732971,0.0,0.0,-2.6992461296579857,1.3890944726369647,1.516789011836767,-0.17625816743160352,0.0,0.0,-0.1680482095709881,-0.4703774734533007,1.9335368467953693,0.8097210970582805,0.0,0.0
6.199999999999283,-2.8372135453985736,-1.884318055764107,1.7523590434224232,0.008365311102692898,0.0,0.0,-2.692382728043787,1.3561474851464885,1.5160559352299003,-0.11791348199180356,0.0,0.0,-0.17040372655761662,-0.47182942938237427,1.9375850213475445,0.8095481708890848,0.0,0.0
6.204999999999281,-2.846548031037382,-1.8494244011684873,1.752266480030103,-0.044540968208837094,0.0,0.0,-2.685685463976121,1.3227064661010124,1.5156011968398884,-0.06483101944101632,0.0,0.0,-0.1727665049864752,-0.473282064932517,1.9416323231298764,0.8093719876498277,0.0,0.0
6.209999999999278,-2.8557075483424854,-1.8143817808263407,1.7519214646095056,-0.0926996717525163,0.0,0.0,-2.679155903191482,1.289117244207832,1.5153997995519786,-0.016492868733673876,0.0,0.0,-0.1751365484660107,-0.47473546338148337,1.9456787358383834,0.8091925404861644,0.0,0.0
6.214999999999275,-2.864692039433871,-1.7794524193015162,1.7513465353493471,-0.13658283621059958,0.0,0.0,-2.672794099557618,1.2556421222952412,1.515429221507385,0.027573010432521815,0.0,0.0,-0.17751386100848818,-0.47618970299371777,1.9497242431431354,0.8090098257780519,0.0,0.0
6.219999999999272,-2.8735025867109165,-1.7448329209697768,1.7505619846560336,-0.17661697951527036,0.0,0.0,-2.666598966283859,1.222477778111638,1.515669186640744,0.06779313689659716,0.0,0.0,-0.17989844700520097,-0.4776448571418534,1.9537688287030908,0.8088238426186474,0.0,0.0
6.22499999999927,-2.8821411219051862,-1.7106685755214812,1.749586081985417,-0.21318522651941588,0.0,0.0,-2.6605685668923633,1.189769570001133,1.5161014418359386,0.10455063415274586,0.0,0.0,-0.18229031120242678,-0.4791009944796444,1.9578124761785123,0.8086345923666443,0.0,0.0
6.229999999999267,-2.8906101989942954,-1.6770646995455825,1.7484352833902537,-0.24663038506222237,0.0,0.0,-2.6547003423273456,1.1576228786922964,1.5167095473683005,0.13818830679897592,0.0,0.0,-0.1846894586783351,-0.4805581791467067,1.9618551692413138,0.8084420782632206,0.0,0.0
6.234999999999264,-2.898912817604089,-1.6440955794297565,1.7471244244625972,-0.27725844114465736,0.0,0.0,-2.6489912875749195,1.1261120504206532,1.5174786839536387,0.16901213603945012,0.0,0.0,-0.1870958948209673,-0.4820164709908889,1.9658968915836317,0.8082463051051811,0.0,0.0
6.239999999999261,-2.90705228614571,-1.6118114969459274,1.745666895471005,-0.3053421427506988,0.0,0.0,-2.643438088546914,1.0952874227441145,1.5183954776039739,0.19729486378409106,0.0,0.0,-0.18950962530735116,-0.4834759257981789,1.9699376269248887,0.8080472789665816,0.0,0.0
6.2449999999992585,-2.9150321161289576,-1.580244234990024,1.7440747987864977,-0.33112447572131926,0.0,0.0,-2.638037227787249,1.0651808305131218,1.5194478421957986,0.223279468759342,0.0,0.0,-0.19193065608376833,-0.48493659552308954,1.973977359017571,0.8078450069619509,0.0,0.0
6.249999999999256,-2.9228559408868975,-1.549411385164607,1.7423590894392347,-0.3548219226071034,0.0,0.0,-2.632785065765912,1.035809913679324,1.5206248389087174,0.24718242556200584,0.0,0.0,-0.19435899334716478,-0.4863985285147091,1.9780160716519148,0.8076394970450715,0.0,0.0
6.254999999999253,-2.9305274533883257,-1.5193197141307033,1.7405297000423223,-0.37662745143665016,0.0,0.0,-2.627677903083975,1.0071814838659403,1.5219165512978812,0.26919669359854825,0.0,0.0,-0.19679464352767387,-0.487861769735229,1.982053748659663,0.807430757838076,0.0,0.0
6.25999999999925,-2.938050358960921,-1.489967792128061,1.738595651489962,-0.3967132162581383,0.0,0.0,-2.6227120277668448,0.9792941530970165,1.52331397459287,0.28949441777175233,0.0,0.0,-0.1992376132722084,-0.48932636096894727,1.9860903739170337,0.8072187984863602,0.0,0.0
6.264999999999247,-2.945428339652573,-1.4613480437581419,1.7365651508706244,-0.4152329723123352,0.0,0.0,-2.6178837509183297,0.9521403847787479,1.5248089177822204,0.30822934377685873,0.0,0.0,-0.20168790942907186,-0.4907923410205972,1.9901259313470212,0.8070036285354508,0.0,0.0
6.269999999999245,-2.952665027669103,-1.4334483465795211,1.7344456779887119,-0.4323242206437792,0.0,0.0,-2.6131894332973387,0.9257080924819736,1.5263939170900278,0.3255389628172019,0.0,0.0,-0.2041455390335331,-0.49225974590244354,1.9941604049211261,0.8067852578265515,0.0,0.0
6.274999999999242,-2.9597639858833293,-1.4062532757652182,1.7322440617968247,-0.4481101031171094,0.0,0.0,-2.608625504822338,0.899981884775244,1.5280621595424324,0.34154640670911196,0.0,0.0,-0.20661050929430824,-0.49372860901001686,1.998193778660608,0.8065636964079719,0.0,0.0
6.279999999999239,-2.966728693845829,-1.3797450716287325,1.7299665479283552,-0.4627010713438933,0.0,0.0,-2.6041884785732536,0.8749440329153804,1.5298074154341814,0.35636211688379577,0.0,0.0,-0.20908282758089297,-0.4951989612866394,2.0022260366373286,0.8063389544600722,0.0,0.0
6.284999999999236,-2.973562538068104,-1.3539043900486822,1.7276188584010712,-0.476196353364587,0.0,0.0,-2.5998749605201805,0.8505752214257775,1.5316239786245478,0.37008531113284493,0.0,0.0,-0.21156250141169008,-0.4966708313770877,2.0062571629742454,0.8061110422317163,0.0,0.0
6.2899999999992335,-2.9802688056148674,-1.3287108827255263,1.7252062444450547,-0.4886852409941436,0.0,0.0,-2.5956816559422276,0.8268551284963922,1.53350661370919,0.3828052710075885,0.0,0.0,-0.21404953844287936,-0.49814424577085836,2.0102871418456196,0.8058799699865292,0.0,0.0
6.294999999999231,-2.9868506802502353,-1.3041436439917038,1.722733533297685,-0.5002482191195349,0.0,0.0,-2.5916053732917606,0.8037628729272878,1.535450509225208,0.3946024711619972,0.0,0.0,-0.2165439464579787,-0.49961922893557714,2.014315957476971,0.805645747957512,0.0,0.0
6.299999999999228,-2.993311240545474,-1.2801815529353162,1.7202051697066625,-0.5109579563047173,0.0,0.0,-2.5876430260964525,0.7812773563764507,1.5374512361483736,0.40554956999589864,0.0,0.0,-0.21904573335804892,-0.5010958034411268,2.018343594144828,0.8054083863087934,0.0,0.0
6.304999999999225,-2.9996534594835627,-1.256803533388742,1.717625252790338,-0.5208801740409542,0.0,0.0,-2.583791633363916,0.7593775234638285,1.5395047110332276,0.41571227893745777,0.0,0.0,-0.22155490715249715,-0.5025739900750795,2.022370036176299,0.805167895103471,0.0,0.0
6.3099999999992225,-3.0058802051959757,-1.2339887494872839,1.7149975688228807,-0.5300744100119883,0.0,0.0,-2.5800483188535632,0.7380425574373086,1.5416071632284871,0.4251501257352978,0.0,0.0,-0.224071475950437,-0.5040538079500172,2.0263952679484962,0.8049242842766652,0.0,0.0
6.31499999999922,-3.0119942425457524,-1.2117167507158804,1.7123256204396495,-0.5385946888984124,0.0,0.0,-2.5764103095016577,0.7172520253191966,1.5437551056723704,0.43391712528536447,0.0,0.0,-0.22659544795256595,-0.505535274603308,2.030419273887843,0.8046775636130223,0.0,0.0
6.319999999999217,-3.017998235332786,-1.1899675773981702,1.7096126526947935,-0.5464901125598735,0.0,0.0,-2.5728749332236656,0.6969859834880534,1.5459453088357982,0.44206236983181285,0.0,0.0,-0.2291268314435244,-0.5070184060898754,2.0344420384692707,0.8044277427280349,0.0,0.0
6.324999999999214,-3.0238947489459966,-1.1687218352593898,1.7068616763477749,-0.5538053799202682,0.0,0.0,-2.569439616269278,0.6772250523278734,1.548174777436757,0.449630548867616,0.0,0.0,-0.23166563478470142,-0.5085032170684756,2.038463546215331,0.8041748310526262,0.0,0.0
6.329999999999211,-3.0296862533254596,-1.1479607458709657,1.7040754887073046,-0.560581245538607,0.0,0.0,-2.566101880267058,0.6579504667529447,1.5504407295973164,0.45666240771804806,0.0,0.0,-0.23421186640745728,-0.5099897208819707,2.0424837816952413,0.8039188378205325,0.0,0.0
6.334999999999209,-3.0353751261278736,-1.1276661783506239,1.7012566923192929,-0.5668549246677103,0.0,0.0,-2.5628593390653682,0.6391441079826746,1.5527405781566952,0.4631951526095982,0.0,0.0,-0.2367655348067331,-0.5114779296320423,2.0465027295238736,0.8036597720580857,0.0,0.0
6.339999999999206,-3.040963656012681,-1.1078206665622725,1.6984077117490337,-0.5726604515711594,0.0,0.0,-2.5597096954522733,0.6207885208110505,1.5550719138901303,0.4692628089950854,0.0,0.0,-0.23932664853502067,-0.5129678542487688,2.0505203743606963,0.8033976425760476,0.0,0.0
6.344999999999203,-3.0464540459850586,-1.088407415168692,1.6955308086763001,-0.5780289969712329,0.0,0.0,-2.556650737818248,0.6028669197241604,1.5574324904148795,0.4748965390079935,0.0,0.0,-0.24189521619666873,-0.5144595045554589,2.05453670090868,0.8031324579632125,0.0,0.0
6.3499999999992,-3.051848416746922,-1.069410297185858,1.6926280954946542,-0.5829891497218755,0.0,0.0,-2.553680336810551,0.5853631865149629,1.5598202105920322,0.48012492314033345,0.0,0.0,-0.24447124644250198,-0.5159528893290959,2.0585516939131723,0.8028642265815154,0.0,0.0
6.3549999999991975,-3.0571488100189064,-1.0508138451304434,1.6897015475825239,-0.58756716712679,0.0,0.0,-2.5507964420163356,0.5682618614871842,1.5622331142565786,0.4849742105643282,0.0,0.0,-0.24705474796473215,-0.5174480163567313,2.0625653381607565,0.8025929565624353,0.0,0.0
6.359999999999195,-3.0623571918055674,-1.0326032374104954,1.6867530143930016,-0.5917871977401478,0.0,0.0,-2.5479970787022657,0.5515481298986358,1.5646693671287664,0.48946854193561323,0.0,0.0,-0.24964572949214106,-0.51894489248813,2.0665776184780915,0.802318655804508,0.0,0.0
6.364999999999192,-3.0674754555834025,-1.014764281258974,1.6837842294914185,-0.5956714799842658,0.0,0.0,-2.545280344631052,0.5352078049439389,1.5671272507776985,0.49363014801245564,0.0,0.0,-0.25224419978551926,-0.5204435236849541,2.070588519730742,0.8020413319717843,0.0,0.0
6.369999999999189,-3.0725054253970723,-0.9972833932317292,1.6807968196541863,-0.5992405194841505,0.0,0.0,-2.5426444069695595,0.5192273082984791,1.5696051535236661,0.49747952699102826,0.0,0.0,-0.25485016763334123,-0.5219439150667388,2.0745980268220063,0.8017609924930963,0.0,0.0
6.374999999999186,-3.0774488588537223,-0.9801475780704555,1.6777923131288597,-0.6025132476436684,0.0,0.0,-2.5400874992985862,0.5035936490243718,1.5721015621792598,0.5010356030816251,0.0,0.0,-0.2574636418476637,-0.523446070953905,2.0786061246917393,0.801477644562017,0.0,0.0
6.379999999999184,-3.08230745000886,-0.9633444065554322,1.6747721471435897,-0.605507163664104,0.0,0.0,-2.5376079187308807,0.4882944014634711,1.5746150545410935,0.5043158685266739,0.0,0.0,-0.26008463126023174,-0.5249499949080277,2.0826127983151745,0.8011912951374042,0.0,0.0
6.384999999999181,-3.0870828321400037,-0.946861992833136,1.6717376747438346,-0.6082384619258162,0.0,0.0,-2.535204023141189,0.47331768260270424,1.577144292554265,0.507336510981349,0.0,0.0,-0.26271314471878016,-0.5264556897695573,2.086618032701758,0.8009019509444413,0.0,0.0
6.389999999999178,-3.091776580406449,-0.9306889715926718,1.668690171025227,-0.610722146411513,0.0,0.0,-2.532874228510008,0.45865212928586696,1.5796880160806526,0.5101125279353858,0.0,0.0,-0.2653491910835169,-0.5279631576931845,2.090621812893978,0.8006096184761018,0.0,0.0
6.394999999999175,-3.096390214395156,-0.9148144753766685,1.6656308388236298,-0.6129721336400017,0.0,0.0,-2.53061700638104,0.44428687555769775,1.5822450372100165,0.512657829645009,0.0,0.0,-0.2679927792237783,-0.5294724001810186,2.0946241239662107,0.8003143039949665,0.0,0.0
6.399999999999173,-3.100925200553979,-0.8992281122421457,1.6625608139165453,-0.6150013453975682,0.0,0.0,-2.5284308814311505,0.43021153035588827,1.5848142350597358,0.5149853318622026,0.0,0.0,-0.27064391801484483,-0.5309834181137318,2.098624951023576,0.8000160135353394,0.0,0.0
6.40499999999917,-3.105382954514422,-0.8839199439312386,1.6594811697839937,-0.6168217923965382,0.0,0.0,-2.526314429150644,0.4164161557110709,1.5873945510150664,0.5171070394909043,0.0,0.0,-0.27330261633490777,-0.5324962117798212,2.1026242792007968,0.7997147529056075,0.0,0.0
6.409999999999167,-3.1097648433067713,-0.8688804646676627,1.6563929219716989,-0.6184446498536524,0.0,0.0,-2.524266273631024,0.40289124557078665,1.5899849843670786,0.5190341221628169,0.0,0.0,-0.2759688830621781,-0.534010780903113,2.106622093661079,0.799410527690809,0.0,0.0
6.414999999999164,-3.114072187470947,-0.8541005806600375,1.6532970320947438,-0.6198803258618405,0.0,0.0,-2.5222850854568986,0.3896277053286862,1.5925845883101097,0.5207769826064493,0.0,0.0,-0.2786427270721279,-0.5355271246686377,2.1106183795950035,0.799103343255365,0.0,0.0
6.4199999999991615,-3.118306263066754,-0.8395715903658829,1.650194411515769,-0.6211385233253096,0.0,0.0,-2.52036957969836,0.3766168321128806,1.5951924662646644,0.5223453185793357,0.0,0.0,-0.2813241572348586,-0.537045241746987,2.1146131222194233,0.7987932047459477,0.0,0.0
6.424999999999159,-3.1224683035874303,-0.8252851655486881,1.6470859247281562,-0.6222282961374608,0.0,0.0,-2.518518513999957,0.36385029586595236,1.59780776849531,0.5237481790429791,0.0,0.0,-0.28401318241258616,-0.538565130317254,2.1186063067763903,0.7984801170944551,0.0,0.0
6.429999999999156,-3.126559501780495,-0.8112333331438185,1.6439723924714564,-0.6231581002022342,0.0,0.0,-2.5167306867622394,0.35132012123248413,1.6004296889963165,0.52499401518114,0.0,0.0,-0.28670981145723856,-0.5400867880886552,2.1225979185320836,0.7981640850210676,0.0,0.0
6.434999999999153,-3.1305810113799577,-0.797408457936163,1.6408545946034845,-0.6239358398304811,0.0,0.0,-2.5150049354118584,0.3390186702570976,1.6030574626206109,0.5260907267930865,0.0,0.0,-0.2894140532081576,-0.541610212320924,2.1265879427757612,0.7978451130373679,0.0,0.0
6.43999999999915,-3.134533948753934,-0.7838032260426014,1.6377332727510068,-0.6245689099825439,0.0,0.0,-2.513340134756139,0.3269386258861621,1.605690362430127,0.5270457045330145,0.0,0.0,-0.2921259164899002,-0.5431353998435505,2.1305763648187233,0.7975232054495027,0.0,0.0
6.444999999999148,-3.138419394471653,-0.770410629184962,1.63460913275872,-0.625064234775271,0.0,0.0,-2.511735195418187,0.31507297625892333,1.6083276972478442,0.5278658684138693,0.0,0.0,-0.2948454101101333,-0.5446623470739511,2.1345631699932928,0.7971983663613749,0.0,0.0
6.449999999999145,-3.1422383947937726,-0.7572239497336608,1.6314828469542537,-0.6254283026251959,0.0,0.0,-2.510189062348584,0.30341499976830577,1.6109688093937873,0.5285577029473179,0.0,0.0,-0.2975725428576163,-0.5461910500346346,2.1385483436518156,0.7968705996778513,0.0,0.0
6.454999999999142,-3.1459919630897826,-0.7442367464982523,1.628355056245174,-0.6256671983587252,0.0,0.0,-2.508700713409922,0.29195825086768823,1.6136130725890123,0.5291272892507272,0.0,0.0,-0.3003073235002677,-0.5477215043694255,2.14253187116567,0.7965399091079717,0.0,0.0
6.459999999999139,-3.1496810811861797,-0.7314428412383808,1.6252263720623985,-0.6257866325842046,0.0,0.0,-2.5072691580304816,0.2806965465972023,1.6162598900131624,0.5295803344160241,0.0,0.0,-0.30304976078331053,-0.5492537053588108,2.1465137379242956,0.796206298168154,0.0,0.0
6.4649999999991365,-3.153306700648937,-0.718836305866832,1.6220973781630421,-0.6257919685890009,0.0,0.0,-2.505893435923542,0.2696239538013054,1.6189086925025729,0.5299221984035891,0.0,0.0,-0.30579986342749227,-0.5507876479344626,2.1504939293342407,0.7958697701853854,0.0,0.0
6.469999999999134,-3.1568697440036604,-0.7064114503153456,1.618968632304476,-0.6256882469967416,0.0,0.0,-2.504572615868936,0.2587347770083414,1.6215589368771586,0.5301579186963257,0.0,0.0,-0.30855764012737535,-0.5523233266929849,2.1544724308182213,0.7955303283003892,0.0,0.0
6.474999999999131,-3.1603711058966653,-0.6941628110333867,1.6158406678002553,-0.625480208395094,0.0,0.0,-2.503305794553612,0.24802354694233547,1.624210104385404,0.5302922329242986,0.0,0.0,-0.31132309954969456,-0.5538607359089378,2.158449227814197,0.795187975470769,0.0,0.0
6.479999999999128,-3.1638116542000705,-0.6820851400900709,1.6127139949675844,-0.6251723141225626,0.0,0.0,-2.502092095468122,0.23748500963726182,1.626861699257808,0.530329599648419,0.0,0.0,-0.3140962503317785,-0.5553998695471799,2.162424305774464,0.7948427144741173,0.0,0.0
6.4849999999991255,-3.1671922310638494,-0.6701733948497776,1.6095891024751026,-0.6247687653833633,0.0,0.0,-2.5009306678560916,0.22711411612435886,1.6295132473599903,0.5302742174722495,0.0,0.0,-0.3168771010800299,-0.5569407212745698,2.1663976501647637,0.7944945479110875,0.0,0.0
6.489999999999123,-3.1705136539176304,-0.6584227281925775,1.606466458598949,-0.6242735208422038,0.0,0.0,-2.4998206857138756,0.21690601266365708,1.6321642949375028,0.5301300426337495,0.0,0.0,-0.319665660368464,-0.5584832844710679,2.170369246463405,0.7941434782084283,0.0,0.0
6.49499999999912,-3.1737767164249058,-0.6468284792513943,1.6033465123943738,-0.6236903128354865,0.0,0.0,-2.4987613468377634,0.2068560314916749,1.6348144074450828,0.5299008052134895,0.0,0.0,-0.32246193673730067,-0.5600275522402692,2.174339080160401,0.7937895076219709,0.0,0.0
6.499999999999117,-3.176982189392158,-0.6353861646387374,1.6002296947894905,-0.6230226623218337,0.0,0.0,-2.497751871916203,0.19695968205815442,1.637463168453745,0.5295900240822305,0.0,0.0,-0.3252659386916077,-0.5615735174194052,2.1783071367566214,0.7934326382395774,0.0,0.0
6.504999999999114,-3.1801308216352955,-0.6240914701368756,1.5971164196071974,-0.6222738926826972,0.0,0.0,-2.4967915036646797,0.18721264272573082,1.6401101786296943,0.529201020698636,0.0,0.0,-0.3280776746999929,-0.563121172588843,2.1822734017629646,0.7930728719840355,0.0,0.0
6.509999999999112,-3.1832233408056374,-0.6129402428263787,1.5940070845207606,-0.621447142472991,0.0,0.0,-2.4958795060009877,0.1776107529075016,1.6427550547795609,0.5287369318570563,0.0,0.0,-0.33089715319334245,-0.5646705100811109,2.186237860699535,0.7927102106159093,0.0,0.0
6.514999999999109,-3.186260454177593,-0.6019284836290871,1.5909020719480786,-0.6205453772120288,0.0,0.0,-2.4950151632587705,0.16815000561857452,1.6453974289569384,0.5282007214756651,0.0,0.0,-0.33372438256360376,-0.5662215219894753,2.1902004990948387,0.7923446557363385,0.0,0.0
6.519999999999106,-3.189242849400044,-0.5910523402426815,1.587801749889222,-0.6195714002964049,0.0,0.0,-2.494197779437314,0.15882654041879418,1.6480369476256371,0.5275951915065914,0.0,0.0,-0.3365593711626091,-0.5677742001761007,2.194161302484997,0.7919762087897878,0.0,0.0
6.524999999999103,-3.192171195213331,-0.5803081004451484,1.5847064727114484,-0.618527863108721,0.0,0.0,-2.4934266774856955,0.14963663672496538,1.6506732708754432,0.526922992041949,0.0,0.0,-0.33940212730094027,-0.5693285362798047,2.198120256412964,0.7916048710667465,0.0,0.0
6.5299999999991005,-3.195046142133644,-0.5696921857485404,1.581616581885542,-0.6174172743891423,0.0,0.0,-2.4927011986194922,0.14057670747199721,1.6533060716865429,0.5261866306827424,0.0,0.0,-0.34225265924683,-0.5708845217234443,2.2020773464277705,0.7912306437063742,0.0,0.0
6.534999999999098,-3.1978683231065186,-0.5592011453825152,1.5785324066770146,-0.6162420089305378,0.0,0.0,-2.492020701668348,0.1316432931034671,1.655935035239072,0.5253884812314118,0.0,0.0,-0.3451109752251001,-0.5724421477209394,2.2060325580837685,0.7908535276991001,0.0,0.0
6.539999999999095,-3.200638354131028,-0.5488316505891762,1.575454264795404,-0.6150043156523846,0.0,0.0,-2.491384562452804,0.12283305587315173,1.658559858264556,0.5245307917631923,0.0,0.0,-0.34797708341613365,-0.5740014052839629,2.2099858769398955,0.7904735238891664,0.0,0.0
6.544999999999092,-3.2033568348562027,-0.5385804892117567,1.5723824630046492,-0.6137063251035978,0.0,0.0,-2.490792173188884,0.11414277444008263,1.661180248436256,0.523615692126447,0.0,0.0,-0.35085099195487973,-0.5755622852283135,2.2139372885589492,0.7900906329771251,0.0,0.0
6.549999999999089,-3.2060243491510785,-0.5284445605606586,1.5693172976972891,-0.6123500564399195,0.0,0.0,-2.490242941918999,0.10556933874065266,1.663795923795687,0.5226452009176126,0.0,0.0,-0.3537327089298893,-0.5771247781799812,2.217886778506878,0.7897048555222816,0.0,0.0
6.554999999999087,-3.208641465649749,-0.518420870541283,1.566259055434993,-0.6109374239174432,0.0,0.0,-2.4897362919678363,0.09710974512222871,1.6664066122127834,0.5216212319723272,0.0,0.0,-0.3566222423823809,-0.5786888745809329,2.2218343323520773,0.7893161919450907,0.0,0.0
6.559999999999084,-3.211208738272676,-0.5085065270289794,1.563208013457762,-0.6094702429401632,0.0,0.0,-2.4892716614219563,0.08876109172361205,1.6690120508773894,0.520545600410636,0.0,0.0,-0.35951960030533436,-0.5802545646946199,2.2257799356647037,0.7889246425295019,0.0,0.0
6.564999999999081,-3.2137267067254585,-0.4986987354772827,1.5601644401639276,-0.6079502356961392,0.0,0.0,-2.4888485026318956,0.08052057408852992,1.6716119858199332,0.519420028270857,0.0,0.0,-0.3624247906426115,-0.5818218386112345,2.229723574015994,0.7885302074252567,0.0,0.0
6.569999999999078,-3.2161958969762128,-0.4889947947464113,1.5571285955629381,-0.6063790364138539,0.0,0.0,-2.488466281735651,0.07238548099914023,1.67420617145931,0.5182461497636898,0.0,0.0,-0.3653378212881022,-0.5833906862527161,2.2336652329776054,0.7881328866501386,0.0,0.0
6.574999999999076,-3.2186168217126014,-0.47939209313974984,1.5541007317027495,-0.6047581962676436,0.0,0.0,-2.4881244782024687,0.06435319051729173,1.6767943701761439,0.5170255161754431,0.0,0.0,-0.36825870008489525,-0.5849610973775289,2.23760489812096,0.787732680092175,0.0,0.0
6.579999999999073,-3.2209899807795583,-0.46988810463676417,1.551081093073509,-0.6030891879586195,0.0,0.0,-2.4878225843959334,0.05642116622199467,1.6793763519097469,0.5157596004468,0.0,0.0,-0.371187434824473,-0.5865330615852175,2.2415425550165966,0.787329587511794,0.0,0.0
6.58499999999907,-3.223315861598634,-0.4604803853114728,1.548069916989099,-0.6013734099952714,0.0,0.0,-2.487560105155404,0.04858695363223701,1.6819518937772084,0.5144498014513115,0.0,0.0,-0.37412403324592697,-0.5881065683207511,2.245478189233545,0.7869236085439348,0.0,0.0
6.589999999999067,-3.225594939569881,-0.4511665699262333,1.5450674339479795,-0.5996121906959336,0.0,0.0,-2.4873365573948885,0.04084817680491711,1.6845207797131754,0.5130974479957944,0.0,0.0,-0.3770685030351959,-0.5896816068786704,2.249411786338698,0.786514742700114,0.0,0.0
6.5949999999990645,-3.227827678457126,-0.44194436869120995,1.5420738679746722,-0.5978067919334492,0.0,0.0,-2.4871514697185155,0.033202535098267504,1.6870828001289788,0.5117038025629748,0.0,0.0,-0.38002085182432316,-0.5912581664070442,2.253343331896201,0.7861029893704494,0.0,0.0
6.599999999999062,-3.2300145307574373,-0.4328115641804538,1.5390894369431252,-0.5959584126407125,0.0,0.0,-2.487004382051793,0.025647800091708944,1.689637751589873,0.5102700648150481,0.0,0.0,-0.38298108719073437,-0.5928362359112418,2.2572728114668528,0.7856883478256393,0.0,0.0
6.604999999999059,-3.232155938055538,-0.42376600839605844,1.5361143528831143,-0.5940681920942412,0.0,0.0,-2.4868948452878934,0.018181812653608895,1.6921854365092257,0.5087973748753153,0.0,0.0,-0.3859492166565327,-0.5944158042575375,2.2612002106075106,0.7852708172189012,0.0,0.0
6.609999999999056,-3.2342523313639027,-0.4148056199723597,1.533148822270745,-0.5921372129915621,0.0,0.0,-2.4868224209482483,0.010802480148918839,1.6947256628585972,0.5072868164036693,0.0,0.0,-0.3889252476878121,-0.5959968601765462,2.2651255148705087,0.7848503965878681,0.0,0.0
6.614999999999053,-3.2363041314492054,-0.4059283815126164,1.5301930463040578,-0.590166504336922,0.0,0.0,-2.48678668085677,0.0035077737791367643,1.6972582438927122,0.5057394194804503,0.0,0.0,-0.3919091876939875,-0.5975793922665071,2.2690487098030814,0.7844270848564473,0.0,0.0
6.619999999999051,-3.2383117491457667,-0.3971323370510567,1.5272472211646497,-0.5881570441486995,0.0,0.0,-2.4867872068270556,-0.0037042739525160206,1.6997829978883976,0.5041561633120378,0.0,0.0,-0.39490104402714044,-0.5991633889964142,2.272969780946804,0.7840008808366373,0.0,0.0
6.624999999999048,-3.2402755856566112,-0.38841558963358525,1.5243115382661834,-0.586109762000837,0.0,0.0,-2.4868235903619715,-0.01083557165739835,1.7022997478966315,0.502537978770503,0.0,0.0,-0.39790082398138027,-0.6007488387090032,2.2768887138370366,0.7835717832303101,0.0,0.0
6.629999999999045,-3.2421960328427115,-0.3797762990108424,1.5213861844905796,-0.5840255414096559,0.0,0.0,-2.4868954323650305,-0.017887971365536843,1.7048083215068968,0.5008857507786818,0.0,0.0,-0.40090853479222066,-0.6023357296236072,2.2808054940023754,0.78313979063095,0.0,0.0
6.634999999999042,-3.244073473500968,-0.3712126794376746,1.518471342412638,-0.5819052220765476,0.0,0.0,-2.4870023428630246,-0.024863270723434538,1.707308550623097,0.499200320551159,0.0,0.0,-0.403924183635969,-0.6039240498388778,2.2847201069641176,0.7827049015253642,0.0,0.0
6.63999999999904,-3.245908281631439,-0.3627229975734131,1.5155671905137864,-0.5797496019962217,0.0,0.0,-2.4871439407393923,-0.03176321509119262,1.7098002712503355,0.4974824877008463,0.0,0.0,-0.4069477776291298,-0.6055137873353812,2.28863253823573,0.7822671142953515,0.0,0.0
6.644999999999037,-3.247700822694311,-0.3543055704776931,1.512673903385607,-0.5775594394394716,0.0,0.0,-2.48731985347783,-0.038589499544214076,1.7122833232919135,0.4957330122201102,0.0,0.0,-0.4099793238278204,-0.6071049299780797,2.2925427733223303,0.7818264272193374,0.0,0.0
6.649999999999034,-3.2494514538570796,-0.34595876369683615,1.5097916519237424,-0.5753354548187251,0.0,0.0,-2.487529716915683,-0.04534377078445433,1.7147575503559338,0.49395261634472337,0.0,0.0,-0.41301882922719857,-0.6086974655186961,2.296450797720174,0.781382838473978,0.0,0.0
6.654999999999031,-3.2511605242323816,-0.33768098943611785,1.5069206035127531,-0.5730783324440583,0.0,0.0,-2.4877731750066787,-0.052027628965898264,1.7172227995709497,0.4921419863083066,0.0,0.0,-0.41606630076090245,-0.6102913815979705,2.300356596916148,0.7809363461357275,0.0,0.0
6.6599999999990285,-3.2528283751068834,-0.3294707048134994,1.5040609222024528,-0.5707887221767535,0.0,0.0,-2.488049879592579,-0.058642629438676305,1.7196789214101251,0.4903017739943529,0.0,0.0,-0.41912174530050084,-0.611886665747811,2.304260156387273,0.7804869481823763,0.0,0.0
6.664999999999026,-3.254455340161646,-0.32132641019065933,1.5012127688762194,-0.5684672409869868,0.0,0.0,-2.4883594901833623,-0.06519028441597978,1.7221257695234158,0.4884325984924073,0.0,0.0,-0.4221851696549544,-0.6134833053933475,2.3081614616002164,0.7800346424945553,0.0,0.0
6.669999999999023,-3.256041745684322,-0.3132466475773967,1.4983763014117433,-0.5661144744217341,0.0,0.0,-2.488701673745554,-0.07167206456770064,1.7245632005773004,0.4865350475645003,0.0,0.0,-0.42525658057008664,-0.615081287854889,2.312060498010808,0.7795794268572098,0.0,0.0
6.67499999999902,-3.257587910773552,-0.30522999910569953,1.4955516748346491,-0.5637309779885573,0.0,0.0,-2.489076104498345,-0.07808940054449826,1.7269910741016359,0.4846096790274886,0.0,0.0,-0.42833598472806417,-0.6166806003497887,2.315957251063567,0.7791212989610452,0.0,0.0
6.679999999999017,-3.2590941475359014,-0.2972750855699773,1.4927390414653992,-0.5613172784605147,0.0,0.0,-2.489482463717172,-0.08444368443578829,1.7294092523432196,0.48265702205655103,0.0,0.0,-0.43142338874688696,-0.6182812299942207,2.3198517061912334,0.7786602564039401,0.0,0.0
6.684999999999015,-3.2605607612756504,-0.2893805650301578,1.4899385510598566,-0.5588738751070789,0.0,0.0,-2.4899204395444237,-0.09073627116495282,1.7318176001256884,0.4806775784147198,0.0,0.0,-0.43451879917988634,-0.6198831638048758,2.3237438488143067,0.7781962966923358,0.0,0.0
6.689999999999012,-3.2619880506777554,-0.28154513147452753,1.487150350943873,-0.5564012408555874,0.0,0.0,-2.4903897268069732,-0.09696847982488696,1.7342159847153844,0.47867182361297306,0.0,0.0,-0.43762222251523164,-0.621486388700572,2.327633664340594,0.7777294172425908,0.0,0.0
6.694999999999009,-3.2633763079842675,-0.2737675135393694,1.4843745861422302,-0.5538998233874453,0.0,0.0,-2.4908900268402476,-0.10314159495682489,1.7366042756928608,0.47664020800510537,0.0,0.0,-0.44073366517544493,-0.623090891503792,2.331521138164761,0.777259615382316,0.0,0.0
6.699999999999006,-3.264725819164483,-0.2660464732826166,1.4816113995022575,-0.5513700461729958,0.0,0.0,-2.4914210473185534,-0.10925686777522521,1.7389823448297028,0.47458315782129584,0.0,0.0,-0.44385313351692296,-0.6246966589421438,2.335406255667892,0.7767868883516764,0.0,0.0
6.7049999999990035,-3.2660368640790933,-0.25838080500888866,1.4788609318124217,-0.5488123094487152,0.0,0.0,-2.491982502091399,-0.11531551734134442,1.7413500659703747,0.4725010761440212,0.0,0.0,-0.446980633829466,-0.6263036776497526,2.3392890022170563,0.7763112333046704,0.0,0.0
6.709999999999001,-3.2673097166385854,-0.2507693341434261,1.4761233219161645,-0.5462269911401196,0.0,0.0,-2.4925741110255593,-0.12131873168798067,1.7437073149188076,0.47039434382971235,0.0,0.0,-0.4501161723358142,-0.6279119341685793,2.3431693631648804,0.7758326473103835,0.0,0.0
6.714999999998998,-3.26854464495612,-0.2432109161525683,1.4733987068212588,-0.5436144477335622,0.0,0.0,-2.493195599852649,-0.1272676688977393,1.7460539693294659,0.46826332037932195,0.0,0.0,-0.45325975519118966,-0.6295214149496783,2.347047323849127,0.7753511273542167,0.0,0.0
6.719999999998995,-3.2697419114951387,-0.23570443550855355,1.4706872218049245,-0.5409750150998623,0.0,0.0,-2.4938467000219746,-0.13316345813704003,1.7483899086026475,0.46610834476075036,0.0,0.0,-0.456411388482845,-0.6311321063543922,2.3509228695922793,0.7748666703390886,0.0,0.0
6.7249999999989925,-3.270901773211888,-0.228248804696534,1.467989000514942,-0.5383090092725279,0.0,0.0,-2.494527148558453,-0.13900720064797054,1.7507150137837781,0.4639297361858868,0.0,0.0,-0.4595710782296176,-0.6327439946554813,2.3547959857011307,0.7743792730866178,0.0,0.0
6.72999999999899,-3.272024481693088,-0.22084296326181294,1.465304175066984,-0.5356167271831319,0.0,0.0,-2.4952366879253804,-0.14479997069997347,1.7530291674664853,0.4617277948448305,0.0,0.0,-0.4627388303814895,-0.6343570660381994,2.3586666574663817,0.7738889323382784,0.0,0.0
6.734999999998987,-3.2731102832889305,-0.21348587689541978,1.4626328761383678,-0.5328984473562475,0.0,0.0,-2.4959750658918747,-0.15054281650325424,1.7553322536992406,0.45950280259968984,0.0,0.0,-0.4659146508191522,-0.6359713066013118,2.362534870162243,0.7733956447565344,0.0,0.0
6.739999999998984,-3.2741594192415966,-0.20617653655623533,1.4599752330584361,-0.5301544305661722,0.0,0.0,-2.4967420354047833,-0.1562367610856912,1.7576241578953742,0.4572550236401962,0.0,0.0,-0.46909854535357703,-0.6375867023580593,2.3664006090460408,0.7728994069259523,0.0,0.0
6.744999999998981,-3.275172125809476,-0.1989139576279758,1.4573313738957403,-0.5273849204575403,0.0,0.0,-2.497537354464892,-0.16188280313493902,1.759904766746277,0.4549847051032257,0.0,0.0,-0.4722905197255894,-0.6392032392370713,2.370263859357834,0.7724002153542905,0.0,0.0
6.749999999998979,-3.276148634387253,-0.1916971791094312,1.4547014255422093,-0.5245901441317707,0.0,0.0,-2.498360786007257,-0.16748191780732682,1.762173968137614,0.45269207765817837,0.0,0.0,-0.47549057960544827,-0.6408209030832281,2.3741246063200276,0.7718980664735681,0.0,0.0
6.754999999998976,-3.2770891716220194,-0.1845252628364397,1.4520855137944657,-0.5217703127011813,0.0,0.0,-2.49921209778551,-0.17303505750506928,1.7644316510683824,0.4503773560600449,0.0,0.0,-0.47869873059242946,-0.6424396796584774,2.377982835137003,0.7713929566411123,0.0,0.0
6.759999999998973,-3.277993959525583,-0.1773972927341559,1.4494837634324511,-0.5189256218124734,0.0,0.0,-2.500091062259963,-0.17854315262322884,1.7666777055726588,0.44804073967186314,0.0,0.0,-0.4819149782144124,-0.6440595546426015,2.3818385309947403,0.7708848821405859,0.0,0.0
6.76499999999897,-3.278863215583104,-0.17031237409824748,1.446896298295507,-0.5160562521411852,0.0,0.0,-2.5009974564893827,-0.18400711226779387,1.7689120226438853,0.44568241295816624,0.0,0.0,-0.48513932792747194,-0.6456805136339447,2.385691679060459,0.7703738391829943,0.0,0.0
6.7699999999989675,-3.2796971528582053,-0.1632696329037239,1.444323241356048,-0.5131623698586102,0.0,0.0,-2.5019310620262813,-0.18942782494616792,1.7711344941615526,0.443302545950913,0.0,0.0,-0.48837178511547225,-0.6473025421500946,2.389542264482251,0.7698598239076732,0.0,0.0
6.774999999998965,-3.2804959800947,-0.1562682151401662,1.4417647147909751,-0.5102441270725768,0.0,0.0,-2.502891664815594,-0.1948061592312977,1.7733450128201478,0.4409012946892982,0.0,0.0,-0.4916123550896651,-0.6489256256285225,2.393390272388728,0.7693428323832543,0.0,0.0
6.779999999998962,-3.2812599018150514,-0.14930728617219244,1.4392208400509396,-0.5073016622433933,0.0,0.0,-2.5038790550966166,-0.20014296440060567,1.7755434720602377,0.4384788016347524,0.0,0.0,-0.4948610430882903,-0.6505497494271882,2.3972356878886734,0.7688228606086165,0.0,0.0
6.784999999998959,-3.281989118415705,-0.1423860301240497,1.4366917379275908,-0.5043351005761945,0.0,0.0,-2.5048930273080736,-0.20543907105083317,1.7777297660015703,0.4360351960623554,0.0,0.0,-0.49811785427618027,-0.6521748988251034,2.4010784960706903,0.7682999045138141,0.0,0.0
6.789999999998956,-3.282683826259389,-0.1355036492872801,1.4341775286189191,-0.501344554390821,0.0,0.0,-2.505933379996204,-0.21069529168984677,1.7799037893780718,0.4335705944298076,0.0,0.0,-0.5013827937443656,-0.6538010590228598,2.4049186820028603,0.7677739599609884,0.0,0.0
6.794999999998954,-3.2833442177645216,-0.1286593635504616,1.4316783317928006,-0.4983301234703208,0.0,0.0,-2.5069999157257508,-0.21591242130640342,1.7820654374746396,0.43108510072503503,0.0,0.0,-0.5046558665096851,-0.6554282151431214,2.4087562307324104,0.7672450227452603,0.0,0.0
6.799999999998951,-3.283970481491813,-0.12185240985007528,1.4291942666488535,-0.4952918953890633,0.0,0.0,-2.5080924409937473,-0.2210912379188239,1.784214606065621,0.428578806793431,0.0,0.0,-0.5079370775143975,-0.6570563522310874,2.4125911272853755,0.7667130885956068,0.0,0.0
6.804999999998948,-3.284562802228174,-0.11508204164159525,1.4267254519787014,-0.49222994582141716,0.0,0.0,-2.5092107661459906,-0.22623250310347529,1.7863511913548742,0.4260517926456759,0.0,0.0,-0.5112264316257945,-0.6586854552549163,2.4164233566662743,0.7661781531757156,0.0,0.0
6.809999999998945,-3.285121361068026,-0.10834752838994448,1.42427200622474,-0.4891443388318682,0.0,0.0,-2.5103547052961175,-0.23133696250391853,1.7884750899173298,0.4235041267470152,0.0,0.0,-0.5145239336358164,-0.660315509106124,2.42025290385778,0.765640212084827,0.0,0.0
6.814999999998943,-3.285646335492118,-0.10164815507850207,1.4218340475374986,-0.48603512714740205,0.0,0.0,-2.5115240762471704,-0.23640534632153487,1.790586198641948,0.4209358662888196,0.0,0.0,-0.5178295882606705,-0.6619464985999501,2.4240797538204037,0.7650992608585562,0.0,0.0
6.81999999999894,-3.2861378994439283,-0.09498322173588546,1.4194116938316816,-0.48290235241292295,0.0,0.0,-2.5127187004155807,-0.241438369788405,1.7926844146759926,0.4183470574431986,0.0,0.0,-0.5211434001404506,-0.6635784084756966,2.427903891492176,0.764555294969698,0.0,0.0
6.824999999998937,-3.286596223403739,-0.08835204297977217,1.417005062840974,-0.47974604543043203,0.0,0.0,-2.513938402757463,-0.2464367336231772,1.7947696353705371,0.4157377356013905,0.0,0.0,-0.5244653738387572,-0.6652112233970375,2.431725301788338,0.7640083098290155,0.0,0.0
6.829999999998934,-3.2870214744604778,-0.0817539475770585,1.4146142721716923,-0.47656622638263973,0.0,0.0,-2.51518301169716,-0.25140112447062346,1.796841758227126,0.4131079255966026,0.0,0.0,-0.5277955138423213,-0.666844927952305,2.435543969601031,0.7634583007860115,0.0,0.0
6.8349999999989315,-3.2874138163813966,-0.0751882780196899,1.4122394393553501,-0.47336290504164,0.0,0.0,-2.5164523590579355,-0.256332215325551,1.7989006808455095,0.41045764191193074,0.0,0.0,-0.5311338245606274,-0.6684795066547459,2.43935987979899,0.7629052631296837,0.0,0.0
6.839999999998929,-3.2877734096796667,-0.0686543901155268,1.4098806819002214,-0.47013608096324166,0.0,0.0,-2.517746279994753,-0.26123066594170063,1.800946300872381,0.40778688887395237,0.0,0.0,-0.5344803103255391,-0.6701149439427593,2.443173017227247,0.762349192089264,0.0,0.0
6.844999999998926,-3.2881004116799684,-0.06215165259364374,1.4075381173419645,-0.46688574366750235,0.0,0.0,-2.5190646129290646,-0.2660971232262364,1.802978515951052,0.40509566083253806,0.0,0.0,-0.5378349753909255,-0.6717512241801065,2.446983366706833,0.7617900828349391,0.0,0.0
6.849999999998923,-3.2883949765821363,-0.05567944672348634,1.405211863293377,-0.4636118728059821,0.0,0.0,-2.5204071994855344,-0.27093222162039915,1.8049972236719911,0.40238394232739855,0.0,0.0,-0.5411978239322881,-0.6733883316561009,2.450790913034482,0.7612279304785585,0.0,0.0
6.85499999999892,-3.2886572555229354,-0.04923716594733924,1.4029020374933467,-0.4603144383161925,0.0,0.0,-2.5217738844306328,-0.2757365834668695,1.8070023215241602,0.39965170824184465,0.0,0.0,-0.5445688600463892,-0.6750262505857774,2.4545956409823435,0.7606627300743228,0.0,0.0
6.859999999998918,-3.2888873966360404,-0.042824215525585255,1.4006087578550612,-0.4569934005636888,0.0,0.0,-2.523164515613037,-0.28051081936436145,1.8089937068470936,0.39689892394420606,0.0,0.0,-0.547948087750881,-0.6766649651100395,2.458397535297695,0.7600944766194576,0.0,0.0
6.864999999998915,-3.289085545110256,-0.036440012194259665,1.3983321425135384,-0.4536487104722196,0.0,0.0,-2.5245789439057673,-0.285255528509938,1.8109712767836512,0.3941255454173228,0.0,0.0,-0.5513355109839353,-0.6783044592957884,2.4621965807026607,0.7595231650548717,0.0,0.0
6.869999999998912,-3.28925184324607,-0.030083983834428597,1.3960723098725325,-0.4502803096423164,0.0,0.0,-2.5260170231500165,-0.2899712990295243,1.8129349282333904,0.3913315193764939,0.0,0.0,-0.5547311336038729,-0.6799447171360329,2.4659927618939275,0.7589487902657974,0.0,0.0
6.874999999998909,-3.289386430510571,-0.023755569152942368,1.3938293786508795,-0.4468881304586825,0.0,0.0,-2.5274786101005913,-0.2946587082970598,1.814884557806499,0.38851678337624046,0.0,0.0,-0.5581349593887963,-0.6815857225499835,2.469786063542472,0.7583713470824169,0.0,0.0
6.8799999999989065,-3.2894894435908064,-0.017454217374136882,1.3916034679283273,-0.4434720961867082,0.0,0.0,-2.5289635643729325,-0.2993183232427223,1.8168200617782384,0.38568126590621155,0.0,0.0,-0.5615469920362186,-0.6832274593831268,2.473576470293285,0.7577908302804715,0.0,0.0
6.884999999998904,-3.2895610164456186,-0.011179387942076596,1.3893946971909152,-0.44003212105841905,0.0,0.0,-2.5304717483916424,-0.3039507006506231,1.8187413360438343,0.3828248864765384,0.0,0.0,-0.5649672351626966,-0.6848699114072863,2.477363966765101,0.7572072345818552,0.0,0.0
6.889999999998901,-3.2896012803560204,-0.00493055023295199,1.3872031863759469,-0.43656811034813364,0.0,0.0,-2.532003027340474,-0.30855638744636543,1.8206482760737728,0.3799475556929155,0.0,0.0,-0.5683956923034625,-0.6865130623206684,2.4811485375501303,0.7566205546551926,0.0,0.0
6.894999999998898,-3.289610363974157,0.0012928167227361717,1.3850290559166103,-0.43307996043808955,0.0,0.0,-2.5335572691137442,-0.31313592097482895,1.822540776869444,0.3770491753216651,0.0,0.0,-0.5718323669120552,-0.6881568957478931,2.484930167213796,0.7560307851163989,0.0,0.0
6.8999999999988955,-3.289588393370904,0.007491224508556033,1.3828724267862949,-0.429567558874271,0.0,0.0,-2.5351343442691,-0.3176898292685315,1.8244187329190882,0.3741296383450198,0.0,0.0,-0.5752772623599525,-0.6898013952400105,2.4887088402944677,0.7554379205292253,0.0,0.0
6.904999999998893,-3.289535492082143,0.01366517558141997,1.3807334205426511,-0.42603078441264935,0.0,0.0,-2.5367341259816096,-0.3222186313068985,1.8262820381539928,0.37118882900683403,0.0,0.0,-0.5787303819362042,-0.6914465442745072,2.492484541303206,0.7548419554057894,0.0,0.0
6.90999999999889,-3.2894517811537662,0.019815163522072583,1.3786121593714487,-0.4224695070560301,0.0,0.0,-2.5383564899991273,-0.32672283726675894,1.8281305859048975,0.3682266228489188,0.0,0.0,-0.5821917288470632,-0.6930923262552992,2.496257254723504,0.7542428842070857,0.0,0.0
6.914999999998887,-3.2893373791854503,0.025941673277091952,1.3765087661302648,-0.41888358808167764,0.0,0.0,-2.540001314598889,-0.331202948764364,1.8299642688585525,0.36524288673817,0.0,0.0,-0.5856613062156177,-0.6947387245127136,2.500026965011032,0.7536407013434823,0.0,0.0
6.919999999998884,-3.2891924023732355,0.032045181392689595,1.3744233643920651,-0.41527288005986934,0.0,0.0,-2.5416684805452974,-0.3356594590892151,1.8317829790143956,0.3622374788846432,0.0,0.0,-0.5891391170814242,-0.6963857223034604,2.503793656593388,0.7530354011752005,0.0,0.0
6.924999999998882,-3.289016964550963,0.03812615624058021,1.372356078488709,-0.4116372268635144,0.0,0.0,-2.543357871048856,-0.34009285342997103,1.8335866076412934,0.3592102488507105,0.0,0.0,-0.5926251644001385,-0.6980333028105951,2.5075573138698464,0.7524269780127784,0.0,0.0
6.929999999998879,-3.288811177230596,0.04418505823617819,1.3703070335544314,-0.4079764636689552,0.0,0.0,-2.545069371726215,-0.3445036090926923,1.8353750452343074,0.3561610375514154,0.0,0.0,-0.596119451043147,-0.699681449143472,2.51131792121111,0.7518154261175146,0.0,0.0
6.934999999998876,-3.2885751496414732,0.05022234004936451,1.3682763555693418,-0.404290416948045,0.0,0.0,-2.546802870561286,-0.34889219571166086,1.8371481814714412,0.35308967724612206,0.0,0.0,-0.5996219797971987,-0.7013301443376898,2.5150754629590653,0.7512007397018979,0.0,0.0
6.939999999998873,-3.2883089887685246,0.056238446808054586,1.3662641714029835,-0.4005789044515891,0.0,0.0,-2.548558257867398,-0.3532590754530119,1.838905905170322,0.3499959915215451,0.0,0.0,-0.6031327533640363,-0.702979371355029,2.5188299234265425,0.7505829129300191,0.0,0.0
6.9449999999988705,-3.288012799389485,0.06223381629478513,1.3642706088579983,-0.3968417351842098,0.0,0.0,-2.5503354262504474,-0.35760470321138743,1.840648104244778,0.3468797952662206,0.0,0.0,-0.6066517743600264,-0.7046291130833842,2.522581286897071,0.7499619399179643,0.0,0.0
6.949999999998868,-3.2876866841111445,0.06820887913652642,1.36229579671394,-0.3930787093706858,0.0,0.0,-2.552134270573024,-0.36192952679982393,1.8423746656612658,0.34374089463647023,0.0,0.0,-0.6101790453157904,-0.7062793523366893,2.5263295376246417,0.7493378147341904,0.0,0.0
6.954999999998865,-3.2873307434046666,0.07416405898791384,1.360339864771273,-0.3892896184137984,0.0,0.0,-2.5539546879194583,-0.3662339871330635,1.844085475395107,0.3405790870138888,0.0,0.0,-0.6137145686758344,-0.7079300718548376,2.530074659833468,0.7487105313998847,0.0,0.0
6.959999999998862,-3.286945075640005,0.08009977270808169,1.3584029438956056,-0.3854742448437002,0.0,0.0,-2.555796577561776,-0.3705185184044716,1.8457804183864897,0.33739416095437325,0.0,0.0,-0.6172583467981785,-0.7095812543035972,2.5338166377177522,0.7480800838893025,0.0,0.0
6.964999999998859,-3.28652977711945,0.08601643053127173,1.3564851660621986,-0.38163236225880554,0.0,0.0,-2.5576598409265245,-0.37478354825673327,1.8474593784961961,0.3341858961286923,0.0,0.0,-0.6208103819539861,-0.7112328822745256,2.537555455441453,0.7474464661300888,0.0,0.0
6.969999999998857,-3.2860849421103384,0.09191443623137678,1.3545866644007871,-0.37776373525819185,0.0,0.0,-2.55954438156243,-0.37902949794648777,1.8491222384610104,0.330954063254586,0.0,0.0,-0.624370676327193,-0.7128849382848765,2.5412910971380493,0.746809672003582,0.0,0.0
6.974999999998854,-3.2856106628769606,0.09779418728057078,1.3527075732407674,-0.373868119365476,0.0,0.0,-2.561450105108866,-0.38325678250305095,1.8507688798487663,0.32769842402035865,0.0,0.0,-0.6279392320141349,-0.7145374047775077,2.5450235469103126,0.7461696953450935,0.0,0.0
6.979999999998851,-3.285107029711681,0.10365607500216482,1.350848028156778,-0.36994526094412444,0.0,0.0,-2.5633769192651035,-0.387465810881367,1.852399183012991,0.32441873099992663,0.0,0.0,-0.631516051023176,-0.7161902641207857,2.5487527888300763,0.7455265299441743,0.0,0.0
6.984999999998848,-3.2845741309653143,0.1095004847178205,1.3490081660147344,-0.36599489710413396,0.0,0.0,-2.5653247337603102,-0.3916569861093165,1.8540130270471025,0.3211147275592551,0.0,0.0,-0.6351011352743355,-0.7178434986084916,2.5524788069380087,0.7448801695448551,0.0,0.0
6.989999999998846,-3.2840120530767742,0.11532779588924037,1.3471881250183444,-0.3620167556000038,0.0,0.0,-2.5672934603242705,-0.39583070542950277,1.8556102897381181,0.31778614775410885,0.0,0.0,-0.6386944865989148,-0.7194970904597255,2.556201585243383,0.7442306078458711,0.0,0.0
6.994999999998843,-3.2834208806020335,0.12113838225444594,1.34538804475616,-0.35801055471991156,0.0,0.0,-2.5692830126588015,-0.3999873604356247,1.8571908475198318,0.3144327162190253,0.0,0.0,-0.6422961067391247,-0.7211510218188095,2.5599211077238535,0.7435778385008621,0.0,0.0
6.99999999999884,-3.28280069624241,0.12693261195874464,1.3436080662492047,-0.35397600316597994,0.0,0.0,-2.5712933064098404,-0.4041273372035373,1.8587545754254087,0.3110541480474015,0.0,0.0,-0.6459059973477098,-0.7228052747551958,2.5636373583252317,0.7429218551185546,0.0,0.0
7.004999999998837,-3.282151580872213,0.13271084768047725,1.3418483319992223,-0.3499127999255124,0.0,0.0,-2.573324259140171,-0.40825101641709005,1.8603013470393626,0.30765014866257084,0.0,0.0,-0.6495241599875745,-0.7244598312633754,2.56735032096126,0.7422626512629176,0.0,0.0
7.0099999999988345,-3.2814736135657805,0.13847344675162723,1.3401089860375912,-0.345820634133056,0.0,0.0,-2.57537579030277,-0.4123587734888259,1.861831034448864,0.30422041367973107,0.0,0.0,-0.6531505961314082,-0.7261146732627894,2.5710599795133895,0.7416002204533011,0.0,0.0
7.014999999998832,-3.280766871623912,0.14422076127336508,1.3383901739749526,-0.3416991849231363,0.0,0.0,-2.577447821214737,-0.41645097867560954,1.8633435081943368,0.30076462875856386,0.0,0.0,-0.6567853071613103,-0.7277697825977434,2.5747663178305555,0.740934556164549,0.0,0.0
7.019999999998829,-3.280031430599749,0.14995313822659034,1.336692043051598,-0.3375481212734873,0.0,0.0,-2.579540275031797,-0.42052799718925066,1.8648386372192896,0.2972824694463767,0.0,0.0,-0.6604282943684128,-0.7294251410373277,2.5784693197289568,0.7402656518270869,0.0,0.0
7.024999999998826,-3.2792673643241104,0.15567091957752457,1.3350147421886658,-0.3333671018385891,0.0,0.0,-2.581653076723344,-0.4245901893021716,1.8663162888193432,0.29377360101157424,0.0,0.0,-0.6640795589525053,-0.7310807302753408,2.582168968991835,0.7395935008269913,0.0,0.0
7.029999999998823,-3.2784747449303078,0.1613744423783997,1.3333584220401942,-0.32915577477330143,0.0,0.0,-2.5837861530479933,-0.42863791044816596,1.8677763285903997,0.29023767826725055,0.0,0.0,-0.6677391020216582,-0.7327365319302214,2.5858652493692493,0.7389180965060274,0.0,0.0
7.034999999998821,-3.2776536428784784,0.16706403886327653,1.3317232350460801,-0.3249137775463684,0.0,0.0,-2.585939432529635,-0.43267151131827924,1.8692186203759038,0.28667434538467895,0.0,0.0,-0.6714069245918453,-0.7343925275449851,2.589558144577859,0.7382394321616665,0.0,0.0
7.039999999998818,-3.2768041269794455,0.17274003653901623,1.3301093354859992,-0.3206407367435484,0.0,0.0,-2.5881128454339453,-0.43669133795183507,1.8706430262131462,0.283083235696451,0.0,0.0,-0.6750830275865675,-0.7360486985871693,2.5932476383006975,0.7375575010470748,0.0,0.0
7.044999999998815,-3.2759262644181346,0.17840275827142157,1.3285168795343343,-0.31633626786010377,0.0,0.0,-2.5903063237453487,-0.4406977318226239,1.8720494062785533,0.2794639714890033,0.0,0.0,-0.6787674118364735,-0.737705026448786,2.5969337141869557,0.7368722963710778,0.0,0.0
7.049999999998812,-3.275020120776577,0.18405252236655123,1.3269460253161673,-0.3119999750823662,0.0,0.0,-2.592519801144396,-0.4446910299202542,1.87343761883192,0.27581616378424856,0.0,0.0,-0.6824600780789838,-0.7393614924462856,2.600616355851756,0.736183811298095,0.0,0.0
7.05499999999881,-3.2740857600565114,0.1896896426472017,1.3253969329643966,-0.30763145105807377,0.0,0.0,-2.5947532129855326,-0.4486715648266614,1.8748075201595145,0.27213941211000403,0.0,0.0,-0.6861610269579123,-0.741018077820529,2.6042955468759317,0.7354920389480469,0.0,0.0
7.059999999998807,-3.2731232447016225,0.19531442852454042,1.3238697646780262,-0.3032302766551514,0.0,0.0,-2.5970064962752457,-0.45263966478775786,1.8761589645160108,0.2684333042588939,0.0,0.0,-0.6898702590230877,-0.7426747637367714,2.6079712708058054,0.7347969723962345,0.0,0.0
7.064999999998804,-3.2721326356194274,0.2009271850648632,1.322364684781692,-0.29879602070858685,0.0,0.0,-2.599279589650551,-0.456595653780194,1.8774918040651867,0.26469741603537694,0.0,0.0,-0.6935877747299765,-0.7443315312846582,2.611643511152964,0.7340986046731867,0.0,0.0
7.069999999998801,-3.2711139922028463,0.20652821305143682,1.320881859786486,-0.2943282397550306,0.0,0.0,-2.6015724333578047,-0.46053985157319266,1.8788058888193226,0.2609313109905291,0.0,0.0,-0.6973135744393038,-0.7459883614782324,2.615312251394034,0.7333969287644782,0.0,0.0
7.0749999999987985,-3.2700673723514697,0.21211780904137748,1.3194214584521364,-0.28982647775472353,0.0,0.0,-2.603884969231808,-0.4644725737854062,1.8801010665772493,0.25713454014418435,0.0,0.0,-0.7010476584166767,-0.7476452352559599,2.618977474970457,0.7326919376105162,0.0,0.0
7.079999999998796,-3.2689928324925606,0.21769626541750264,1.3179836518506134,-0.2852902658003311,0.0,0.0,-2.6062171406751893,-0.4683941319367296,1.881377182860966,0.2533066416940165,0.0,0.0,-0.7047900268322055,-0.7493021334807614,2.622639165288264,0.7319836241062918,0.0,0.0
7.084999999998793,-3.2678904276018033,0.22326387043508147,1.3165686134312213,-0.2807191218122374,0.0,0.0,-2.608568892638026,-0.4723048334949998,1.8826340808507762,0.2494471407111122,0.0,0.0,-0.7085406797601258,-0.75095903694007,2.626297305717846,0.7312719811011023,0.0,0.0
7.08999999999879,-3.266760211223841,0.2288209082633968,1.3151765190872515,-0.2761125502198223,0.0,0.0,-2.6109401715976923,-0.47620498191748734,1.8838716013188654,0.24555554882156488,0.0,0.0,-0.7122996171784225,-0.7526159263458978,2.6299518795937264,0.7305570013982344,0.0,0.0
7.094999999998787,-3.2656022354926058,0.23436765902201603,1.313807547224265,-0.27147004162822125,0.0,0.0,-2.613330925538898,-0.4800948766870806,1.8850895825612493,0.24163136387358433,0.0,0.0,-0.7160668389684515,-0.7542727823349239,2.633602870214329,0.729838677754614,0.0,0.0
7.099999999998785,-3.2644165511514913,0.23990439881165754,1.3124618788300766,-0.2667910724700313,0.0,0.0,-2.6157411039338982,-0.48397481334304626,1.886287860328021,0.23767406958959036,0.0,0.0,-0.7198423449145646,-0.7559295854685997,2.637250260841745,0.7291170028804178,0.0,0.0
7.104999999998782,-3.2632032075733846,0.24543139973951902,1.311139697546522,-0.262075104641398,0.0,0.0,-2.618170657722837,-0.48784508350623174,1.8874662677518217,0.2336831352027258,0.0,0.0,-0.7236261347037329,-0.7575863162332758,2.6408940347014993,0.7283919694386489,0.0,0.0
7.109999999998779,-3.261962252780573,0.2509489299389246,1.3098411897430808,-0.25732158512188447,0.0,0.0,-2.62061953929421,-0.4917059748985647,1.8886246352744485,0.2296580150771914,0.0,0.0,-0.7274182079251718,-0.7592429550403487,2.6445341749823132,0.7276635700446699,0.0,0.0
7.114999999998776,-3.2606937334645867,0.25645725358312493,1.3085665445924488,-0.25252994557749,0.0,0.0,-2.6230877024654022,-0.49555777135668533,1.8897627905715302,0.22559814831176894,0.0,0.0,-0.731218564069966,-0.7608994822264286,2.648170664835864,0.7269317972656978,0.0,0.0
7.1199999999987735,-3.2593976950059687,0.2619566308930714,1.3073159541481296,-0.24769960194614393,0.0,0.0,-2.625575102463288,-0.49940075283952634,1.8908805584751693,0.22150295832586364,0.0,0.0,-0.7350272025306978,-0.7625558780535338,2.6518034873765433,0.7261966436202569,0.0,0.0
7.124999999998771,-3.258074181494036,0.26744731813896444,1.3060896134241529,-0.24282995400496754,0.0,0.0,-2.6280816959048443,-0.5032351954296461,1.8919777608944754,0.21737185242735724,0.0,0.0,-0.7388441226010728,-0.764212122709307,2.6554326256812137,0.7254581015775867,0.0,0.0
7.129999999998768,-3.256723235746639,0.2729295676353586,1.304887720476997,-0.23792038491855094,0.0,0.0,-2.6306074407777635,-0.507061371328088,1.893054216733886,0.21320422136152048,0.0,0.0,-0.7426693234755497,-0.7658681963072592,2.6590580627889584,0.7247161635570066,0.0,0.0
7.134999999998765,-3.255344899329969,0.2784036277295806,1.3037104764898235,-0.2329702607674516,0.0,0.0,-2.633152296421014,-0.5108795488425313,1.8941097418091863,0.208999438840194,0.0,0.0,-0.7465028042489696,-0.7675240788870382,2.662679781700832,0.7239708219272339,0.0,0.0
7.1399999999987624,-3.253939212578432,0.2838697427832052,1.3025580858591173,-0.22797893005607353,0.0,0.0,-2.6357162235053315,-0.5146899923684639,1.8951441487611216,0.2047568610503972,0.0,0.0,-0.7503445639161883,-0.7691797504147301,2.6662977653796025,0.7232220690056531,0.0,0.0
7.14499999999876,-3.2525062146146464,0.2893281531462969,1.3014307562838432,-0.22294572319903738,0.0,0.0,-2.6382991840135976,-0.5184929623630994,1.8961572469665011,0.20047582614147838,0.0,0.0,-0.7541946013717084,-0.7708351907831865,2.669911996749498,0.7224698970575357,0.0,0.0
7.149999999998757,-3.2510459433695726,0.29477909512410966,1.300328698857224,-0.21786995198510314,0.0,0.0,-2.640901141221065,-0.5222887153117127,1.8971488424466803,0.1961556536898678,0.0,0.0,-0.7580529154093145,-0.7724903798123859,2.6735224586959374,0.7217142982952119,0.0,0.0
7.154999999998754,-3.249558435602844,0.3002228009359075,1.2992521281612601,-0.21275090901764881,0.0,0.0,-2.6435220596753983,-0.5260775036860696,1.8981187377733104,0.1917956441404401,0.0,0.0,-0.76191950472171,-0.7741452972498272,2.67712913406527,0.7209552648771854,0.0,0.0
7.159999999998751,-3.2480437269233104,0.30565949866553793,1.2982012623641046,-0.20758786713065452,0.0,0.0,-2.6461619051764864,-0.5298595758945706,1.8990667319712349,0.18739507822343673,0.0,0.0,-0.765794367900155,-0.7757999227709564,2.6807320056645008,0.7201927889071945,0.0,0.0
7.164999999998749,-3.246501851809862,0.3110894122033639,1.2971763233204237,-0.20238007877907763,0.0,0.0,-2.6488206447559817,-0.5336351762237187,1.8999926204184032,0.1829532163458368,0.0,0.0,-0.7696775034341081,-0.7774542359796344,2.684331056261014,0.7194268624332181,0.0,0.0
7.169999999998746,-3.244932843632558,0.31651276117912097,1.2961775366748711,-0.1971267754024434,0.0,0.0,-2.6514982466565256,-0.5374045447704758,1.9008961947426792,0.17846929795600053,0.0,0.0,-0.7735689097108689,-0.7791082164086341,2.6879262685822907,0.7186574774464202,0.0,0.0
7.174999999998743,-3.243336734674115,0.3219297608852373,1.2952051319688138,-0.19182716676040093,0.0,0.0,-2.6541946803106127,-0.5411679173650394,1.9017772427154018,0.17394254088034114,0.0,0.0,-0.7774685850152248,-0.780761843520187,2.691517625315625,0.7178846258800368,0.0,0.0
7.17999999999874,-3.241713556151811,0.32734062219011306,1.2942593427504536,-0.1864804402389301,0.0,0.0,-2.656909916319044,-0.544925525483539,1.9026355481415567,0.1693721406307083,0.0,0.0,-0.7813765275290983,-0.782415096706563,2.6951051091078306,0.7171082996081988,0.0,0.0
7.1849999999987375,-3.2400633382398403,0.33274555144081497,1.293340406688493,-0.1810857601257976,0.0,0.0,-2.6596439264289122,-0.5486775961501044,1.903470890746408,0.16475726968108712,0.0,0.0,-0.7852927353312006,-0.7840679552906995,2.6986887025649393,0.7163284904446873,0.0,0.0
7.189999999998735,-3.2383861100921885,0.33814475035460045,1.292448565689505,-0.17564226685378667,0.0,0.0,-2.662396683511079,-0.5524243518277177,1.9042830460584348,0.16009707671213844,0.0,0.0,-0.789217206396685,-0.7857203985268719,2.7022683882519005,0.7155451901416248,0.0,0.0
7.194999999998732,-3.2366818998660767,0.34353841589863576,1.2915840660191686,-0.17014907621013123,0.0,0.0,-2.6651681615370695,-0.5561660102972117,1.9050717852884056,0.15539068582201299,0.0,0.0,-0.7931499385968063,-0.7873724056014133,2.705844148692266,0.7147583903880949,0.0,0.0
7.199999999998729,-3.2349507347460373,0.34892674015722513,1.290747158427547,-0.1646052785104963,0.0,0.0,-2.6679583355553333,-0.5599027845237312,1.9058368752044206,0.15063719570178447,0.0,0.0,-0.7970909296985825,-0.7890239556334834,2.7094159663678723,0.7139680828086886,0.0,0.0
7.204999999998726,-3.233192640968689,0.35430991018581165,1.289938098278587,-0.15900993773574315,0.0,0.0,-2.670767181666803,-0.5636348825099122,1.906578078002737,0.14583567877374234,0.0,0.0,-0.8010401773644615,-0.7906750276758886,2.712983823718516,0.7131742589619776,0.0,0.0
7.209999999998724,-3.2314076438482737,0.3596881078509521,1.2891571456840325,-0.1533620906296155,0.0,0.0,-2.673594676999689,-0.5673625071349827,1.9072951511741922,0.14098518029068363,0.0,0.0,-0.8049976791519913,-0.7923256007159581,2.716547703141615,0.7123769103389089,0.0,0.0
7.214999999998721,-3.229595767803033,0.36506150965540535,1.2884045656419485,-0.1476607457553673,0.0,0.0,-2.676440799683427,-0.5710858559789201,1.9079878473660183,0.13608471739422762,0.0,0.0,-0.8089634325134936,-0.793975653676474,2.7201075869918734,0.711576028361117,0.0,0.0
7.219999999998718,-3.2277570363824966,0.37043028654740556,1.287680628180074,-0.1419048825092346,0.0,0.0,-2.6793055288217107,-0.5748051211307336,1.908655914238843,0.13113327813005674,0.0,0.0,-0.8129374347957459,-0.7956251654166613,2.7236634575809235,0.7107716043791553,0.0,0.0
7.224999999998715,-3.225891472295766,0.3757946037131157,1.2869856085042142,-0.13609345008852297,0.0,0.0,-2.682188844464522,-0.5785204889798652,1.9092990943186559,0.12612982041786197,0.0,0.0,-0.8169196832396649,-0.7972741147332398,2.7272152971769708,0.7099636296706386,0.0,0.0
7.229999999998713,-3.2239990974408816,0.38115462035118025,1.2863197871519163,-0.13022536641194712,0.0,0.0,-2.685090727579076,-0.5822321399896274,1.9099171248435038,0.12107327097362908,0.0,0.0,-0.8209101749799963,-0.7989224803615426,2.7307630880044207,0.7091520954382956,0.0,0.0
7.23499999999871,-3.22207993293536,0.3865104894282067,1.2856834501516632,-0.1242995169897117,0.0,0.0,-2.6880111600195806,-0.5859402484514996,1.910509737604676,0.11596252418175927,0.0,0.0,-0.8249089070450121,-0.8005702409766965,2.7343068122435015,0.7083369928079302,0.0,0.0
7.239999999998707,-3.220133999148014,0.3918623574139121,1.2850768891878512,-0.1183147537406642,0.0,0.0,-2.6909501244957275,-0.589644982219023,1.9110766587821146,0.11079644091436013,0.0,0.0,-0.8289158763562118,-0.8022173751948782,2.7378464520298755,0.7075183128262817,0.0,0.0
7.244999999998704,-3.218161315732135,0.3972103639945712,1.2845004017718182,-0.11226989375368654,0.0,0.0,-2.6939076045397856,-0.5933465024199183,1.9116176087737902,0.10557384729487468,0.0,0.0,-0.8329310797280309,-0.803863861574642,2.7413819894542337,0.7066960464587897,0.0,0.0
7.2499999999987015,-3.216161901660185,0.40255464176329064,1.2839542914192121,-0.10616371799030846,0.0,0.0,-2.69688358447221,-0.5970449631449561,1.9121323020187424,0.10029353340303705,0.0,0.0,-0.8369545138675569,-0.8055096786183233,2.7449134065618868,0.7058701845872495,0.0,0.0
7.254999999998699,-3.2141357752600754,0.40789531588551475,1.2834388678339983,-0.09999496992533675,0.0,0.0,-2.699878049365625,-0.600740511111979,1.9126204468135006,0.09495425191795256,0.0,0.0,-0.8409861753742514,-0.8071548047735241,2.748440685352342,0.7050407180073625,0.0,0.0
7.259999999998696,-3.212082954253208,0.4132325037380378,1.2829544470994274,-0.09376235412208735,0.0,0.0,-2.702890985007063,-0.604433285303344,1.9130817451215498,0.08955471669589314,0.0,0.0,-0.84502606073968,-0.808799218434682,2.7519638077788633,0.7042076374261723,0.0,0.0
7.264999999998693,-3.210003455794373,0.4185663145196596,1.2825013518762964,-0.0874645347385865,0.0,0.0,-2.7059223778583275,-0.6081234165749213,1.9135158923755213,0.08409360127917852,0.0,0.0,-0.8490741663472515,-0.8104428979447268,2.755482755748023,0.7033709334593861,0.0,0.0
7.26999999999869,-3.207897296513672,0.4238968488314626,1.28207991160886,-0.08110013396087093,0.0,0.0,-2.7089722150143154,-0.6118110272346218,1.9139225772717436,0.07856953733227784,0.0,0.0,-0.8531304884719644,-0.8120858215968284,2.7589975111192375,0.7025305966285712,0.0,0.0
7.274999999998688,-3.205764492560631,0.42922419822452457,1.2816904627387669,-0.07466773035926297,0.0,0.0,-2.7120404841591594,-0.615496230588269,1.9143014815567847,0.07298111300101257,0.0,0.0,-0.8571950232801616,-0.8137279676362428,2.7625080557042896,0.7016866173582285,0.0,0.0
7.279999999998685,-3.2036050596506476,0.43454844471270154,1.2813333489274148,-0.06816585716322358,0.0,0.0,-2.715127173520008,-0.6191791304504319,1.9146522798055907,0.06732687119046803,0.0,0.0,-0.8612677668292971,-0.8153693142622568,2.7660143712668357,0.7008389859727335,0.0,0.0
7.284999999998682,-3.2014190131139717,0.4398696602479101,1.2810089212871463,-0.06159300045009369,0.0,0.0,-2.7182322718182697,-0.6228598206176591,1.9149746391907976,0.06160530775692971,0.0,0.0,-0.8653487150677105,-0.817009839630238,2.769516439521897,0.699987692693142,0.0,0.0
7.289999999998679,-3.199206367947414,0.44518790615512727,1.2807175386217242,-0.05494759724271902,0.0,0.0,-2.721355768218123,-0.6265383843013174,1.9152682192427803,0.0558148696088441,0.0,0.0,-0.8694378638344132,-0.8186495218537966,2.7730142421353356,0.6991327276338527,0.0,0.0
7.2949999999986765,-3.1969671388689815,0.45050323252408814,1.2804595676765598,-0.048228033510614964,0.0,0.0,-2.7244976522720843,-0.6302148935170148,1.915532671599968,0.04995395271146745,0.0,0.0,-0.8735352088588846,-0.8202883390070601,2.7765077607233124,0.6982740807991253,0.0,0.0
7.299999999998674,-3.194701340375666,0.4558156775544043,1.2802353833991877,-0.0414326420689639,0.0,0.0,-2.727657913863404,-0.6338894084273194,1.9157676397489285,0.04402089998949901,0.0,0.0,-0.8776407457608809,-0.8219262691270715,2.7799969768517236,0.697411742079443,0.0,0.0
7.304999999998671,-3.1924089868046392,0.4611252668505381,1.2800453692105127,-0.0345597003693441,0.0,0.0,-2.7308365431450556,-0.6375619766342135,1.9159727587536985,0.03801399912160555,0.0,0.0,-0.8817544700502563,-0.8235632902163114,2.7834818720356282,0.6965457012477169,0.0,0.0
7.309999999998668,-3.1900900923981026,0.4664320126627696,1.279889917287387,-0.02760742817566715,0.0,0.0,-2.734033530475052,-0.6412326324174019,1.9161476549738043,0.03193148022031961,0.0,0.0,-0.8858763771267963,-0.8251993802453542,2.7869624277386476,0.6956759479553258,0.0,0.0
7.3149999999986655,-3.1877446713720734,0.4717359130699412,1.2797694288571118,-0.02057398511834474,0.0,0.0,-2.7372488663478123,-0.6449013959142628,1.9162919457703802,0.025771513390339163,0.0,0.0,-0.8900064622800655,-0.8268345171556648,2.7904386253723468,0.6948024717279839,0.0,0.0
7.319999999998663,-3.185372737989416,0.47703695109940747,1.2796843145044843,-0.013457468119213379,0.0,0.0,-2.740482541321267,-0.648568272236857,1.9164052391997584,0.019532206157764274,0.0,0.0,-0.8941447206892686,-0.8284686788625368,2.7939104462955955,0.6939252619614271,0.0,0.0
7.32499999999866,-3.1829743066374374,0.4823350937791985,1.2796349944920615,-0.00625590867921552,0.0,0.0,-2.7437345459393847,-0.6522332505209971,1.916487133693867,0.013211600762276494,0.0,0.0,-0.8982911474231284,-0.830101843258189,2.7973778718139104,0.6930443079169167,0.0,0.0
7.329999999998657,-3.180549391910407,0.48763029111697087,1.2796218990943462,0.0010327299797385314,0.0,0.0,-2.747004870649766,-0.655896302901942,1.9165372177267264,0.006807671303693091,0.0,0.0,-0.9024457374397774,-0.8317339882150169,2.8008408831787657,0.6921595987165466,0.0,0.0
7.334999999998654,-3.17809800869737,0.492922474999817,1.2796454689466483,0.00841055592792269,0.0,0.0,-2.7502935057159124,-0.659557383410787,1.9165550694662998,0.00031832073370897907,0.0,0.0,-0.9066084855866676,-0.8333650915890177,2.80429946158689,0.6912711233383466,0.0,0.0
7.339999999998652,-3.1756201722756803,0.49821155800847655,1.279706155409416,0.01587975170582621,0.0,0.0,-2.7536004411237722,-0.6632164267850739,1.9165402564108902,-0.006258622317030003,0.0,0.0,-0.9107793866004977,-0.8349951312233902,2.8077535881795317,0.6903788706111816,0.0,0.0
7.344999999998649,-3.1731158984106846,0.5034974321388921,1.2798044209488961,0.023442577677653866,0.0,0.0,-2.756925666482107,-0.6668733471865603,1.9164923350092435,-0.01292540688710406,0.0,0.0,-0.9149584351071578,-0.8366240849523189,2.811203244041698,0.6894828292094277,0.0,0.0
7.349999999998646,-3.1705852034620525,0.5087799674233995,1.279940739535021,0.03110137557167053,0.0,0.0,-2.760269170916202,-0.6705280368184301,1.9164108502634456,-0.019684363219112634,0.0,0.0,-0.9191456256216949,-0.8382519306049567,2.814648410201371,0.6885829876474198,0.0,0.0
7.354999999998643,-3.1680281044972616,0.5140590104431264,1.280115597057489,0.03885857221961552,0.0,0.0,-2.7636309429543897,-0.6741803644335032,1.9162953353136558,-0.026537906493299936,0.0,0.0,-0.9233409525482977,-0.8398786460096106,2.8180890676286925,0.6876793342736622,0.0,0.0
7.3599999999986405,-3.165444619412819,0.5193343827223716,1.2803294917610686,0.04671668350833489,0.0,0.0,-2.7670109704068264,-0.6778301737242134,1.9161453110036486,-0.03348854077315075,0.0,0.0,-0.9275444101803039,-0.8415042089981454,2.8215251972351196,0.6867718572647938,0.0,0.0
7.364999999998638,-3.162834767063819,0.5246058789948647,1.28058293470122,0.05467831855777974,0.0,0.0,-2.770409240235902,-0.6814772815842393,1.915960285426066,-0.04053886317709421,0.0,0.0,-0.931755992700228,-0.8431285974106125,2.824956779872551,0.6858605446192924,0.0,0.0
7.369999999998635,-3.16019856740252,0.5298732653308323,1.2808764502212031,0.06274618414060484,0.0,0.0,-2.7738257384176124,-0.6851214762306965,1.9157397534462177,-0.04769156829153894,0.0,0.0,-0.9359756941798161,-0.8447517891001227,2.828383796332416,0.6849453841509119,0.0,0.0
7.374999999998632,-3.157536041626655,0.5351362771127279,1.281210576451921,0.07092308935978138,0.0,0.0,-2.7772604497931717,-0.6887625151747493,1.915483196203176,-0.05494945284164187,0.0,0.0,-0.9402035085801227,-0.8463737619379655,2.83180622734474,0.6840263634818385,0.0,0.0
7.379999999998629,-3.154847212338269,0.5403946168462861,1.2815858658358348,0.07921195060191986,0.0,0.0,-2.780713357910066,-0.6924001230272748,1.915190080586838,-0.06231542063749471,0.0,0.0,-0.9444394297516153,-0.8479944938189984,2.835224053577164,0.6831034700355529,0.0,0.0
7.384999999998627,-3.152132103713942,0.5456479517922505,1.2820028856763728,0.08761579678539483,0.0,0.0,-2.7841844448517015,-0.6960339891249216,1.9148598586895296,-0.06979248781480718,0.0,0.0,-0.9486834514343067,-0.8496139626673161,2.8386372556339343,0.6821766910293899,0.0,0.0
7.389999999998624,-3.1493907416873417,0.550895911402659,1.282462218714358,0.09613777492387979,0.0,0.0,-2.7876736910546938,-0.6996637649604318,1.9144919672306258,-0.0773837883906819,0.0,0.0,-0.9529355672579151,-0.8512321464422143,2.8420458140548517,0.6812460134667798,0.0,0.0
7.394999999998621,-3.14662315414511,0.5561380845439473,1.2829644637330915,0.10478115602755507,0.0,0.0,-2.7911810751127843,-0.703289061399467,1.9140858269525587,-0.0850925801567307,0.0,0.0,-0.9571957707420562,-0.8528490231444672,2.8454497093141855,0.6803114241291529,0.0,0.0
7.399999999998618,-3.1438293711372136,0.5613740164873192,1.2835102361938304,0.11354934136605413,0.0,0.0,-2.7947065735662693,-0.7069094456643731,1.9136408419864677,-0.09292225093358208,0.0,0.0,-0.9614640552964675,-0.8544645708229331,2.8488489218195374,0.6793729095675046,0.0,0.0
7.404999999998616,-3.1410094251029665,0.5666032056448315,1.2841001689035432,0.12244586911917849,0.0,0.0,-2.7982501606757197,-0.7105244380633086,1.913156399185622,-0.1008763252127958,0.0,0.0,-0.9657404142212646,-0.8560787675815107,2.8522434319106686,0.678430456093594,0.0,0.0
7.409999999998613,-3.1381633511140583,0.5718251000273904,1.284734912716944,0.13147442144355678,0.0,0.0,-2.8018118081786576,-0.7141335084409175,1.9126318674246034,-0.10895847121434395,0.0,0.0,-0.9700248407072352,-0.8576915915864607,2.855633219858286,0.677484049770764,0.0,0.0
7.41499999999861,-3.1352911871360383,0.5770390933983589,1.285415137274963,0.14063883198576738,0.0,0.0,-2.8053914850277417,-0.7177360723242258,1.9120665968621011,-0.11717250839016038,0.0,0.0,-0.9743173278361711,-0.859303021074121,2.8590182658627694,0.6765336764043699,0.0,0.0
7.419999999998607,-3.1323929743098566,0.5822445210936896,1.2861415317819649,0.1499430938750029,0.0,0.0,-2.808989157108856,-0.7213314867346459,1.9114599181650078,-0.1255224154068209,0.0,0.0,-0.9786178685812369,-0.860913034359031,2.8623985500528613,0.6755793215317948,0.0,0.0
7.4249999999986045,-3.1294687572552036,0.5874406554763607,1.2869148058242084,0.15939136823115685,0.0,0.0,-2.8126047869373627,-0.7249190456338533,1.9108111416913287,-0.13401233864321427,0.0,0.0,-0.9829264558073834,-0.8625216098424945,2.865774052484296,0.6746209704120345,0.0,0.0
7.429999999998602,-3.126518584397559,0.5926267009894172,1.2877356902322081,0.1689879932272751,0.0,0.0,-2.8162383333305874,-0.7284979749677988,1.9101195566292346,-0.14264660124212855,0.0,0.0,-0.9872430822718035,-0.8641287260216055,2.86914475313839,0.673658608014831,0.0,0.0
7.434999999998599,-3.1235425083210684,0.5978017887679806,1.2886049379898878,0.17873749374867146,0.0,0.0,-2.819889751054448,-0.7320674272692039,1.9093844300893867,-0.15142971275803194,0.0,0.0,-0.9915677406244346,-0.865734361498764,2.8725106319205578,0.6726922190093382,0.0,0.0
7.439999999998596,-3.120540586149549,0.6029649707662137,1.2895233251936102,0.18864459169468364,0.0,0.0,-2.8235589904418923,-0.7356264757744879,1.9086050061474362,-0.1603663794470019,0.0,0.0,-0.9959004234085103,-0.8673384949917127,2.875871668658787,0.6717217877522959,0.0,0.0
7.444999999998593,-3.117512879958173,0.6081152133502729,1.2904916520644296,0.19871421697307617,0.0,0.0,-2.8272459969806154,-0.7391741080061324,1.9077805048333656,-0.16946151524878808,0.0,0.0,-1.0002411230611623,-0.8689411053441275,2.879227843102038,0.6707472982756897,0.0,0.0
7.449999999998591,-3.114459457218637,0.6132513903027361,1.2915107440171572,0.20895151924152017,0.0,0.0,-2.830950710867234,-0.7427092187659288,1.9069101210640795,-0.17872025351541554,0.0,0.0,-1.0045898319140796,-0.8705421715367947,2.882579134918597,0.6697687342738735,0.0,0.0
7.454999999998588,-3.111380391280897,0.6183722751777257,1.2925814527901236,0.21936188045543661,0.0,0.0,-2.834673066524832,-0.7462306024783004,1.9059930235153622,-0.18814795954558902,0.0,0.0,-1.0089465421942219,-0.8721416726994125,2.8859255236943477,0.6687860790901304,0.0,0.0
7.459999999998585,-3.1082757618949004,0.6234765329388844,1.2937046576398321,0.22995092828682065,0.0,0.0,-2.838412992080456,-0.7497369448158159,1.9050283534290173,-0.19775024398949217,0.0,0.0,-1.013311246024595,-0.8737395881230556,2.8892669889309834,0.6677993157026499,0.0,0.0
7.464999999998582,-3.105145655776069,0.6285627108043996,1.2948812666050236,0.2407245504845283,0.0,0.0,-2.8421704087987916,-0.7532268135310367,1.904015223350662,-0.20753297719443448,0.0,0.0,-1.0176839354250908,-0.8753358972733501,2.8926035100441467,0.6668084267098848,0.0,0.0
7.4699999999985796,-3.101990167218715,0.6336292282142257,1.2961122178450588,0.25168891025295154,0.0,0.0,-2.8459452304678403,-0.7566986484098166,1.9029527157932815,-0.21750230456824443,0.0,0.0,-1.0220646023133952,-0.8769305798043965,2.8959350663614924,0.6658133943152712,0.0,0.0
7.474999999998577,-3.098809398762016,0.638674365824461,1.2973984810579118,0.2628504627330985,0.0,0.0,-2.84973736273197,-0.760150750250949,1.9018398818212523,-0.2276646630443961,0.0,0.0,-1.0264532385059655,-0.8785236155734993,2.899261637120669,0.6648142003112761,0.0,0.0
7.479999999998574,-3.0956034619136563,0.6436962534222213,1.298741058983512,0.2742159726779012,0.0,0.0,-2.8535467023672094,-0.7635812687654565,1.9006757395490939,-0.23802679874066032,0.0,0.0,-1.0308498357190854,-0.880114984656752,2.902583201467227,0.6638108260627377,0.0,0.0
7.484999999998571,-3.092372477936852,0.6486928566411901,1.3001409889986562,0.2857925334221649,0.0,0.0,-2.857373136493098,-0.7669881892756437,1.89945927254874,-0.2485957859116627,0.0,0.0,-1.0352543855700005,-0.8817046673655338,2.9058997384524368,0.6628032524894764,0.0,0.0
7.4899999999985685,-3.089116578707065,0.6536619623430437,1.3015993448102332,0.29758758725703954,0.0,0.0,-2.8612165417147475,-0.7703693180790456,1.8981894281585832,-0.2593790473051948,0.0,0.0,-1.039666879578138,-0.8832926442639852,2.909211227031016,0.6617914600481335,0.0,0.0
7.494999999998566,-3.085835907645457,0.6586011625128517,1.303117238254079,0.30960894732932437,0.0,0.0,-2.8650767831880786,-0.7737222663253126,1.8968651156869822,-0.2703843760425531,0.0,0.0,-1.0440873091664153,-0.8848788961875262,2.912517646058771,0.6607754287132072,0.0,0.0
7.499999999998563,-3.0825306207369345,0.6635078364970807,1.304695821207408,0.32186482119739807,0.0,0.0,-2.86895371360037,-0.7770444322345772,1.8954852045022916,-0.2816199591546644,0.0,0.0,-1.0485156656626458,-0.8864634042624904,2.915818974290133,0.6597551379572446,0.0,0.0
7.50499999999856,-3.079200887641546,0.668379131390521,1.3063362876234696,0.33436383618824006,0.0,0.0,-2.872847172057361,-0.7803329814635519,1.8940485220007655,-0.2930944029184214,0.0,0.0,-1.0529519403010439,-0.8880461499269555,2.919115190375597,0.65873056673016,0.0,0.0
7.509999999998557,-3.075846892909012,0.6732119403529396,1.308039875697812,0.34711506671395304,0.0,0.0,-2.8767569828670982,-0.7835848254000706,1.8925538514429616,-0.30481676015160125,0.0,0.0,-1.057396124223841,-0.8896271149528557,2.922406272859058,0.6577016934376267,0.0,0.0
7.514999999998555,-3.072468837307369,0.6780028786069756,1.3098078701763862,0.36012806372156975,0.0,0.0,-2.880682954209572,-0.7867965971374986,1.8909999296484132,-0.3167965596401055,0.0,0.0,-1.0618482084830105,-0.8912062814694637,2.925692200175032,0.6566684959185142,0.0,0.0
7.519999999998552,-3.0690669392779903,0.6827482568351384,1.3116416048166257,0.3734128864668556,0.0,0.0,-2.884624876679845,-0.7899646248467729,1.8893854445374427,-0.32904383788819386,0.0,0.0,-1.0663081840421162,-0.8927836319883524,2.928972950645764,0.6556309514213166,0.0,0.0
7.524999999998549,-3.065641436530782,0.687444051655037,1.313542465013632,0.38698013682144367,0.0,0.0,-2.888582521690878,-0.7930849022250874,1.8877090325079868,-0.34156917340100174,0.0,0.0,-1.0707760417782914,-0.8943591494299364,2.9322485024782132,0.6545890365795364,0.0,0.0
7.529999999998546,-3.062192587795056,0.6920858728072699,1.3155118906047072,0.40084099634313397,0.0,0.0,-2.8925556397205434,-0.7961530556555398,1.885969275634208,-0.3543837237291271,0.0,0.0,-1.0752517724843516,-0.895932817151716,2.935518833760917,0.6535427273859712,0.0,0.0
7.5349999999985435,-3.05872067474354,0.6966689266387858,1.3175513788666573,0.41500726636168556,0.0,0.0,-2.8965439583853576,-0.7991643076604176,1.8841646986724556,-0.3674992655275693,0.0,0.0,-1.0797353668710536,-0.897504618978354,2.938783922460719,0.6524919991658615,0.0,0.0
7.539999999998541,-3.055226004109196,0.7011879754047486,1.319662487721638,0.4294914113571125,0.0,0.0,-2.900547180321242,-0.8021134361710107,1.8822937658588315,-0.3809282379059833,0.0,0.0,-1.0842268155695123,-0.8990745392337239,2.942043746419362,0.6514368265488487,0.0,0.0
7.544999999998538,-3.051708910017117,0.7056372918425936,1.321846839168746,0.44430660593451293,0.0,0.0,-2.9045649808490532,-0.8049947290674984,1.8803548774811474,-0.3946837893742274,0.0,0.0,-1.0887261091337805,-0.9006425627750813,2.945298283349938,0.6503771834396924,0.0,0.0
7.549999999998535,-3.0481697565566397,0.710010608391387,1.324106122960159,0.4594667857289491,0.0,0.0,-2.9085970053997054,-0.8078019333618408,1.878346366206484,-0.4087798287166762,0.0,0.0,-1.0932332380436054,-0.9022086750295322,2.9485475108331873,0.6493130429877045,0.0,0.0
7.5549999999985324,-3.0446089406222305,0.7143010603357333,1.3264421005423825,0.4749867026059982,0.0,0.0,-2.9126428666703457,-0.8105281983027485,1.8762664931438051,-0.42323108016086547,0.0,0.0,-1.0977481927073744,-0.903772862032971,2.951791406313642,0.6482443775548445,0.0,0.0
7.55999999999853,-3.0410268950555324,0.718501122043945,1.3288566092850558,0.49088198455836435,0.0,0.0,-2.9167021414791545,-0.813166011572234,1.8741134436191655,-0.4380531432408141,0.0,0.0,-1.1022709634652632,-0.905335110471697,2.9550299470956087,0.6471711586824271,0.0,0.0
7.564999999998527,-3.0374240921254487,0.7226025353420776,1.3313515670218836,0.5071692007364316,0.0,0.0,-2.9207743672819055,-0.8157071276151424,1.8718853226389727,-0.4532625577928516,0.0,0.0,-1.1068015405925962,-0.9068954077269217,2.958263110338974,0.6460933570563973,0.0,0.0
7.569999999998524,-3.0338010473882773,0.7265962289152892,1.3339289769305391,0.523865932090738,0.0,0.0,-2.924859038308234,-0.8181424869928713,1.8695801500144482,-0.46887687456188787,0.0,0.0,-1.1113399143034388,-0.9084537419224044,2.961490873054843,0.6450109424711269,0.0,0.0
7.574999999998521,-3.030158323975897,0.73047222745161,1.3365909327808794,0.5409908481468911,0.0,0.0,-2.9289556012696156,-0.8204621254761125,1.8671958551179655,-0.48491473193860096,0.0,0.0,-1.1158860747544372,-0.9100101019754842,2.9647132121009845,0.643923883791687,0.0,0.0
7.579999999998519,-3.0264965373669277,0.7342195490355862,1.3393396245835287,0.5585637904779678,0.0,0.0,-2.9330634505841022,-0.8226550713837865,1.8647302712392104,-0.5013959393925482,0.0,0.0,-1.1204400120489202,-0.9115644776517864,2.9679301041770905,0.6428321489145576,0.0,0.0
7.584999999998516,-3.022816360703843,0.7378260890542587,1.3421773446738259,0.5766058634853141,0.0,0.0,-2.937181923054819,-0.8247092294303232,1.8621811295061763,-0.5183415682120835,0.0,0.0,-1.1250017162412873,-0.9131168596239222,2.971141525819828,0.6417357047267467,0.0,0.0
7.589999999998513,-3.0191185307284116,0.7412784885882249,1.3451064942692994,0.5951395331447471,0.0,0.0,-2.9413102919298373,-0.826611249053685,1.8595460523328446,-0.5357740502080559,0.0,0.0,-1.1295711773416983,-0.9146672395345266,2.974347453397686,0.6406345170632867,0.0,0.0
7.59499999999851,-3.0154038544188118,0.7445619849170547,1.348129590542236,0.6141887344198865,0.0,0.0,-2.945447760260045,-0.8283463748530346,1.856822546351984,-0.553717285083008,0.0,0.0,-1.1341483853210903,-0.9162156100640065,2.97754786310561,0.6395285506630993,0.0,0.0
7.5999999999985075,-3.011673216424593,0.7476602413602749,1.3512492742525142,0.6337789880852785,0.0,0.0,-2.9495934534588066,-0.8298982763568364,1.8540079947879118,-0.5721967572085286,0.0,0.0,-1.1387333301165472,-0.9177619650034251,2.9807427309594035,0.6384177691232278,0.0,0.0
7.604999999998505,-3.007927587410764,0.7505551531890831,1.3544683179896864,0.6539375277357269,0.0,0.0,-2.9537464109521365,-0.831248853856102,1.8510996492202387,-0.5912396625871987,0.0,0.0,-1.143326001637046,-0.9193062993329678,2.983932032789904,0.6373021348514495,0.0,0.0
7.609999999998502,-3.00416803343998,0.7532266257637268,1.357789635077223,0.6746934377799293,0.0,0.0,-2.957905576790356,-0.8323780164572138,1.8480946206856936,-0.6108750467972648,0.0,0.0,-1.1479263897696117,-0.9208486093064999,2.987115744236913,0.636181609017313,0.0,0.0
7.614999999998499,-3.0003957265427332,0.7556523203571207,1.3612162891958526,0.6960778032192719,0.0,0.0,-2.9620697890713035,-0.8332634278143423,1.8449898700610978,-0.6311339547209545,0.0,0.0,-1.1525344843859113,-0.9223888925427652,2.9902938407428787,0.6350561515016602,0.0,0.0
7.619999999998496,-2.996611956650161,0.7578073622923972,1.3647515047868797,0.7181238719869043,0.0,0.0,-2.966237768000468,-0.8338802141685506,1.8417821976666238,-0.6520495928316694,0.0,0.0,-1.1571502753493188,-0.9239271481238331,2.993466297546326,0.6339257208447434,0.0,0.0
7.624999999998494,-2.9928181450933655,0.7596640050207257,1.3683986783000823,0.7408672305546611,0.0,0.0,-2.9704081023840843,-0.8342006283192518,1.8384682320247296,-0.6736575047477605,0.0,0.0,-1.1617737525224978,-0.9254633767014593,2.9966330896750186,0.632790274193078,0.0,0.0
7.629999999998491,-2.989015859907938,0.7611912425590909,1.3721613903540604,0.7643459933875457,0.0,0.0,-2.9745792343164794,-0.8341936619469771,1.8350444177069152,-0.6959957606328011,0.0,0.0,-1.1664049057755301,-0.9269975806120992,2.999794191938855,0.6316497672452333,0.0,0.0
7.634999999998488,-2.985206833223795,0.7623543612504963,1.3760434188792923,0.7886010066117412,0.0,0.0,-2.9787494417815044,-0.8338245972491122,1.8315070021980442,-0.7191051608086013,0.0,0.0,-1.171043724994648,-0.9285297640013698,3.002949578922494,0.6305041541968378,0.0,0.0
7.639999999998485,-2.9813929810698996,0.7631144200455878,1.3800487533152208,0.81367606592712,0.0,0.0,-2.982916818838436,-0.8330544870867213,1.8278520217069085,-0.7430294536122921,0.0,0.0,-1.1756902000916125,-0.9300599329588521,3.0060992249777003,0.6293533876851499,0.0,0.0
7.644999999998483,-2.977576425982604,0.7634276463665369,1.3841816099316666,0.8396181482900519,0.0,0.0,-2.98707925300355,-0.8318395507023273,1.8240752858527487,-0.7678155670237374,0.0,0.0,-1.180344321013793,-0.931588095664195,3.009243104215414,0.6281974187336634,0.0,0.0
7.64999999999848,-2.9737595228773395,0.7632447320171432,1.3884464483407526,0.8664776561493139,0.0,0.0,-2.9912343993676007,-0.8301304694715532,1.8201723611615317,-0.7935138528466847,0.0,0.0,-1.1850060777550075,-0.9331142625455753,3.0123811904975444,0.6270361966973488,0.0,0.0
7.654999999998477,-2.9699448887286612,0.762510010444696,1.3928479892569212,0.8943086719434833,0.0,0.0,-2.995379650904095,-0.8278715639930202,1.8161385533144143,-0.8201783411527985,0.0,0.0,-1.189675460367191,-0.9346384464516613,3.0155134574284927,0.6258696692092929,0.0,0.0
7.659999999998474,-2.966135436706462,0.7611604928138076,1.397391233547555,0.9231692190325637,0.0,0.0,-2.9995121043205275,-0.8249998299754713,1.8119688881058589,-0.8478670011623042,0.0,0.0,-1.1943524589729568,-0.9361606628383219,3.0186398783464146,0.6246977821297184,0.0,0.0
7.6649999999984715,-2.9623344155401434,0.7591247356684603,1.402081482592451,0.9531215230596813,0.0,0.0,-3.003628520680669,-0.8214438056970245,1.8076580910931412,-0.8766420025583191,0.0,0.0,-1.1990370637791332,-0.937680929971421,3.0217604263142355,0.6235204794986158,0.0,0.0
7.669999999998469,-2.958545455032467,0.7563215072540196,1.4069243599331598,0.9842322646700908,0.0,0.0,-3.007725279876124,-0.8171222381068881,1.8032005659562267,-0.906569968163665,0.0,0.0,-1.2037292650913551,-0.9391992691471164,3.0248750741104415,0.6223377034935516,0.0,0.0
7.674999999998466,-2.9547726188262047,0.7526582126313561,1.4119258341376664,1.01657281020569,0.0,0.0,-3.0117983278439335,-0.811942507700166,1.798590371642486,-0.9377222046003345,0.0,0.0,-1.208429053329807,-0.9407157049311748,3.027983794219676,0.6211493943946221,0.0,0.0
7.679999999998463,-2.9510204657464287,0.7480290292929704,1.4170922427247692,1.0502194009571062,0.0,0.0,-3.0158431152073057,-0.8057987638740971,1.793821198451876,-0.9701748915161589,0.0,0.0,-1.2131364190462108,-0.9422302654188582,3.0310865588231835,0.6199554905590301,0.0,0.0
7.68499999999846,-2.947294121307358,0.7423126948113771,1.4224303168755017,1.0852532731119973,0.0,0.0,-3.019854525750418,-0.7985697122943999,1.7888863433351694,-1.0040092015204198,0.0,0.0,-1.2178513529421684,-0.9437429825169623,3.034183339789157,0.6187559284083997,0.0,0.0
7.689999999998458,-2.9435993612946754,0.7353698758268669,1.4279472064918102,1.121760668735482,0.0,0.0,-3.023826792816295,-0.7901159835772998,1.7837786848449528,-1.0393113111682557,0.0,0.0,-1.222573845888974,-0.9452538922495525,3.0372741086630644,0.6175506424327506,0.0,0.0
7.694999999998455,-2.93994270972297,0.7270400331533832,1.433650504925485,1.1598326816231264,0.0,0.0,-3.0277534013279577,-0.7802769980645524,1.7784906584163003,-1.0761722468391985,0.0,0.0,-1.2273038889490169,-0.9467630350888157,3.0403588366580423,0.6163395652160488,0.0,0.0
7.699999999998452,-2.936331553935521,0.7171376807803975,1.4395482723651774,1.1995648588106345,0.0,0.0,-3.0316269726655216,-0.7688672244681855,1.7730142329891654,-1.1146874863001757,0.0,0.0,-1.2320414733989014,-0.9482704563121963,3.0434374946454845,0.6151226274895174,0.0,0.0
7.704999999998449,-2.9327742801723105,0.7054479171335596,1.4456490563972626,1.2410564462936218,0.0,0.0,-3.0354391290732083,-0.7556717107470036,1.7673408904565788,-1.154956204514133,0.0,0.0,-1.2367865907544244,-0.9497762063865403,3.046510053145986,0.6138997582204885,0.0,0.0
7.7099999999984465,-2.929280433593026,0.6917210856459034,1.4519619075928365,1.2844091224589684,0.0,0.0,-3.039180333609379,-0.7404407442666403,1.7614616100861566,-1.1970800072055447,0.0,0.0,-1.2415392327975383,-0.9512803413792471,3.0495764823208336,0.6126708847465528,0.0,0.0
7.714999999998444,-2.9258609075113444,0.6756663998750423,1.4584963870422252,1.3297249997959002,0.0,0.0,-3.042839700883163,-0.7228834764797004,1.7553668609932866,-1.2411609327632143,0.0,0.0,-1.2462993916054355,-0.9527829233953262,3.0526367519643145,0.6114359329672905,0.0,0.0
7.719999999998441,-2.9225281674709893,0.6569443490515878,1.4652625614541366,1.3771035876822304,0.0,0.0,-3.0464047729470756,-0.7026603280140263,1.7490466070485415,-1.2872984152912386,0.0,0.0,-1.251067059581878,-0.9542840210375457,3.0556908314971483,0.6101948276089845,0.0,0.0
7.724999999998438,-2.9192965167476985,0.6351576888151059,1.4722709796124216,1.426637287005065,0.0,0.0,-3.049861253761371,-0.6793739789307096,1.742490330425934,-1.335584779586744,0.0,0.0,-1.255842229490874,-0.955783709884381,3.058738689961471,0.6089474925816559,0.0,0.0
7.7299999999984355,-2.916182410829507,0.6098408295353712,1.4795326214382751,1.4784048186198815,0.0,0.0,-3.0531926946776626,-0.6525587565585516,1.7356870825436685,-1.386098670072505,0.0,0.0,-1.2606248944927747,-0.9572820729768047,3.0617802960178824,0.607693851452601,0.0,0.0
7.734999999998433,-2.913204829274511,0.5804474796775246,1.487058807367906,1.5324617563766796,0.0,0.0,-3.0563801225426386,-0.6216682783778017,1.728625574686707,-1.4388955844432856,0.0,0.0,-1.2654150481827942,-0.9587792012997083,3.064815617945214,0.6064338280665847,0.0,0.0
7.73999999999843,-2.9103857138104736,0.5463365162231599,1.4948610508669518,1.5888270230320012,0.0,0.0,-3.0594016015575867,-0.5860613219869474,1.7212943254890396,-1.4939943703820806,0.0,0.0,-1.2702126846318833,-0.960275194236198,3.067844623643835,0.6051673473500572,0.0,0.0
7.744999999998427,-2.907750481153765,0.5067562920230405,1.5029508302096632,1.647463795052227,0.0,0.0,-3.0622317204164373,-0.5449861320606654,1.7136818891466175,-1.551358131397536,0.0,0.0,-1.2750177984297415,-0.9617701599623609,3.0708672806435455,0.6038943363452863,0.0,0.0
7.749999999998424,-2.905328616967524,0.4608280391029801,1.5113392466191047,1.7082527385935167,0.0,0.0,-3.0648409983028593,-0.4975638233678015,1.7057771972634088,-1.6108674641235072,0.0,0.0,-1.279830384729559,-0.9632642157351646,3.073883556117313,0.6026147255299686,0.0,0.0
7.754999999998422,-2.9031543522720957,0.4075298265720436,1.5200365239536677,1.7709548768444892,0.0,0.0,-3.0671952084340495,-0.4427723385665128,1.697570059143694,-1.6722833273326903,0.0,0.0,-1.2846504392937965,-0.964757488005517,3.0768934169024647,0.6013284504881797,0.0,0.0
7.759999999998419,-2.90126741322079,0.345683892232778,1.5290512899904882,1.8351607423248073,0.0,0.0,-3.06925462823925,-0.3794337799722485,1.6890518804780716,-1.735196196332929,0.0,0.0,-1.2894779585399019,-0.9662501122605156,3.0798968295312656,0.6000354540081004,0.0,0.0
7.764999999998416,-2.8997138159547924,0.27395238356356694,1.5383895613112855,1.900222002000378,0.0,0.0,-3.07097324446086,-0.30621015110168853,1.6802166784153174,-1.7989576906885179,0.0,0.0,-1.2943129395842905,-0.9677422324618644,3.0828937602732234,0.598735688688119,0.0,0.0
7.769999999998413,-2.898546645083121,0.1908499779387656,1.5480533347564454,1.965161921091152,0.0,0.0,-3.0722979746346724,-0.22161597803841482,1.671062490051529,-1.8625910412219215,0.0,0.0,-1.2991553802821494,-0.969233999900337,3.085884175191851,0.5974291201307506,0.0,0.0
7.7749999999984105,-2.897826700258588,0.09478681639713146,1.558038673651299,2.0285627733863008,0.0,0.0,-3.0731680204817797,-0.12406124516713216,1.6615932861295082,-1.9246785041710384,0.0,0.0,-1.3040052792595747,-0.9707255712299853,3.0888680402190176,0.5961157307847189,0.0,0.0
7.779999999998408,-2.897622812594128,-0.01583839790951026,1.5683331780672254,2.0884332423892777,0.0,0.0,-3.0735145514725857,-0.011944496704262283,1.651821500682441,-1.983228766835206,0.0,0.0,-1.308862635933229,-0.9722171053862132,3.0918453212501578,0.5947955244459093,0.0,0.0
7.784999999998405,-2.8980115164008415,-0.14246866591525859,1.5789127671123233,2.1420694800642095,0.0,0.0,-3.073261033088012,0.11617742495891999,1.6417712486240208,-2.035538011392078,0.0,0.0,-1.3137274505110892,-0.9737087590436468,3.0948159842634797,0.5934685313278493,0.0,0.0
7.789999999998402,-2.899075619047112,-0.28611288257107875,1.5897378134349784,2.1859427053612333,0.0,0.0,-3.0723246569867317,0.2613135628345968,1.6314821910993935,-2.0780775187984446,0.0,0.0,-1.3185997239660987,-0.9752006802635034,3.0977799954654515,0.5921348134371921,0.0,0.0
7.794999999998399,-2.900901079433576,-0.44694350659868776,1.6007489032957414,2.2156752398730037,0.0,0.0,-3.070619462593421,0.4236365066674375,1.6210137752411948,-2.1064697095905545,0.0,0.0,-1.3234794579729465,-0.9766930000687349,3.1007373214628866,0.5907944697175328,0.0,0.0
7.799999999998397,-2.9035715751467994,-0.623781577600143,1.6118628889119173,2.2261999327177904,0.0,0.0,-3.0680617700556905,0.6019673995442895,1.6104491816295279,-2.115647572774895,0.0,0.0,-1.3283666547974535,-0.9781858219441312,3.1036879294583772,0.589447640057087,0.0,0.0
7.804999999998394,-2.90716037147033,-0.8135554736623256,1.622970429140893,2.2122139644389094,0.0,0.0,-3.0645783114004446,0.793234683427288,1.5998977833986348,-2.1003084712932116,0.0,0.0,-1.333261317129168,-0.9796792097649473,3.1066317874602944,0.5880945068542842,0.0,0.0
7.809999999998391,-2.9117197926871152,-1.0109248476628807,1.6339367001951624,2.1689962996710763,0.0,0.0,-3.060116759460696,0.9920980230914838,1.5894944353134013,-2.05573159223909,0.0,0.0,-1.3381634478521318,-0.9811731754285876,3.1095688644912576,0.5867352925679956,0.0,0.0
7.814999999998388,-2.9172697935146705,-1.2083460216439605,1.644606997505052,2.093516610212166,0.0,0.0,-3.0546571567278993,1.1910136899952057,1.5793938717235194,-1.9788868620408422,0.0,0.0,-1.3430730497573724,-0.9826676683512284,3.112499130771249,0.5853702518286593,0.0,0.0
7.819999999998386,-2.9237884855542053,-1.3968139917762354,1.6548180412632267,1.985537306154992,0.0,0.0,-3.0482213892324843,1.3809765613726845,1.569759400890383,-1.8695369636981851,0.0,0.0,-1.3479901252132522,-0.9841625695964331,3.1154225578462102,0.5839996575431761,0.0,0.0
7.824999999998383,-2.931208110588192,-1.5672644782374618,1.664413799186202,1.8482335265150107,0.0,0.0,-3.0408772135882565,1.5529221714014827,1.5607470821797356,-1.7308573085362653,0.0,0.0,-1.3529146758234933,-0.985657693164004,3.118339118633882,0.5826237820212373,0.0,0.0
7.82999999999838,-2.939418921005311,-1.7122372858475878,1.6732623138467297,1.6879324070217352,0.0,0.0,-3.032734376882355,1.6993900813848106,1.5524888987846626,-1.5691752830045618,0.0,0.0,-1.3578467021122766,-0.9871527955372059,3.1212487873684265,0.5812428759828093,0.0,0.0
7.834999999998377,-2.948280718604024,-1.8271686561044493,1.6812688966057616,1.5129615687704736,0.0,0.0,-3.023933078120141,1.8158162484094917,1.5450795639510526,-1.3928187181990113,0.0,0.0,-1.3627862032757787,-0.9886475923050257,3.1241515394430053,0.579857149428521,0.0,0.0
7.8399999999983745,-2.957638849363919,-1.9108336265328167,1.6883821957512573,1.3320537738940086,0.0,0.0,-3.014627973607993,1.9009754051305656,1.5385704530793936,-1.2105205318930012,0.0,0.0,-1.3677331770280325,-0.9901417785977324,3.1270473511691685,0.5784667579989763,0.0,0.0
7.844999999998372,-2.9673401168076,-1.964906055525987,1.694592481508318,1.1529261025327,0.0,0.0,-3.004972263642321,1.956541104801068,1.5329713190053293,-1.0299978992465137,0.0,0.0,-1.3726876195500224,-0.9916350492750647,3.129936199486172,0.5770717967137967,0.0,0.0
7.849999999998369,-2.9772449851020784,-1.992993179196568,1.6999241919597672,0.9814441393604224,0.0,0.0,-2.9951054893659546,1.9861202947517391,1.528257746382788,-0.8571164401726968,0.0,0.0,-1.3776495255319106,-0.9931271155551539,3.132818061657264,0.5756723008122573,0.0,0.0
7.854999999998366,-2.9872345956158366,-1.9995948907018075,1.7044259368825585,0.8214226925847651,0.0,0.0,-2.9851465160984283,1.9942126071210557,1.5243811481329632,-0.6956909444371142,0.0,0.0,-1.3826188882856785,-0.9946177164192309,3.1356929149842974,0.5742682518523321,0.0,0.0
7.859999999998363,-2.997213059621216,-1.9892872990842234,1.7081607185071777,0.674868919911863,0.0,0.0,-2.9751912404773706,1.9853939238269525,1.5212785449315893,-0.5477285066129918,0.0,0.0,-1.3875956999013572,-0.9961066247427116,3.138560736561052,0.5728595867011111,0.0,0.0
7.864999999998361,-3.007106459262134,-1.9662236839071634,1.7111979511571402,0.5424202161520736,0.0,0.0,-2.965313589315196,1.9638173330257902,1.5188805457683408,-0.41386642350885805,0.0,0.0,-1.3925799514226136,-0.9975936491186097,3.1414215030743375,0.5714462073567669,0.0,0.0
7.869999999998358,-3.0168600731020616,-1.9339096229029744,1.7136077599424835,0.42379510297371503,0.0,0.0,-2.95556829387447,1.9329882555930173,1.51711704940409,-0.29382309318851196,0.0,0.0,-1.3975716330234111,-0.9990786326900257,3.1442751906532456,0.5700279902147793,0.0,0.0
7.874999999998355,-3.0264349753468798,-1.895161409349516,1.71545736104563,0.3181662554941566,0.0,0.0,-2.9459942904791134,1.8957228595630753,1.5159208641924562,-0.18677104955066495,0.0,0.0,-1.4025707341739486,-1.0005614502135423,3.1471217747617324,0.5686047940564911,0.0,0.0
7.879999999998352,-3.035804705814117,-1.8521636318269499,1.716809052569844,0.22443139240515175,0.0,0.0,-2.9366180503963264,1.8542056361149704,1.5152297173025893,-0.09160785893069859,0.0,0.0,-1.4075772437894984,-1.0020420042880027,3.149961230127386,0.5671764665255299,0.0,0.0
7.8849999999983496,-3.0449523484445344,-1.8065673417992014,1.7177193216442739,0.1413921053352858,0.0,0.0,-2.927456501195749,1.8100875631726694,1.5149871476566783,-0.00713495448201001,0.0,0.0,-1.4125911503596582,-1.0035202213734513,3.1527935306988666,0.5657428491467075,0.0,0.0
7.889999999998347,-3.0538681275311332,-1.7595949500614125,1.7182386599849775,0.06786231543723802,0.0,0.0,-2.9185194304108206,1.764590998032355,1.5151426903896508,0.06783390348397532,0.0,0.0,-1.4176124420579876,-1.0049960479709246,3.1556186496251906,0.5643037810787701,0.0,0.0
7.894999999998344,-3.0625475086207747,-1.7121354954436614,1.7184117914892005,0.0027279963505398475,0.0,0.0,-2.9098113845458,1.7186049425974077,1.5156516492595384,0.13441290181558196,0.0,0.0,-1.4226411068333666,-1.0064694471537288,3.15843655925108,0.5628591018338616,0.0,0.0
7.899999999998341,-3.0709897379043802,-1.6648243400347573,1.7182781135832568,-0.05502454058480814,0.0,0.0,-2.901333129610494,1.6727647355603001,1.5164746552927506,0.19361588739716576,0.0,0.0,-1.4276771324850683,-1.007940395525525,3.161247231123812,0.5614086531876259,0.0,0.0
7.9049999999983385,-3.0791967393041726,-1.6181067246279093,1.7178722280007201,-0.10629944433357844,0.0,0.0,-2.8930827539720614,1.627515605241044,1.5175771359911072,0.2463471638602639,0.0,0.0,-1.4327205067237097,-1.009408880613117,3.1640506360079925,0.5599522804732981,0.0,0.0
7.909999999998336,-3.0871722924541176,-1.5722869708568814,1.717224487656198,-0.15189298025645767,0.0,0.0,-2.8850564903256233,1.5831618695229719,1.518928768438021,0.29340314683952773,0.0,0.0,-1.437771217220203,-1.010874898666072,3.1668467439056003,0.5584898334169138,0.0,0.0
7.914999999998333,-3.094921426012867,-1.5275658532521739,1.7163615193904613,-0.19250084212273133,0.0,0.0,-2.877249322342444,1.5399043060714825,1.5205029565300356,0.3354796754861205,0.0,0.0,-1.4428292516446324,-1.0123384528192898,3.1696355240793226,0.5570211666365947,0.0,0.0
7.91999999999833,-3.1024499734958693,-1.4840686353411792,1.715306702878345,-0.2287279713563362,0.0,0.0,-2.869655428807324,1.4978681869110981,1.5222763520437348,0.3731818314565452,0.0,0.0,-1.4478945976967492,-1.0137995515699,3.1724169450777397,0.555546139899775,0.0,0.0
7.924999999998327,-3.1097642505180216,-1.4418659305183632,1.7140805981574119,-0.2610990628631928,0.0,0.0,-2.8622685063523807,1.4571241380396216,1.5242284270810582,0.4070344446543851,0.0,0.0,-1.4529672431295388,-1.015258207521239,3.1751909747613487,0.5540646182087914,0.0,0.0
7.929999999998325,-3.1168708221222996,-1.4009891389694404,1.7127013210973647,-0.2900687646506032,0.0,0.0,-2.855082002110556,1.4177035753203877,1.5263410985737553,0.43749229288356195,0.0,0.0,-1.4580471757670852,-1.0167144363509273,3.1779575803286977,0.552576471767025,0.0,0.0
7.934999999998322,-3.123776336642461,-1.361441826969163,1.7111848697343686,-0.3160310782610427,0.0,0.0,-2.8480892798397237,1.3796100829346398,1.5285984019233223,0.4649495023971436,0.0,0.0,-1.4631343835177562,-1.0181682559654561,3.180716728342127,0.5510815758638827,0.0,0.0
7.939999999998319,-3.130487408539489,-1.3232080901659307,1.7095454060608004,-0.3393277589341597,0.0,0.0,-2.8412837370768877,1.3428277759750877,1.5309862091862192,0.4897479482276493,0.0,0.0,-1.4682288543835627,-1.0196196858091362,3.183468384752799,0.5495798107064938,0.0,0.0
7.944999999998316,-3.1370105371853696,-1.2862586836484289,1.7077954984156154,-0.36025567795516034,0.0,0.0,-2.8346588863481825,1.3073274299488482,1.5334919866594119,0.5121846167369123,0.0,0.0,-1.4733305764663873,-1.021068746300398,3.1862125149247906,0.5480710612182313,0.0,0.0
7.9499999999983135,-3.143352051959622,-1.2505555019422236,1.7059463295678912,-0.3790731958040589,0.0,0.0,-2.8282084100686493,1.2730709603151704,1.5361045867737924,0.532517978985583,0.0,0.0,-1.4784395379716682,-1.022515458372925,3.188949083658134,0.5465552168184594,0.0,0.0
7.954999999998311,-3.149518076543975,-1.2160548411169616,1.7040078752270171,-0.3960056353504071,0.0,0.0,-2.8219261962459523,1.240014684219981,1.5388140695620767,0.5509734641566875,0.0,0.0,-1.483555727210011,-1.023959843102998,3.1916780552107236,0.5450321711937033,0.0,0.0
7.959999999998308,-3.155514507165361,-1.1827097624172824,1.7019890572220882,-0.4112499589880751,0.0,0.0,-2.815806360237459,1.20811168382501,1.541611549458653,0.5677481369206948,0.0,0.0,-1.4886791325971198,-1.025401921407707,3.1943993933190757,0.5435018220673636,0.0,0.0
7.964999999998305,-3.161347000914726,-1.1504717932159763,1.6998978750681808,-0.42497875405865565,0.0,0.0,-2.8098432564328433,1.1773135070174046,1.5444890637136912,0.583014683085767,0.0,0.0,-1.493809742652369,-1.026841713801408,3.197113061217945,0.5419640709728716,0.0,0.0
7.969999999998302,-3.167020971285842,-1.1192921393469808,1.6977415191303338,-0.4373436241443427,0.0,0.0,-2.8040314827178117,1.1475713795470728,1.5474394592106648,0.5969248011107849,0.0,0.0,-1.4989475459962847,-1.0282792402000722,3.1998190216588176,0.5404188230335405,0.0,0.0
7.9749999999983,-3.172541588828892,-1.0891225373769646,1.6955264681322681,-0.4484780738560166,0.0,0.0,-2.7983658798239026,1.118837057142002,1.5504562949402148,0.6096120871047874,0.0,0.0,-1.504092531347144,-1.029714519765018,3.202517236927333,0.5388659867512119,0.0,0.0
7.979999999998297,-3.177913785368323,-1.0599158418614631,1.6932585733458783,-0.45849996386006897,0.0,0.0,-2.7928415271147338,1.091063412640529,1.5535337577942732,0.621194490055103,0.0,0.0,-1.5092446875168815,-1.0311475707790465,3.2052076688596647,0.5373054738049488,0.0,0.0
7.984999999998294,-3.183142260644713,-1.0316264179348478,1.690943131440606,-0.46751360228314404,0.0,0.0,-2.7874537359487825,1.0642048284841146,1.5566665897012837,0.6317764034227009,0.0,0.0,-1.5144040034064419,-1.0325784105492464,3.2078902788579264,0.5357371988604259,0.0,0.0
7.989999999998291,-3.18823149054426,-1.0042103913620366,1.688584947665889,-0.47561152889533076,0.0,0.0,-2.7821980414549707,1.0382174466938021,1.5598500244292752,0.6414504495050631,0.0,0.0,-1.5195704680007072,-1.0340070553317449,3.210565027904652,0.5341610793902506,0.0,0.0
7.994999999998289,-3.193185736304765,-0.9776257947144731,1.686188390779957,-0.48287603983509086,0.0,0.0,-2.7770701933320834,1.0130593149890128,1.563079732643456,0.6502990043299233,0.0,0.0,-1.5247440703630892,-1.035433520274519,3.213231876576403,0.5325770355051517,0.0,0.0
7.999999999998286,-3.1980090542540807,-0.9518326383637271,1.683757440918649,-0.4893804931452665,0.0,0.0,-2.7720661461159763,0.988690457738824,1.566351774024607,0.6583955033494754,0.0,0.0,-1.5299247996298797,-1.0368578193750762,3.2158907850565606,0.5309849897957747,0.0,0.0
8.004999999998292,-3.2027053057610644,-0.9267929275910477,1.6812957314130363,-0.4951904289803534,0.0,0.0,-2.767182049234455,0.9650728930414121,1.569662555439432,0.6658055617956359,0.0,0.0,-1.5351126450044166,-1.0382799654503432,3.218541713147348,0.529384867184701,0.0,0.0
8.009999999998298,-3.207278167171118,-0.9024706416150835,1.6788065854093055,-0.5003645329160338,0.0,0.0,-2.7624142370776914,0.9421706117316987,1.5730087943093665,0.6725879381278097,0.0,0.0,-1.5403075957511274,-1.0396999701165937,3.2211846202811434,0.5277765947882078,0.0,0.0
8.014999999998304,-3.2117311395666777,-0.8788316862478598,1.6762930480139582,-0.5049554662219685,0.0,0.0,-2.7577592192437654,0.9199495300254731,1.5763874864547358,0.6787953644346906,0.0,0.0,-1.5455096411894933,-1.0411178437775914,3.223819465531122,0.5261601017872617,0.0,0.0
8.01999999999831,-3.2160675582435627,-0.8558438288374636,1.6737579145779495,-0.5090105831279176,0.0,0.0,-2.753213671068403,0.8983774244569495,1.579795877800595,0.6844752638206931,0.0,0.0,-1.5507187706879715,-1.042533595619464,3.226446207621271,0.5245353193072084,0.0,0.0
8.024999999998316,-3.2202906018313824,-0.8334766218772061,1.6712037556414934,-0.5125725519098966,0.0,0.0,-2.7487744245106502,0.8774238554882813,1.5832314394224873,0.689670371604269,0.0,0.0,-1.5559349736579042,-1.0439472336110542,3.229064804935834,0.522902180305612,0.0,0.0
8.029999999998322,-3.2244033010136683,-0.8117013199579749,1.6686329389840147,-0.515679893948129,0.0,0.0,-2.744438459438823,0.8570600844667149,1.586691845487596,0.6944192744803934,0.0,0.0,-1.561158239547445,-1.04535876450872,3.2316752155282034,0.5212606194677205,0.0,0.0
8.034999999998329,-3.2284085468234047,-0.7904907934670343,1.66604764915873,-0.5183674526759057,0.0,0.0,-2.7402028953410165,0.8372589873317845,1.59017495371177,0.6987568795668511,0.0,0.0,-1.566388557835515,-1.0467681938647304,3.2342773971293144,0.51961057310904,0.0,0.0
8.039999999998335,-3.2323090985041767,-0.7698194414844306,1.6634499048365374,-0.520666802474685,0.0,0.0,-2.7360649834699506,0.8179949675229906,1.593678788007714,0.702714823390142,0.0,0.0,-1.5716259180258085,-1.04817552603854,3.2368713071555626,0.5179519790845284,0.0,0.0
8.04499999999834,-3.236107590937526,-0.7496631056168632,1.660841574237636,-0.5226066060138784,0.0,0.0,-2.7320220994215463,0.7992438698272303,1.5972015230458843,0.7063218293099228,0.0,0.0,-1.5768703096408632,-1.0495807642103472,3.2394569027162934,0.5162847767039414,0.0,0.0
8.049999999998347,-3.2398065416444277,-0.7299989859783593,1.6582243888901573,-0.5242129272319077,0.0,0.0,-2.7280717361393063,0.7809828963748321,1.6007414704887848,0.7096040205790007,0.0,0.0,-1.582121722216201,-1.0509839103964527,3.2420341406208726,0.514608906652892,0.0,0.0
8.054999999998353,-3.24340835737379,-0.7108055601324499,1.6555999559219081,-0.5255095060650274,0.0,0.0,-2.724211497331595,0.7631905255984684,1.6042970666925296,0.712585195145794,0.0,0.0,-1.5873801452945495,-1.0523849654659987,3.2446029773853775,0.5129243109192185,0.0,0.0
8.05999999999836,-3.246915340294208,-0.6920625055181504,1.6529697690631542,-0.5265180001162917,0.0,0.0,-2.7204390912855745,0.7458464346769259,1.607866861697723,0.7152870673920091,0.0,0.0,-1.5926455684201524,-1.0537839291587563,3.247163369238938,0.5112309327242671,0.0,0.0
8.064999999998365,-3.2503296938072297,-0.6737506256666086,1.6503352185143818,-0.5272581976891341,0.0,0.0,-2.7167523250595393,0.7289314257703021,1.6114495093556924,0.7177294812303753,0.0,0.0,-1.5979179811331652,-1.055180800103674,3.2497152721297407,0.5095287164587432,0.0,0.0
8.069999999998371,-3.2536535280015184,-0.6558517803578277,1.6476975998125147,-0.5277482059637972,0.0,0.0,-2.713149099034263,0.7124273561958056,1.6150437584565758,0.7199305983409918,0.0,0.0,-1.6031973729641527,-1.0565755758379582,3.252258641730724,0.50781760762279,0.0,0.0
8.074999999998377,-3.256888864767743,-0.6383488197530002,1.6450581218115818,-0.5280046175499465,0.0,0.0,-2.709627401803515,0.6963170725795034,1.618648444743249,0.7219070647799362,0.0,0.0,-1.6084837334286743,-1.0579682528264835,3.2547934334449837,0.5060975527699952,0.0,0.0
8.079999999998384,-3.2600376425939888,-0.6212255224569015,1.6424179138788375,-0.5280426581884458,0.0,0.0,-2.706185305383969,0.680584348938306,1.6222624837100699,0.723674158733393,0.0,0.0,-1.6137770520219759,-1.059358826481384,3.2573196024109072,0.5043684994550383,0.0,0.0
8.08499999999839,-3.263101721061098,-0.6044665374083034,1.6397780323944824,-0.5278763179855493,0.0,0.0,-2.7028209607250635,0.6652138285900128,1.6258848640982764,0.725245921800824,0.0,0.0,-1.6190773182137712,-1.06074729118169,3.259837103507056,0.5026303961847104,0.0,0.0
8.089999999998396,-3.2660828850567585,-0.5880573294582322,1.637139466632057,-0.5275184682321532,0.0,0.0,-2.699532593500047,0.6501909697511425,1.6295146420109476,0.7266352758600615,0.0,0.0,-1.6243845214431276,-1.062133640292891,3.2623458913568095,0.5008831923720768,0.0,0.0
8.094999999998402,-3.2689828487263504,-0.5719841284714727,1.6345031440870492,-0.5269809655797156,0.0,0.0,-2.696318500160136,0.635501994657858,1.6331509355799743,0.7278541272861595,0.0,0.0,-1.6296986511134464,-1.0635178661863658,3.2648459203327898,0.49912683829354093,0.0,0.0
8.099999999998408,-3.271803259177754,-0.5562338817723891,1.6318699353130046,-0.5262747451050553,0.0,0.0,-2.6931770442346386,0.6211338420309843,1.6367929201257334,0.7289134600564233,0.0,0.0,-1.6350196965875403,-1.0648999602585763,3.2673371445610746,0.497361285048617,0.0,0.0
8.104999999998414,-3.274545699956353,-0.5407942097492496,1.6292406583172931,-0.5254099035919,0.0,0.0,-2.690106652860773,0.6070741226992558,1.640439823757301,0.7298234190696742,0.0,0.0,-1.6403476471828071,-1.0662799129499878,3.269819517925218,0.49558648452221093,0.0,0.0
8.10999999999842,-3.277211694305569,-0.5256533644297283,1.626616082562505,-0.524395774182264,0.0,0.0,-2.6871058135278694,0.593311078193416,1.644090923367218,0.7305933848330125,0.0,0.0,-1.6456824921664948,-1.0676577137636687,3.2722929940700887,0.4938023893492366,0.0,0.0
8.114999999998426,-3.279802708227319,-0.5108001908425978,1.62399693261405,-0.5232409934009329,0.0,0.0,-2.6841730710215517,0.579833542126146,1.6477455409802266,0.7312320405195146,0.0,0.0,-1.6510242207510608,-1.0690333512835288,3.274757526405535,0.4920089528814031,0.0,0.0
8.119999999998432,-3.282320153355871,-0.4962240909856395,1.6213838914698644,-0.5219535614276801,0.0,0.0,-2.681307024554438,0.5666309041778332,1.6514030404200568,0.7317474322716405,0.0,0.0,-1.6563728220896219,-1.070406813192173,3.2772130681098908,0.49020612915602413,0.0,0.0
8.124999999998439,-3.2847653896576916,-0.481914990226628,1.6187776036040298,-0.52054089638112,0.0,0.0,-2.6785063250707477,0.5536930765150013,1.655062824262453,0.7321470235143971,0.0,0.0,-1.6617282852714914,-1.0717780862883521,3.2796595721333297,0.4883938728667071,0.0,0.0
8.129999999998445,-3.2871397279690373,-0.46786330597223474,1.6161786777525382,-0.5190098832826529,0.0,0.0,-2.675769672713092,0.5410104624762447,1.6587243310461983,0.7324377439468414,0.0,0.0,-1.6670905993178011,-1.0731471565039887,3.282096991201076,0.48657213933579563,0.0,0.0
8.13499999999845,-3.2894444323822376,-0.4540599184483511,1.6135876894663082,-0.5173669182864908,0.0,0.0,-2.6730958144404826,0.5285739273691513,1.6623870327170212,0.7326260337980288,0.0,0.0,-1.672459753177211,-1.0745140089207785,3.284525277816483,0.48474088448844665,0.0,0.0
8.139999999998457,-3.291680722490843,-0.4404961434443194,1.6110051834537982,-0.5156179486903776,0.0,0.0,-2.670483541787391,0.516374771230699,1.6660504322820264,0.732717883862132,0.0,0.0,-1.6778357357216962,-1.0758786277863583,3.2869443842639874,0.48290006482823017,0.0,0.0
8.144999999998463,-3.2938497755031246,-0.4271637068825977,1.6084316757331676,-0.5137685091797188,0.0,0.0,-2.6679316887543867,0.5044047034126502,1.6697140616547037,0.7327188717655515,0.0,0.0,-1.6832185357424192,-1.0772409965300314,3.289354262611941,0.4810496374141522,0.0,0.0
8.14999999999847,-3.295952728232704,-0.4140547210843028,1.6058676556117946,-0.5118237547040805,0.0,0.0,-2.6654391298215523,0.4926558188623882,1.6733774796726832,0.7326341948650611,0.0,0.0,-1.6886081419456735,-1.0786010977780636,3.291754864715334,0.47918955983900435,0.0,0.0
8.154999999998475,-3.297990678974505,-0.40116166260974523,1.603313587509091,-0.5097884903382043,0.0,0.0,-2.663004778076516,0.4811205759783112,1.6770402702723082,0.7324687001292339,0.0,0.0,-1.6940045429489088,-1.079958913368545,3.294146142218412,0.47731979020895543,0.0,0.0
8.159999999998481,-3.2999646892736076,-0.38847735156138635,1.6007699126368942,-0.5076671984389023,0.0,0.0,-2.660627583449499,0.4697917759272225,1.680702040805721,0.7322269113145863,0.0,0.0,-1.6994077272768238,-1.0813144243658153,3.2965280465571962,0.47544028712430114,0.0,0.0
8.164999999998487,-3.3018757855940573,-0.37599493224459074,1.598237050550259,-0.5054640633735502,0.0,0.0,-2.6583065310483396,0.4586625433190905,1.684362420487647,0.7319130537122364,0.0,0.0,-1.7048176833575333,-1.082667611074479,3.2989005289619047,0.47355100966129926,0.0,0.0
8.169999999998494,-3.3037249608941632,-0.3637078550890357,1.5957154005801637,-0.5031829940647363,0.0,0.0,-2.6560406395869616,0.44772630814205294,1.6880210589603546,0.7315310767097027,0.0,0.0,-1.7102343995188054,-1.0840184530529966,3.3012635404592916,0.4716519173550192,0.0,0.0
8.1749999999985,-3.3055131761143732,-0.35160985974071024,1.5932053431584943,-0.5008276445682934,0.0,0.0,-2.6538289599011953,0.43697678886760105,1.6916776249664143,0.731084674385136,0.0,0.0,-1.7156578639843616,-1.0853669291268697,3.303617031874901,0.46974297018314265,0.0,0.0
8.179999999998506,-3.3072413615833565,-0.33969495924104387,1.590707241044652,-0.49840143287797767,0.0,0.0,-2.651670573546327,0.4264079766424981,1.6953318051199182,0.7305773043273093,0.0,0.0,-1.7210880648702456,-1.0867130174014332,3.3059609538352395,0.4678241285506541,0.0,0.0
8.184999999998512,-3.3089104183475415,-0.3279574252158882,1.5882214404622088,-0.49590755812896814,0.0,0.0,-2.6495645914711345,0.41601412049015946,1.6989833027677264,0.7300122048535889,0.0,0.0,-1.726524990181253,-1.0880566952742505,3.3082952567698753,0.4658953532753656,0.0,0.0
8.189999999998518,-3.31052121942897,-0.3163917740028218,1.585748272153224,-0.49334901635380285,0.0,0.0,-2.647510152763536,0.4057897134499785,1.7026318369331168,0.7293924107795648,0.0,0.0,-1.7319686278074224,-1.0893979394471363,3.3106198909134688,0.4639566055742249,0.0,0.0
8.194999999998524,-3.3120746110159986,-0.3049927536505959,1.5832880523571167,-0.4907286149280008,0.0,0.0,-2.6455064234633427,0.39572947958842297,1.7062771413349545,0.7287207678776301,0.0,0.0,-1.7374189655205876,-1.0907367259378071,3.3129348063077386,0.4620078470503576,0.0,0.0
8.19999999999853,-3.3135714135910477,-0.29375533172949403,1.5808410837203215,-0.48804898582815703,0.0,0.0,-2.6435525954379004,0.3858283618206876,1.7099189634761316,0.7279999461473446,0.0,0.0,-1.7428759909709823,-1.092073030091173,3.3152399528033563,0.46004903968079947,0.0,0.0
8.204999999998536,-3.315012422999309,-0.2826746838959691,1.5784076561423985,-0.4853125978125172,0.0,0.0,-2.6416478853167145,0.3760815104862746,1.71355706379562,0.7272324520076292,0.0,0.0,-1.748339691683907,-1.0934068265902845,3.3175352800617905,0.45808014580487494,0.0,0.0
8.209999999998542,-3.3163984114620617,-0.2717461831591636,1.5759880475637225,-0.4825217676227043,0.0,0.0,-2.6397915334814255,0.3664842726261198,1.7171912148789967,0.7264206395095055,0.0,0.0,-1.7538100550564446,-1.0947380894669352,3.319820737557089,0.4561011281131857,0.0,0.0
8.214999999998549,-3.317730128537959,-0.260965389800848,1.5735825246994277,-0.4796786702952286,0.0,0.0,-2.637982803107742,0.35703218191280817,1.7208212007227712,0.7255667206580442,0.0,0.0,-1.75928706835423,-1.0960667921119394,3.3220962745776093,0.45411194963717094,0.0,0.0
8.219999999998555,-3.3190083020354706,-0.25032804190392927,1.5711913437238516,-0.47678534866248146,0.0,0.0,-2.6362209792561893,0.3477209491890419,1.7244468160482602,0.7246727749232623,0.0,0.0,-1.7647707187082708,-1.097392907285091,3.3243618402276964,0.45211257373920577,0.0,0.0
8.22499999999856,-3.3202336388793916,-0.2398300464480302,1.5688147509093502,-0.47384372211498077,0.0,0.0,-2.6345053680087234,0.33854645357287055,1.7280678656611426,0.7237407580117605,0.0,0.0,-1.7702609931118156,-1.0987164071248186,3.326617383429316,0.4501029641032067,0.0,0.0
8.229999999998567,-3.3214068259341687,-0.22946747093371964,1.5664529832230127,-0.47085559468956023,0.0,0.0,-2.6328352956484906,0.3295047340912751,1.731684163853158,0.7227725099638325,0.0,0.0,-1.7757578784172716,-1.1000372631575344,3.328862852923638,0.44808308472571406,0.0,0.0
8.234999999998573,-3.3225285307865984,-0.21923653549982633,1.564106268884501,-0.4678226625418947,0.0,0.0,-2.631210107880166,0.3205919818065449,1.7352955338427283,0.7217697626344574,0.0,0.0,-1.7812613613331667,-1.1013554463066975,3.331098197272579,0.44605289990742364,0.0,0.0
8.23999999999858,-3.32359940249027,-0.20913360550088594,1.5617748278879506,-0.4647465208561155,0.0,0.0,-2.6296291690885045,0.31180453240251016,1.7389018072515545,0.7207341466109602,0.0,0.0,-1.7867714284211575,-1.102670926901603,3.333323364860303,0.4440123742451416,0.0,0.0
8.244999999998585,-3.3246200722739885,-0.19915518451419495,1.5594588724906322,-0.4616286702392449,0.0,0.0,-2.628091861632866,0.3031388592001088,1.742502823614493,0.7196671976150915,0.0,0.0,-1.792288066093079,-1.1039836746858924,3.335538303894682,0.4419614726241398,0.0,0.0
8.249999999998591,-3.32559115421624,-0.18929790774817445,1.5571586076708412,-0.4584705226436646,0.0,0.0,-2.626597585175657,0.2945915665740043,1.7460984299202444,0.7185703624327643,0.0,0.0,-1.7978112606080363,-1.1052936588258089,3.337742962408721,0.4399001602108866,0.0,0.0
8.254999999998597,-3.3265132458876594,-0.17955853582580553,1.5548742315572692,-0.4552734068567987,0.0,0.0,-2.625145756042734,0.28615938374402,1.749688480180592,0.7174450044106508,0.0,0.0,-1.8033409980695407,-1.106600847918193,3.3399372882619454,0.43782840244613414,0.0,0.0
8.259999999998604,-3.327386928963286,-0.16993394891879351,1.5526059358319362,-0.45203857359356614,0.0,0.0,-2.623735806613968,0.2778391589170582,1.753272835026114,0.7162924085552117,0.0,0.0,-1.8088772644226794,-1.1079052099982425,3.342121229141757,0.4357461650383411,0.0,0.0
8.26499999999861,-3.3282127698063335,-0.16042114120987175,1.550353906108586,-0.44876720022390443,0.0,0.0,-2.622367184742272,0.269627853756922,1.756851361326467,0.7151137862664793,0.0,0.0,-1.8144200454513275,-1.109206712547029,3.3442947325647547,0.4336534139574117,0.0,0.0
8.269999999998616,-3.328991320025042,-0.15101721566226867,1.5481183222882942,-0.4454603951647304,0.0,0.0,-2.6210393531994964,0.26152253816107235,1.760423931833485,0.7139102797359809,0.0,0.0,-1.8199693267753954,-1.1105053224987818,3.3464577458780287,0.4315501154287361,0.0,0.0
8.274999999998622,-3.3297231170041006,-0.141719379076854,1.5458993588938994,-0.4421192019630837,0.0,0.0,-2.619751789147721,0.2535203853248416,1.763990424845485,0.7126829660355577,0.0,0.0,-1.825525093848112,-1.1118010062479653,3.3486102162604228,0.42943623592751257,0.0,0.0
8.279999999998628,-3.3304086844120477,-0.132524937418856,1.54369718538474,-0.4387446030948035,0.0,0.0,-2.6185039836345427,0.24561866707500504,1.7675507238912953,0.7114328609214517,0.0,0.0,-1.831087331953343,-1.1130937296561263,3.3507520907237716,0.4273117421733385,0.0,0.0
8.284999999998634,-3.3310485326859345,-0.12343129139731293,1.5415119664530628,-0.43533752350096067,0.0,0.0,-2.6172954411110547,0.2378147494558779,1.7711047174326375,0.7101609223758928,0.0,0.0,-1.8366560262029437,-1.1143834580585423,3.3528833161141067,0.42517660112505473,0.0,0.0
8.28999999999864,-3.331643159494487,-0.11443593228159502,1.53934386230336,-0.4318988338823247,0.0,0.0,-2.6161256789713034,0.23010608855228432,1.7746522985836046,0.7088680539064814,0.0,0.0,-1.8422311615341438,-1.1156701562706666,3.3550038391128427,0.4230307799758299,0.0,0.0
8.294999999998646,-3.3321930501809134,-0.10553643794042121,1.5371930289158047,-0.4284293537703908,0.0,0.0,-2.614994227112056,0.22249022653482595,1.7781933648460688,0.7075551076219048,0.0,0.0,-1.8478127227069634,-1.1169537885943825,3.3571136062379336,0.42087424614847285,0.0,0.0
8.299999999998652,-3.332698678186438,-0.09673046908979627,1.5350596182948493,-0.4249298543919191,0.0,0.0,-2.6139006275118346,0.214964787913883,1.7817278178599427,0.7062228871009467,0.0,0.0,-1.8534006943016605,-1.1182343188240642,3.3592125638450154,0.4187069672909594,0.0,0.0
8.304999999998659,-3.333160505455562,-0.08801576573722272,1.5329437787039881,-0.4214010613424894,0.0,0.0,-2.6128444338281596,0.20752747598970903,1.785255563167304,0.7048721500703116,0.0,0.0,-1.8589950607162098,-1.1195117102524643,3.361300658128516,0.416528911272165,0.0,0.0
8.309999999998665,-3.3335789828240245,-0.0793901438104016,1.5308456548875988,-0.4178436570832823,0.0,0.0,-2.6118252110121016,0.2001760694868375,1.7887765099894581,0.7035036109054802,0.0,0.0,-1.864595806163806,-1.1207859256764137,3.3633778351227517,0.41434004617778947,0.0,0.0
8.31499999999867,-3.3339545503903265,-0.07085149195942983,1.528765388280715,-0.4142582832741123,0.0,0.0,-2.6108425349392053,0.19290841936181577,1.7922905710160926,0.7021179429676327,0.0,0.0,-1.8702029146703993,-1.1220569274023635,3.365444040703001,0.4121403403064669,0.0,0.0
8.319999999998677,-3.3342876378716992,-0.06239776852224072,1.526703117207518,-0.41064554295466693,0.0,0.0,-2.6098959920559714,0.1857224457740155,1.7957976622057295,0.7007157807886039,0.0,0.0,-1.8758163700722599,-1.1233246772517522,3.3674992205865615,0.40992976216605076,0.0,0.0
8.324999999998683,-3.334578664945274,-0.054026998643714054,1.5246589770692787,-0.40700600258492825,0.0,0.0,-2.6089851790410945,0.17861613520995315,1.7992977025967463,0.6992977221148536,0.0,0.0,-1.8814361560135608,-1.1245891365662162,3.369543320333784,0.40770828047006236,0.0,0.0
8.32999999999869,-3.334828041575215,-0.045737271539516365,1.5226331005224274,-0.4033401939548639,0.0,0.0,-2.6081097024807174,0.17158753775218555,1.802790614128286,0.697864329820551,0.0,0.0,-1.8870622559439965,-1.1258502662126468,3.3715762853490956,0.40547586413430065,0.0,0.0
8.334999999998695,-3.3350361683265226,-0.03752673789631891,1.5206256176473854,-0.39964861597266904,0.0,0.0,-2.6072691785569906,0.16463476448443246,1.8062763214704232,0.6964161336990575,0.0,0.0,-1.8926946531164168,-1.1271080265880906,3.373598060882,0.40323248227359887,0.0,0.0
8.339999999998701,-3.335203436666149,-0.02939360740058431,1.5186366561087374,-0.3959317363400972,0.0,0.0,-2.606463232749287,0.15775598502512106,1.8097547518630037,0.6949536321413585,0.0,0.0,-1.8983333305844938,-1.1283623776245142,3.3756085920280676,0.40097810419872626,0.0,0.0
8.344999999998707,-3.335330229252081,-0.02133614638861884,1.5166663413072963,-0.39218999312275193,0.0,0.0,-2.6056914995474436,0.15094942518205517,1.8132258349626076,0.6934772937093151,0.0,0.0,-1.9039782712004063,-1.1296132787934139,3.3776078237299045,0.3987126994134244,0.0,0.0
8.349999999998714,-3.335416920210947,-0.013352675611057196,1.5147147965245622,-0.3884237962225881,0.0,0.0,-2.6049536221764362,0.14421336472137866,1.8166895026971326,0.6919875586110015,0.0,0.0,-1.909629457612548,-1.1308606891102992,3.379595700778114,0.39643623761157387,0.0,0.0
8.35499999999872,-3.33546387540473,-0.005441568105382018,1.5127821430600492,-0.38463352875931284,0.0,0.0,-2.6042492523319423,0.1375461352444395,1.8201456891275225,0.6904848400848155,0.0,0.0,-1.9152868722632597,-1.1321045671390348,3.381572167812236,0.39414868867448455,0.0,0.0
8.359999999998726,-3.3354714526870923,0.002398752829513352,1.510868500361921,-0.38081954836686693,0.0,0.0,-2.6035780499262593,0.13094611816656834,1.8235943303162028,0.6889695256985506,0.0,0.0,-1.9209504973865803,-1.1333448709960587,3.383537169321684,0.39185002266830343,0.0,0.0
8.364999999998732,-3.3354400021498214,0.010169815562333413,1.508973986151345,-0.3769821884106856,0.0,0.0,-2.6029396828440876,0.12441174279215773,1.827035364201808,0.6874419785691372,0.0,0.0,-1.9266203150060224,-1.1345815583544685,3.3854906496466555,0.3895402098415355,0.0,0.0
8.369999999998738,-3.335369866359863,0.01787310196722366,1.5070987165409435,-0.37312175913101636,0.0,0.0,-2.6023338267077056,0.11794148448078509,1.8304687304798226,0.6859025385083315,0.0,0.0,-1.9322963069323629,-1.135814586447987,3.387432552979043,0.38721922062267206,0.0,0.0
8.374999999998744,-3.3352613805873728,0.02551004917538501,1.5052428061477088,-0.3692385487171716,0.0,0.0,-2.6017601646511017,0.11153386289944399,1.8338943704887742,0.6843515230992361,0.0,0.0,-1.9379784547614571,-1.1370439120748075,3.3893628233633257,0.38488702561792304,0.0,0.0
8.37999999999875,-3.3351148730252276,0.03308205124509138,1.503406368200705,-0.3653328243172283,0.0,0.0,-2.601218387102635,0.10518744035625646,1.8373122271016478,0.6827892287081692,0.0,0.0,-1.94366673987207,-1.1382694916013272,3.3912814046974558,0.3825435956090464,0.0,0.0
8.384999999998756,-3.334930665000373,0.040590460754458754,1.5015895146438778,-0.3614048329873593,0.0,0.0,-2.6007081915758326,0.0989008202113201,1.8407222446222047,0.6812159314360728,0.0,0.0,-1.9493611434237268,-1.1394912809657585,3.393188240733726,0.380188901551274,0.0,0.0
8.389999999998762,-3.334709071177397,0.04803659032104934,1.499792356234257,-0.35745480258467116,0.0,0.0,-2.6002292824679545,0.09267264536060929,1.844124368685915,0.6796318880133316,0.0,0.0,-1.9550616463545811,-1.140709235681638,3.3950832750796365,0.37782291457132716,0.0,0.0
8.394999999998769,-3.3344503997546786,0.055421714052147616,1.4980150026358299,-0.3534829426071379,0.0,0.0,-2.599781370865955,0.0865015967890973,1.8475185461652321,0.6780373366416067,0.0,0.0,-1.960768229379299,-1.141923310841224,3.396966451198746,0.3754456059655195,0.0,0.0
8.399999999998775,-3.334154952653447,0.06274706892931492,1.4962575625093433,-0.3494894449839711,0.0,0.0,-2.5993641743595237,0.08038639218949459,1.8509047250789497,0.6764324977860157,0.0,0.0,-1.9664808729869616,-1.1431334611187887,3.398837712411515,0.37305694719794413,0.0,0.0
8.40499999999878,-3.3338230257000845,0.07001385613061367,1.4945201435982656,-0.3454744848195149,0.0,0.0,-2.598977416860865,0.07432578464321488,1.854282854505403,0.6748175749207614,0.0,0.0,-1.972199557438983,-1.1443396407738076,3.400697001896139,0.370656909898742,0.0,0.0
8.409999999998787,-3.3334549088019565,0.07722324229369165,1.4928028528111448,-0.3414382210935465,0.0,0.0,-2.598620828430931,0.068318561360381,1.8576528844992861,0.6731927552310878,0.0,0.0,-1.9779242627670441,-1.1455418036540521,3.4025442626893763,0.36824546586244716,0.0,0.0
8.414999999998793,-3.3330508861170767,0.08437636072272915,1.4911057963005632,-0.3373807973206491,0.0,0.0,-2.598294145111812,0.06236354247587013,1.8610147660118768,0.6715582102742287,0.0,0.0,-1.9836549687710423,-1.146739903198579,3.404379437687367,0.3658225870464089,0.0,0.0
8.419999999998799,-3.3326112362178657,0.09147431254207547,1.4894290795388978,-0.3333023421711456,0.0,0.0,-2.5979971087650107,0.05645957989857408,1.8643684508144684,0.6699140966018489,0.0,0.0,-1.9893916550170538,-1.1479338924406293,3.4062024696464404,0.3633882455692851,0.0,0.0
8.424999999998805,-3.3321362322492747,0.09851816779923801,1.4877728073910645,-0.32920297005590243,0.0,0.0,-2.5977294669153435,0.05060555621121381,1.8677138914248224,0.6682605563462833,0.0,0.0,-1.9951343008353122,-1.1491237240104315,3.408013301183919,0.3609424137096072,0.0,0.0
8.429999999998811,-3.3316261420815083,0.10550896651973161,1.486137084184423,-0.32508278167715476,0.0,0.0,-2.5974909726002218,0.04480038361820155,1.8710510410364665,0.6665977177727295,0.0,0.0,-2.0008828853182012,-1.1503093501379127,3.4098118747789163,0.35848506390441337,0.0,0.0
8.434999999998817,-3.3310812284575957,0.1124477197161546,1.4845220137760096,-0.3209418645473594,0.0,0.0,-2.5972813842240776,0.039043002939187686,1.8743798534506717,0.6649256957994004,0.0,0.0,-2.0066373873182575,-1.151490722655322,3.4115981327731246,0.35601616874794734,0.0,0.0
8.439999999998824,-3.3305017491360247,0.1193354103537192,1.4829276996172533,-0.3167802934779378,0.0,0.0,-2.597100465417715,0.033332382646064466,1.8777002830109568,0.6632445924875021,0.0,0.0,-2.012397785446192,-1.1526677929997635,3.413372017371596,0.3535357009904239,0.0,0.0
8.44499999999883,-3.329887957028648,0.12617299427434195,1.4813542448163173,-0.3125981310396535,0.0,0.0,-2.596947984902368,0.02766751794132492,1.8810122845399668,0.6615544975027859,0.0,0.0,-2.018164058068916,-1.1538405122156465,3.4151334706435224,0.35104363353685547,0.0,0.0
8.449999999998836,-3.329240100334074,0.13296140108127683,1.4798017521982068,-0.30839542799624436,0.0,0.0,-2.5968237163582697,0.02204742987579393,1.884315813278595,0.6598554885502903,0.0,0.0,-2.0239361833075877,-1.1550088309570514,3.416882434523005,0.3485399394459419,0.0,0.0
8.454999999998842,-3.328558422666725,0.13970153498616603,1.4782703243627744,-0.3041722237128228,0.0,0.0,-2.596727438297542,0.016471164503859693,1.887610824827212,0.6581476317837912,0.0,0.0,-2.029714139035665,-1.1561726994900068,3.4186188508098208,0.34602459192902013,0.0,0.0
8.459999999998848,-3.3278431631817535,0.1463942756202765,1.4767600637407394,-0.2999285465404597,0.0,0.0,-2.596658933941209,0.010937792074438,1.8908972750888848,0.6564309821913759,0.0,0.0,-2.035497902876969,-1.1573320676946959,3.420342661170183,0.3434975643490725,0.0,0.0
8.464999999998854,-3.327094556695989,0.15304047881159338,1.475271072647846,-0.2956644141782672,0.0,0.0,-2.5966179911001808,0.005446406256000041,1.8941751202144643,0.6547055839584618,0.0,0.0,-2.0412874522037616,-1.158486885067575,3.4220538071374964,0.3409588302197941,0.0,0.0
8.46999999999886,-3.3263128338050763,0.15964097732934937,1.473803453337261,-0.29137983401421624,0.0,0.0,-2.5966044020600214,-3.876605913714589e-06,1.8974443165494348,0.6529714708094874,0.0,0.0,-2.047082764134833,-1.1596371007234174,3.423752230113111,0.33840836320471757,0.0,0.0
8.474999999998866,-3.325498220996974,0.1661965815974815,1.4723573080503194,-0.2870748034458372,0.0,0.0,-2.59661796346936,-0.005413918200184357,1.9007048205824224,0.6512286663294324,0.0,0.0,-2.052883815533597,-1.160782663397279,3.425437871367065,0.3358461371163935,0.0,0.0
8.479999999998872,-3.3246509407619604,0.17270808037842666,1.470932739065715,-0.2827493101818819,0.0,0.0,-2.596658476231775,-0.010784558932019316,1.9039565888952608,0.6494771842662427,0.0,0.0,-2.0586905830061966,-1.1619235214463897,3.4271106720388316,0.33327212591562805,0.0,0.0
8.484999999998879,-3.323771211699287,0.1791762414285897,1.4695298487472275,-0.27840333252594973,0.0,0.0,-2.596725745401025,-0.016116618576604014,1.9071995781145235,0.6477170288151631,0.0,0.0,-2.0645030428996205,-1.163059622851968,3.4287705731380567,0.330686303710775,0.0,0.0
8.489999999998885,-3.3228592486206296,0.18560181212674498,1.4681487395900743,-0.27403683964302167,0.0,0.0,-2.596819580079475,-0.0214108969057609,1.9104337448644377,0.645948194885926,0.0,0.0,-2.0703211712998275,-1.1641909152209668,3.430417515545295,0.32808864475708394,0.0,0.0
8.49499999999889,-3.3219152626504607,0.1919855200765671,1.4667895142659728,-0.26964979180978005,0.0,0.0,-2.5969397933195935,-0.026668174288808782,1.9136590457210885,0.6441706683536668,0.0,0.0,-2.076144944029877,-1.165317345787741,3.4320514400127453,0.32547912345610186,0.0,0.0
8.499999999998897,-3.3209394613234666,0.19832807368441885,1.465452275666986,-0.26524214064953977,0.0,0.0,-2.597086202028388,-0.03188921226875114,1.9168754371678427,0.6423844262943975,0.0,0.0,-2.0819743366480763,-1.16643886141565,3.4336722871649763,0.3228577143551309,0.0,0.0
8.504999999998903,-3.3199320486791413,0.20463016271346676,1.4641371269482346,-0.260813829352557,0.0,0.0,-2.597258626874669,-0.03707475411486181,1.9200828755519104,0.6405894372058059,0.0,0.0,-2.087809324446121,-1.1675554085985873,3.4352799974996606,0.3202243921467397,0.0,0.0
8.509999999998909,-3.318893225353661,0.21089245881513655,1.4628441715695388,-0.25636479288244207,0.0,0.0,-2.597456892199014,-0.042225525352679816,1.9232813170419758,0.6387856612141001,0.0,0.0,-2.093649882447257,-1.1686669334624389,3.4368745113882904,0.31757913166833,0.0,0.0
8.514999999998915,-3.3178231886691645,0.21711561603886761,1.4615735133360641,-0.2518949581693471,0.0,0.0,-2.597680825926325,-0.047342234272371025,1.9264707175868312,0.6369730502675766,0.0,0.0,-2.0994959854044426,-1.1697733817664788,3.43845576907691,0.3149219079017584,0.0,0.0
8.519999999998921,-3.3167221327205287,0.2233002713210744,1.4603252564380313,-0.24740424429056312,0.0,0.0,-2.5979302594808846,-0.05242557241636397,1.9296510328749417,0.6351515483175391,0.0,0.0,-2.1053476077985187,-1.1708746989046934,3.440023710686832,0.3122526959730121,0.0,0.0
8.524999999998927,-3.3155902484597535,0.22944704495417398,1.4590995054895548,-0.24289256263911754,0.0,0.0,-2.598205027703793,-0.057476215047119,1.9328222182948904,0.6333210914871643,0.0,0.0,-2.111204723836386,-1.1719708299070382,3.4415782762153593,0.30957147115194134,0.0,0.0
8.529999999998934,-3.3144277237780484,0.23555654103649662,1.457896365566666,-0.23835981708092496,0.0,0.0,-2.5985049687726973,-0.06249482159584494,1.9359842288966354,0.631481608228865,0.0,0.0,-2.1170673074491866,-1.1730617194406348,3.443119405536503,0.3068782088520479,0.0,0.0
8.53499999999894,-3.313234743585719,0.2416293479038494,1.4567159422445788,-0.23380590410101285,0.0,0.0,-2.5988299241237196,-0.06748203609293445,1.9391370193535247,0.629633019470671,0.0,0.0,-2.1229353322904934,-1.1741473118108978,3.4446470384017003,0.3041728846303303,0.0,0.0
8.539999999998946,-3.312011489889934,0.24766603854346567,1.4555583416342504,-0.22923071293930497,0.0,0.0,-2.599179738375492,-0.07243848758084889,1.9422805439250204,0.6277752387521087,0.0,0.0,-2.128808771734505,-1.1752275509625996,3.4461611144405326,0.30145547418718455,0.0,0.0
8.544999999998952,-3.3107581418704717,0.2536671709910329,1.4544236704182878,-0.2246341257164191,0.0,0.0,-2.599554259255215,-0.07736479051014486,1.9454147564200746,0.625908172350041,0.0,0.0,-2.134687598874244,-1.1763023804808703,3.4476615731614415,0.29872595336636615,0.0,0.0
8.549999999998958,-3.3094748759535153,0.25963328871145563,1.4533120358862504,-0.22001601754990413,0.0,0.0,-2.5999533375266535,-0.0822615451192991,1.948539610161109,0.6240317193948827,0.0,0.0,-2.1405717865197618,-1.1773717435921387,3.449148353952444,0.29598429815500954,0.0,0.0
8.554999999998964,-3.308161865883591,0.26556492096397616,1.4522235459693933,-0.21537625666131485,0.0,0.0,-2.600376826919993,-0.08712933779895267,1.9516550579485559,0.6221457719775964,0.0,0.0,-2.1464613071963474,-1.178435583165006,3.4506213960818544,0.2932304846837064,0.0,0.0
8.55999999999897,-3.3068192827937124,0.27146258315224275,1.4511583092748974,-0.21071470447449692,0.0,0.0,-2.6008245840634805,-0.09196874144116382,1.9547610520259093,0.6202502152478366,0.0,0.0,-2.152356133142738,-1.1794938417110616,3.452080638698996,0.2904644892266482,0.0,0.0
8.564999999998976,-3.3054472952738156,0.2773267771598831,1.4501164351196318,-0.20603121570543062,0.0,0.0,-2.601296468416775,-0.09678031577422756,1.9578575440452461,0.6183449275035907,0.0,0.0,-2.1582562363093403,-1.1805464613856382,3.453526020834925,0.28768628820182784,0.0,0.0
8.569999999998982,-3.3040460694375473,0.2831579916721128,1.4490980335634829,-0.2013256384439598,0.0,0.0,-2.6017923422059375,-0.10156460768359044,1.9609444850331734,0.6164297802726394,0.0,0.0,-2.1641615883564462,-1.1815933839885049,3.4549574814031465,0.28489585817130814,0.0,0.0
8.574999999998989,-3.302615768987483,0.28895670248388067,1.4481032154422984,-0.19659781422770886,0.0,0.0,-2.602312070359987,-0.10632215151936113,1.9640218253571677,0.6145046383861442,0.0,0.0,-2.170072160652461,-1.1826345509645022,3.456374959200336,0.28209317584155247,0.0,0.0
8.579999999998995,-3.3011565552788333,0.2947233727950242,1.44713209240048,-0.19184757810847355,0.0,0.0,-2.602855520448971,-0.11105346939089031,1.967089514692258,0.6125693600446372,0.0,0.0,-2.1759879242721265,-1.1836699034041167,3.4577783929070645,0.27927821806382414,0.0,0.0
8.584999999999,-3.2996685873817087,0.3004584534928843,1.4461847769232596,-0.18707475871134924,0.0,0.0,-2.6034225626234693,-0.11575907144886982,1.970147501988022,0.6106237968766839,0.0,0.0,-2.1819088499947528,-1.1846993820439962,3.4591677210885217,0.2764509618346528,0.0,0.0
8.589999999999007,-3.298152022142,0.3061623834228052,1.4452613823687017,-0.182279178286845,0.0,0.0,-2.604013069555481,-0.12043945615537366,1.9731957354358585,0.6086677939904607,0.0,0.0,-2.1878349083024498,-1.185722927267414,3.4605428821952424,0.2736113842963719,0.0,0.0
8.594999999999013,-3.296607014240938,0.31183558964692226,1.4443620229994583,-0.17746065275621256,0.0,0.0,-2.6046269163806324,-0.125095110542244,1.9762341624365014,0.606701190018474,0.0,0.0,-2.1937660693783596,-1.1867404791046605,3.461903814563843,0.27075946273772605,0.0,0.0
8.599999999999019,-3.2950337162533834,0.3174784876916143,1.4434868140143176,-0.1726189917502047,0.0,0.0,-2.6052639806416487,-0.12972651045820094,1.9792627295677383,0.6047238171556379,0.0,0.0,-2.199702303104897,-1.187751977233396,3.463250456417747,0.2678951745945542,0.0,0.0
8.604999999999025,-3.293432278704913,0.32309148178398295,1.442635871579571,-0.1677539986414617,0.0,0.0,-2.6059241422330355,-0.1343341208050346,1.9822813825523034,0.6027355011909034,0.0,0.0,-2.2056435790619817,-1.1887573609789313,3.4645827458679284,0.26501849745054573,0.0,0.0
8.609999999999031,-3.2918028501277443,0.32867496507769756,1.4418093128602367,-0.16286547057070963,0.0,0.0,-2.6066072833469067,-0.13891839576321788,1.9852900662259154,0.6007360615326197,0.0,0.0,-2.211589866525281,-1.1897565693144625,3.4659006209136507,0.2621294090380773,0.0,0.0
8.614999999999037,-3.29014557711556,0.3342293198685229,1.4410072560511658,-0.15795319846694175,0.0,0.0,-2.6073132884199257,-0.14347977900726017,1.988288724505424,0.5987253112278019,0.0,0.0,-2.2175411344644456,-1.190749540861246,3.4672040194432125,0.25922788723912715,0.0,0.0
8.619999999999044,-3.2884606043772826,0.3397549177998333,1.4402298204080626,-0.15301696706173945,0.0,0.0,-2.6080420440812926,-0.14801870391110133,1.9912773003570408,0.5967030569754539,0.0,0.0,-2.2234973515413565,-1.1917362138887149,3.468492879234699,0.25631391008627336,0.0,0.0
8.62499999999905,-3.286748074789838,0.3452521200583963,1.4394771262784483,-0.14805655489787925,0.0,0.0,-2.6087934391017336,-0.15253559374383058,1.9942557357646176,0.5946690991340922,0.0,0.0,-2.229458486108361,-1.192716526314549,3.4697671379567363,0.2533874557637749,0.0,0.0
8.629999999999056,-3.2850081294499716,0.3507212775606929,1.4387492951325946,-0.14307173433235712,0.0,0.0,-2.6095673643434467,-0.15703086185599585,1.9972239716979532,0.5926232317236025,0.0,0.0,-2.2354245062065146,-1.1936904157046806,3.471026733169254,0.25044850260874246,0.0,0.0
8.634999999999062,-3.283240907725155,0.35616273113002356,1.4380464495944567,-0.13806227153395395,0.0,0.0,-2.6103637127109547,-0.16150491185675403,2.000181948081094,0.5905652424215447,0.0,0.0,-2.2413953795638233,-1.1946578192732533,3.472271602324252,0.24749702911239702,0.0,0.0
8.639999999999068,-3.281446547303623,0.3615768116646373,1.4373687134726307,-0.13302792647545084,0.0,0.0,-2.611182379102825,-0.16595813778209595,2.003129603760599,0.5884949125540172,0.0,0.0,-2.247371073593484,-1.1956186738825252,3.473501682766573,0.2445330139214216,0.0,0.0
8.644999999999074,-3.2796251842436,0.36696384029709855,1.4367162117913665,-0.12796845292059833,0.0,0.0,-2.612023260364205,-0.1703909242543664,2.0060668764737493,0.5864120170811773,0.0,0.0,-2.2533515553921273,-1.196572916042716,3.474716911734687,0.24155643583940897,0.0,0.0
8.64999999999908,-3.2777769530217475,0.37232412854510516,1.4360890708216525,-0.1228835984059265,0.0,0.0,-2.6128862552401326,-0.17480364663328227,2.008993702816675,0.5843163245775069,0.0,0.0,-2.259336791738051,-1.1975204819118073,3.475917226361475,0.23856727382840767,0.0,0.0
8.654999999999086,-3.275901986580877,0.37765797845393784,1.4354874181124115,-0.11777310421748054,0.0,0.0,-2.6137712643295896,-0.17919667115864066,2.0119100182123613,0.582207597206899,0.0,0.0,-2.2653267490894637,-1.1984613072952814,3.4771025636750297,0.23556550701056925,0.0,0.0
8.659999999999092,-3.2740004163769765,0.38296568273072806,1.4349113825218183,-0.1126367053625519,0.0,0.0,-2.6146781900402343,-0.1835703550848931,2.014815756878526,0.5800855906926383,0.0,0.0,-2.2713213935827192,-1.1993953276458198,3.478272860599458,0.232551114669901,0.0,0.0
8.664999999999099,-3.2720723724255776,0.38824752487070185,1.434361094248777,-0.10747413053646916,0.0,0.0,-2.6156069365438,-0.18792504680774963,2.01771085179533,0.5779500542823304,0.0,0.0,-2.2773206910305506,-1.2003224780629373,3.4794280539556954,0.22952407625412602,0.0,0.0
8.669999999999105,-3.2701179833475202,0.3935037792755539,1.4338366848645725,-0.10228510208450363,0.0,0.0,-2.616557409732099,-0.19226108598296338,2.020595234672902,0.5758007307078353,0.0,0.0,-2.2833246069203073,-1.2012426932925755,3.4805680804623282,0.22648437137665578,0.0,0.0
8.67499999999911,-3.2681373764141375,0.3987347113640893,1.4333382873447267,-0.09706933595893595,0.0,0.0,-2.6175295171736055,-0.19657880363743363,2.0234688359186466,0.5736373561402458,0.0,0.0,-2.2893331064121822,-1.202155907726641,3.4816928767364286,0.2234319798186776,0.0,0.0
8.679999999999117,-3.2661306775919114,0.40394057767525887,1.4328660361010812,-0.09182654167132244,0.0,0.0,-2.618523168070572,-0.20087852227275424,2.02633158460432,0.5714596601399492,0.0,0.0,-2.2953461543374423,-1.2030620554024896,3.482802379294401,0.22036688153136075,0.0,0.0
8.684999999999123,-3.264098011586628,0.40912162596370316,1.432420067014128,-0.08655642223999231,0.0,0.0,-2.6195382732166452,-0.2051605559613189,2.0291834084328415,0.5692673656017933,0.0,0.0,-2.301363715196652,-1.2039610700023684,3.483896524552833,0.21728905663818662,0.0,0.0
8.689999999999129,-3.262039501887076,0.4142780952879075,1.4320005174656196,-0.08125867413279915,0.0,0.0,-2.62057474495495,-0.20942521043508824,2.0320242337048176,0.5670601886953822,0.0,0.0,-2.3073857531578996,-1.2048528848528033,3.484975248829365,0.21419848543740425,0.0,0.0
8.694999999999135,-3.259955270808323,0.419410216091059,1.4316075263714734,-0.07593298720514287,0.0,0.0,-2.6216324971365883,-0.21367278316710758,2.0348539852847556,0.5648378388005125,0.0,0.0,-2.3134122320550143,-1.2057374329239348,3.4860384883435733,0.2110951484046176,0.0,0.0
8.699999999999141,-3.2578454395346057,0.42451821027468534,1.431241234214997,-0.07057904463327072,0.0,0.0,-2.6227114450795352,-0.21790356344585587,2.0376725865669454,0.5626000184377496,0.0,0.0,-2.3194431153857846,-1.2066146468288128,3.487086179217859,0.20797902619550857,0.0,0.0
8.704999999999147,-3.2557101281618666,0.42960229126514415,1.430901783080463,-0.06519652284286014,0.0,0.0,-2.6238115055278897,-0.22211783244249236,2.0404799594409795,0.5603464231941487,0.0,0.0,-2.3254783663101692,-1.207484458822635,3.4881182574783596,0.20485009964869907,0.0,0.0
8.709999999999154,-3.2535494557399804,0.43466266407301957,1.4305893166870474,-0.05978509143287781,0.0,0.0,-2.6249325966114383,-0.22631586327105968,2.043276024256886,0.5580767416441077,0.0,0.0,-2.331517947648507,-1.2083468008019436,3.4891346590558685,0.20170834978875762,0.0,0.0
8.71499999999916,-3.251363540314696,0.4396995253454754,1.4303039804231674,-0.05434441309470381,0.0,0.0,-2.626074637805508,-0.2304979210416895,2.0460606997898627,0.5557906552653366,0.0,0.0,-2.337561821879721,-1.2092016043037697,3.490135319786772,0.19855375782935522,0.0,0.0
8.719999999999166,-3.249152498969344,0.4447130634115965,1.430045921381227,-0.048874143526502475,0.0,0.0,-2.627237549891063,-0.2346642629068449,2.0488339032045686,0.5534878383499159,0.0,0.0,-2.3436099511395185,-1.2100488005047352,3.4911201754140064,0.19538630517657474,0.0,0.0
8.724999999999172,-3.24691644786632,0.4497034583207473,1.4298152883928092,-0.043373931342815183,0.0,0.0,-2.6284212549150183,-0.2388151381006253,2.0515955500189667,0.5511679579104235,0.0,0.0,-2.349662297218588,-1.2108883202201053,3.4920891615880256,0.19220597343237986,0.0,0.0
8.729999999999178,-3.244655502288406,0.4546708818739598,1.429612232064331,-0.037843417979343985,0.0,0.0,-2.6296256761507326,-0.242950787971147,2.0543455540676803,0.5488306735810847,0.0,0.0,-2.355718821560787,-1.2117200939027963,3.4930422138677906,0.1890127443982474,0.0,0.0
8.734999999999184,-3.242369776679948,0.4596154976483553,1.4294369048131834,-0.032282237592888216,0.0,0.0,-2.6308507380586463,-0.2470714460060034,2.057083827464842,0.5464756375139058,0.0,0.0,-2.361779485261331,-1.2125440516423356,3.493979267721776,0.18580660007897049,0.0,0.0
8.73999999999919,-3.240059384687929,0.4645374610145921,1.4292894609043882,-0.026690016956390186,0.0,0.0,-2.6320963662470245,-0.2511773378507957,2.0598102805664156,0.5441024942697427,0.0,0.0,-2.3678442490649716,-1.21336012316378,3.4949002585289977,0.18258752268663578,0.0,0.0
8.744999999999196,-3.2377244392029705,0.4694369191473215,1.4291700564877885,-0.02106637534903943,0.0,0.0,-2.6333624874327812,-0.2552686813207172,2.0625248219319547,0.5417108807042462,0.0,0.0,-2.3739130733641733,-1.2141682378265872,3.495805121580058,0.17935549464478154,0.0,0.0
8.749999999999202,-3.235365052400304,0.474314011028624,1.4290788496358033,-0.015410924441378948,0.0,0.0,-2.634649029402342,-0.25934568640516015,2.0652273582857816,0.5393004258486243,0.0,0.0,-2.3799859181972796,-1.214968324623447,3.496693792078216,0.1761104985927434,0.0,0.0
8.754999999999209,-3.232981335780735,0.4791688674443834,1.429016000381769,-0.009723268175350346,0.0,0.0,-2.6359559209725085,-0.26340855526530543,2.0679177944775566,0.5368707507851465,0.0,0.0,-2.3860627432466797,-1.2157603121790614,3.497566205140475,0.17285251739019222,0.0,0.0
8.759999999999215,-3.2305734002116546,0.4840016109735506,1.428981670758891,-0.0040030026392082595,0.0,0.0,-2.6372830919513053,-0.2674574822246448,2.0705960334422127,0.5344214685173251,0.0,0.0,-2.3921435078369644,-1.2165441287488896,3.4984222957986963,0.1695815341218715,0.0,0.0
8.76499999999922,-3.2281413559681087,0.4888123559702324,1.428976024839838,0.0017502840627713853,0.0,0.0,-2.638630473098741,-0.27149265375236953,2.073261976159221,0.5319521838346767,0.0,0.0,-2.398228170933075,-1.217319702217847,3.49926199900074,0.1662975321025404,0.0,0.0
8.769999999999227,-3.225685312773988,0.49360120853853406,1.4289992287769973,0.007537011945871691,0.0,0.0,-2.639997996087492,-0.27551424843955397,2.0759155216111758,0.529462493171988,0.0,0.0,-2.4043166911384453,-1.2180869600989643,3.5000852496116255,0.16300049488212867,0.0,0.0
8.774999999999233,-3.2232053798433515,0.49836826650006577,1.429051450843422,0.013357609285892203,0.0,0.0,-2.6413855934634274,-0.2795224369680463,2.0785565667416566,0.5269519844629849,0.0,0.0,-2.410409026693146,-1.2188458295320044,3.5008919824147195,0.15969040625111122,0.0,0.0
8.779999999999239,-3.2207016659219394,0.50311361935402,1.4291328614744994,0.019212512765578577,0.0,0.0,-2.6427931986059767,-0.2835173820719691,2.0811850064123445,0.5244202369883004,0.0,0.0,-2.4165051354720095,-1.219596237282036,3.5016821321129545,0.1563672502461093,0.0,0.0
8.784999999999245,-3.2181742793288963,0.5078373482297084,1.4292436333103613,0.025102167626626263,0.0,0.0,-2.6442207456882767,-0.28749923849171927,2.083800733359363,0.5218668212176372,0.0,0.0,-2.422604974982753,-1.2203381097379742,3.502455633330075,0.1530310111557247,0.0,0.0
8.789999999999251,-3.2156233279987605,0.5125395258314346,1.429383941239071,0.0310270278273665,0.0,0.0,-2.6456681696370716,-0.29146815292034384,2.0864036381488207,0.5192912986460063,0.0,0.0,-2.4287085023640946,-1.221071372911076,3.5032124206119084,0.1496816735266152,0.0,0.0
8.794999999999257,-3.2130489195237395,0.5172202163755683,1.4295539624406133,0.03698755620624982,0.0,0.0,-2.6471354060923264,-0.295424263942156,2.0889936091315118,0.5166932216239185,0.0,0.0,-2.4348156743838625,-1.2217959524333974,3.5039524284276755,0.14631922216981963,0.0,0.0
8.799999999999264,-3.2104511611963233,0.5218794755196766,1.429753876431717,0.042984224651249014,0.0,0.0,-2.648622391366513,-0.29936770196344364,2.091570532396758,0.5140721331814001,0.0,0.0,-2.4409264474370924,-1.2225117735562183,3.504675591171326,0.14294364216733887,0.0,0.0
8.80499999999927,-3.2078301600522736,0.5265173502835411,1.429983865111536,0.04901751427531068,0.0,0.0,-2.650129062403534,-0.3032985891351051,2.0941342917253536,0.511427566845694,0.0,0.0,-2.447040777544122,-1.2232187611484218,3.5053818431629113,0.1395549188789832,0.0,0.0
