Track URI,Track Name,Album Name,Artist Name(s),Release Date,Duration (ms),Popularity,Explicit,Added By,Added At,Genres,Record Label,Danceability,Energy,Key,Loudness,Mode,Speechiness,Acousticness,Instrumentalness,Liveness,Valence,Tempo,Time Signature
spotify:track:0TW184S02yFqj0A5BwAQQB,"Vertigo","Vertigo","Roberto Capuano",2013-04-01,436495,0,false,azvwtt6iohg3hran3hxv47xn6,2021-12-10T19:42:01Z,"techno,minimal techno","Drumcode",0.631,0.719,8,-6.64,0,0.0549,0.000905,0.921,0.111,0.145,128.008,4
spotify:track:0G5N8DyVtVAV8tmiUkfH3j,"Horny - Mousse T.'s Extended Mix","Horny","Mousse T.;Hot 'N' Juicy",1998-01-01,374266,0,false,azvwtt6iohg3hran3hxv47xn6,2021-10-08T16:17:51Z,"","Peppermint Jam",0.739,0.897,11,-6.138,0,0.0512,0.000167,0.396,0.0665,0.634,122.861,4
spotify:track:4oiJY7sUeg0TTjgLkWPFIq,"The Bomb! (These Sounds Fall Into My Mind) - Radio Edit","The Bomb! (These Sounds Fall Into My Mind)","The Bucketheads",1994,204213,0,false,azvwtt6iohg3hran3hxv47xn6,2021-09-18T01:01:43Z,"","Central Station Records",0.769,0.904,9,-2.412,0,0.0384,0.000738,0.568,0.0899,0.873,125.9,4
spotify:track:3OmIL39latV0jEW8E68aoG,"Anthem","Masters Series - 90's House Party","N Joi",2009-12-18,243973,33,false,azvwtt6iohg3hran3hxv47xn6,2021-09-18T01:03:11Z,"acid house","Sony Music Entertainment",0.678,0.726,0,-14.738,1,0.0355,0.0238,0.124,0.0984,0.715,124.977,4
spotify:track:7p6oXzBSPAXXz8Xb8gBPki,"Subzero - Original Mix","Before One EP","Ben Klock",2009-01-26,383972,48,false,azvwtt6iohg3hran3hxv47xn6,2021-12-03T19:31:07Z,"techno,minimal techno,dub techno","Ostgut Ton",0.793,0.608,6,-11.638,0,0.0673,0.588,0.861,0.0991,0.118,124.988,4
spotify:track:2EfhczOa9X8ju9hg5IWEQD,"Lay It On Me","Lay It On Me","Low Steppa;Guy Burns",2021-03-19,170258,32,false,azvwtt6iohg3hran3hxv47xn6,2021-11-25T21:51:05Z,"house,tech house","Armada Subjekt",0.696,0.976,5,-5.31,0,0.0443,0.000974,0.0882,0.197,0.238,124.013,4
spotify:track:0trsxXRv9qzlTu9qaHxKFv,"Love In Motion","Love In Motion","Cavi;Emzy",2021-05-21,204804,18,false,azvwtt6iohg3hran3hxv47xn6,2021-11-25T21:58:05Z,"disco house,funky house","It's Great!",0.785,0.933,7,-3.326,1,0.208,0.138,0.0000285,0.362,0.554,125.036,4
spotify:track:1YKp8PG1DEQJ0hLc2CJGO8,"You Give Me A Feeling","You Give Me A Feeling","Vintage Culture;James Hype",2021-11-12,185896,2,false,azvwtt6iohg3hran3hxv47xn6,2021-11-23T21:24:21Z,"graves brasileños,electrónica,electro,house,tech house","Insomniac Records",0.761,0.867,2,-6.168,1,0.0499,0.259,0.615,0.0689,0.679,126.03,4
spotify:track:3wGCJz3Ay0tLt3JdkjVzmB,"Push Pull","Push Pull","OFFAIAH",2018-11-09,193095,0,false,azvwtt6iohg3hran3hxv47xn6,2021-11-25T21:53:25Z,"tech house","Defected Records",0.82,0.745,9,-4.921,1,0.0717,0.034,0.317,0.291,0.579,124.992,4
spotify:track:66X03EIfE1zm99rd4SfL71,"100% Pure Love","Storyteller","Crystal Waters",1994-05-17,280466,63,false,azvwtt6iohg3hran3hxv47xn6,2021-09-18T01:01:05Z,"","Mercury Records",0.811,0.697,8,-8.019,1,0.0502,0.0923,0.0144,0.0784,0.712,120.242,4
spotify:track:0bGH7ezs7WdDwpqnsvGf1z,"Purple Hat","Purple Hat","SOFI TUKKER",2019-09-06,178369,6,false,azvwtt6iohg3hran3hxv47xn6,2021-11-25T23:29:42Z,"","Ultra Records",0.777,0.744,9,-7.42,1,0.204,0.331,0.0073,0.088,0.654,94.019,4
spotify:track:27bwVnOWhai58vWTtClciY,"Feel Good","Feel Good","Norman Doray;Cavi;Emzy",2021-02-25,243946,0,false,azvwtt6iohg3hran3hxv47xn6,2021-11-25T21:58:16Z,"disco house,funky house","Too Many Rules",0.647,0.944,5,-3.457,1,0.101,0.00234,0.103,0.0342,0.594,126.988,4
spotify:track:7FuOr01j61l7nBgENXfOIX,"The Chant","The Chant","Todd Edwards",2021-03-19,186774,39,false,azvwtt6iohg3hran3hxv47xn6,2021-09-17T23:04:06Z,"uk garage","Undisputed Music",0.808,0.695,5,-9.711,0,0.0391,0.00881,0.0664,0.0396,0.895,125.008,4
spotify:track:59ujQJCSRNgLtKQ1ly3b7c,"Wait A Minute","Wait A Minute","Biscits",2021-10-15,215000,45,false,azvwtt6iohg3hran3hxv47xn6,2021-11-23T21:23:20Z,"tech house,house","Solotoko",0.861,0.998,10,-6.256,0,0.202,0.0496,0.0581,0.0342,0.0629,125.983,4
spotify:track:6SoGQrTkJ8YyC5UBeahOJh,"The Hymn","The Hymn","Will Clarke",2021-08-06,200750,39,false,azvwtt6iohg3hran3hxv47xn6,2021-11-23T21:25:23Z,"tech house,techno","Good Company",0.732,0.787,5,-6.674,0,0.0441,0.0136,0.172,0.442,0.28,127.01,4
spotify:track:5WoBAyXaOnKEfvsZocrPeT,"My Humps","My Humps","Joshwa;Lee Foss",2021-10-29,186046,1,false,azvwtt6iohg3hran3hxv47xn6,2021-11-23T21:22:38Z,"tech house,house,house latino","Repopulate Mars",0.842,0.673,9,-6.068,1,0.068,0.0307,0.0197,0.058,0.354,128.99,4
spotify:track:4kdnniHBTCnzaYXrnsweSf,"Poison","Lekker Setje Beats","Klaus Veen",2020-07-09,191772,2,false,azvwtt6iohg3hran3hxv47xn6,2021-10-01T22:53:42Z,"rally house,house","Klaus Veen Records",0.826,0.925,1,-6.441,1,0.254,0.0428,0.00621,0.0689,0.726,126.505,4
spotify:track:20on25jryn53hWghthWWW3,"Do It To It","Do It To It","ACRAZE;Cherish",2021-08-20,157890,22,false,azvwtt6iohg3hran3hxv47xn6,2021-09-18T06:59:00Z,"tech house","Thrive Music, LLC",0.854,0.806,11,-8.262,0,0.0886,0.0209,0.0542,0.0703,0.637,124.927,4
spotify:track:5sCZrNlR663RubGRXbZVJ8,"I Don't Know (feat. Jennifer Jamieson)","I Don't Know (feat. Jennifer Jamieson)","Hannah Wants;Jess Bays;Jennifer Jamieson",2021-07-30,172800,34,false,azvwtt6iohg3hran3hxv47xn6,2021-11-25T21:50:55Z,"house","Stress Records",0.803,0.832,10,-8.603,0,0.0588,0.000725,0.0951,0.0925,0.415,125,4
spotify:track:7elX5HalbHX0ce1dql4ckd,"F The Disco","Our Beats","Cavi",2020-01-24,284506,56,false,azvwtt6iohg3hran3hxv47xn6,2021-10-08T14:09:05Z,"disco house,funky house","Too Many Rules",0.734,0.776,5,-7.717,0,0.0992,0.00894,0.738,0.0916,0.793,124.018,4
spotify:track:22eUyC9vOG2aoP5yHX8VxV,"Deep Inside","Deep Inside (2009 Mixes)","Hardrive",2009,390560,0,false,azvwtt6iohg3hran3hxv47xn6,2021-09-18T01:01:34Z,"house de chicago,house,voguing","Strictly Rhythm Records",0.784,0.855,11,-7.425,0,0.0678,0.00842,0.00223,0.148,0.805,123.671,4
spotify:track:5jbz9ONajDOe1AW5c3ob5U,"Down Low","Down Low","Dombresky;Donnie Sloan;Ricky Ducati",2021-01-15,161048,49,false,azvwtt6iohg3hran3hxv47xn6,2021-11-24T21:36:32Z,"bass house,tech house,disco house,g-house,house","Armada Subjekt",0.675,0.805,4,-6.55,0,0.0346,0.0765,0.000974,0.182,0.762,122.017,4
spotify:track:4oK68YNIvg4J4lBvcwak6h,"Bosana","Bosana","El Mukuka;Gaz Mawete;HVMZA",2021-07-02,211073,25,false,azvwtt6iohg3hran3hxv47xn6,2021-09-20T02:58:30Z,"afro tech,afro house,3 step,house latino,tribal house,ndombolo,rumba congoleña,coupé décalé,gnawa","TONSPIEL Recordings",0.675,0.639,7,-8.781,1,0.0393,0.0061,0.333,0.368,0.393,120.989,4
spotify:track:5PZI5xTcMq8FsCcEroth7S,"Boneless","Boneless (Remixes)","Steve Aoki;Chris Lake;Tujamo",2013-09-10,270000,1,false,azvwtt6iohg3hran3hxv47xn6,2021-11-25T19:48:09Z,"electro house,edm,tech house,house,bass house","Ultra Records",0.743,0.962,11,-3.205,0,0.0628,0.00431,0.645,0.351,0.646,127.995,4
spotify:track:33tYADyL2aZctrvR59K1bQ,"Lauren (I Can't Stay Forever)","Lauren (I Can't Stay Forever)","Oden & Fatzo",2021-10-08,200625,70,false,azvwtt6iohg3hran3hxv47xn6,2021-11-23T21:24:17Z,"house,disco house","Columbia/B1 Recordings/Funfair Records",0.702,0.912,9,-8.687,0,0.0652,0.0773,0.309,0.0926,0.957,128.018,4
spotify:track:6JtT4a0Z406dz7A2f2vGBe,"Microdosing","Microdosing","UNIIQU3",2021-08-25,238167,39,true,azvwtt6iohg3hran3hxv47xn6,2021-09-18T06:59:08Z,"club de baltimore,jersey club,voguing,funky británico","Local Action",0.715,0.764,6,-8.232,0,0.0346,0.0485,0.165,0.175,0.634,130.972,4
spotify:track:3rAzWZSDHAOcwgv80ruxnc,"Pop It","Pop It","Cloonee",2021-03-12,214865,0,false,azvwtt6iohg3hran3hxv47xn6,2021-09-17T23:03:58Z,"tech house,house","CLNE",0.841,0.602,11,-7.87,1,0.0602,0.0107,0.152,0.141,0.904,129.984,4
spotify:track:08sfbGBXxJM7MIquO1lmAq,"Risk It All","Risk It All","Redondo;MALARKEY",2021-04-09,208647,0,false,azvwtt6iohg3hran3hxv47xn6,2021-09-17T23:20:22Z,"house,future house","FRCST RCRDS",0.66,0.918,6,-4.321,1,0.0486,0.0397,0.000206,0.126,0.432,122.065,4
spotify:track:3HLRmsXfHH8KYpMIY4VTVN,"Ride It","Pop That","Shermanology",2020-11-27,213750,0,false,azvwtt6iohg3hran3hxv47xn6,2021-09-18T20:35:40Z,"tech house,house","Sola",0.921,0.669,7,-7.967,1,0.163,0.0112,0.0931,0.0397,0.782,127.984,4
spotify:track:7qsp4rfDKKhR2Gh2RVCosD,"White Noise","Settle (Special Edition)","Disclosure;AlunaGeorge",2014-01-01,277687,33,false,azvwtt6iohg3hran3hxv47xn6,2021-09-17T23:03:50Z,"house","Universal-Island Records Ltd.",0.664,0.844,10,-6.164,0,0.0502,0.00963,0.000215,0.311,0.902,119.981,4
spotify:track:00s8ftA1VJgAgsOaQUqkvc,"River","River","Marco Lys;Rion S",2021-08-20,358095,0,false,azvwtt6iohg3hran3hxv47xn6,2021-11-23T21:53:45Z,"tech house,house,funky house","Superfett Records",0.694,0.778,1,-7.845,1,0.0607,0.00389,0.583,0.0414,0.117,125.996,4
spotify:track:3nCCJKuMNzIN77qfRqHIhy,"The Learning Process (feat. Tim Deluxe)","The Learning Process / Call It In","T.Williams;James Jacob;Tim Deluxe",2018-03-09,323595,0,false,azvwtt6iohg3hran3hxv47xn6,2021-09-17T23:04:58Z,"funky británico,jazz house,funky house","Strictly Rhythm Records",0.788,0.863,1,-8.041,1,0.105,0.0279,0.0626,0.176,0.603,120.012,4
spotify:track:5B2Fil0dJNfob1W8gpL5E4,"Love Vibration","Love Vibration","ESSEL",2021-10-08,180487,58,false,azvwtt6iohg3hran3hxv47xn6,2021-11-23T21:24:03Z,"tech house","Toolroom",0.773,0.903,11,-5.279,1,0.0417,0.00171,0.617,0.0476,0.762,123.926,4
spotify:track:2DrOVQdF9Mj0I5mkL4x2xD,"By My Side - Edit","By My Side (Edit)","Joshwa;Martin Badder",2021-02-12,178560,16,false,azvwtt6iohg3hran3hxv47xn6,2021-09-17T23:03:54Z,"tech house,house,house latino","Nervous Records",0.669,0.926,6,-9.758,1,0.0751,0.0283,0.0819,0.084,0.945,124.983,4
spotify:track:2bqd4mRsREgARXxFEHYlV1,"Higher","Feel Good","Norman Doray;Cavi;Emzy",2021-02-25,276370,0,false,azvwtt6iohg3hran3hxv47xn6,2021-11-25T21:58:09Z,"disco house,funky house","Too Many Rules",0.814,0.912,1,-5.085,1,0.315,0.0115,0.00194,0.0493,0.358,124.992,4
spotify:track:1ISAWm0AaDU1Y5TmUtDfXy,"Truth Speaks - Edit","The Backroom EP","Dennis Quin;Mr. V",2021-08-13,180937,3,false,azvwtt6iohg3hran3hxv47xn6,2021-09-17T23:35:47Z,"house,funky house","Heavy House Society",0.796,0.796,4,-7.745,0,0.074,0.00723,0.895,0.0602,0.461,128.007,4
spotify:track:6DB1uu3VcQqV6rae4lWze8,"Love You Again (feat. Akua)","Love You Again (feat. Akua)","Eden Prince;Akua",2021-04-02,176551,0,false,azvwtt6iohg3hran3hxv47xn6,2021-09-18T02:24:03Z,"","D4 D4NCE",0.791,0.772,6,-5.962,0,0.0395,0.00673,0.207,0.138,0.571,121.982,4
spotify:track:66VQZy5MSAHDvsE9x0f8wq,"Prayer - Media Mix","Prayer","Kerri Chandler;Rev F. L. Brown",2021-08-20,419808,3,false,azvwtt6iohg3hran3hxv47xn6,2021-09-17T23:39:35Z,"house,house de chicago,deep house","Kaoz Theory",0.732,0.952,7,-6.293,1,0.0592,0.0031,0.358,0.0798,0.478,124.994,4
spotify:track:3kPehpAFW5keiaMoEWWKA2,"Nobody Else - A-Trak Remix","Nobody Else","Axwell",2019-05-03,190000,48,false,azvwtt6iohg3hran3hxv47xn6,2021-09-17T23:43:59Z,"edm","Axtone Records",0.872,0.687,1,-5.689,1,0.0813,0.000316,0.0133,0.166,0.767,123.019,4
spotify:track:15wfVCTKuPvBLtYakoBntp,"Sundown","Sundown","Biscits",2020-04-17,211448,1,false,azvwtt6iohg3hran3hxv47xn6,2021-09-18T05:24:29Z,"tech house,house","Solotoko",0.774,0.886,1,-7.569,1,0.0501,0.0306,0.129,0.0252,0.868,125.012,4
spotify:track:7jBWTWugS5XLpsmEbwO639,"Give Em What They Want","Give Em What They Want","Mija",2021-06-04,242875,17,false,azvwtt6iohg3hran3hxv47xn6,2021-09-17T23:47:18Z,"","Hot Haus Recs",0.813,0.493,8,-8.764,0,0.0488,0.0205,0.767,0.107,0.331,123.993,4
spotify:track:6hzWWZjqHcoI2KIWpldo9v,"Somebody To Love","Somebody To Love","Ben Kim",2021-11-19,159375,43,false,azvwtt6iohg3hran3hxv47xn6,2021-11-23T21:23:08Z,"tech house","Realm Records",0.725,0.797,11,-6.023,0,0.03,0.00402,0.251,0.102,0.794,127.986,4
spotify:track:5V55t8Ss6n1zU9ScKrdYwP,"Armaghetton","Armaghetton","Marco Faraone;Greeko",2020-11-06,241866,0,false,azvwtt6iohg3hran3hxv47xn6,2021-09-18T00:05:57Z,"techno,tech house,disco house,funky house","Defected Records",0.885,0.775,6,-7.298,1,0.0459,0.00437,0.0000244,0.0171,0.786,130.007,4
spotify:track:0IDU2CjK6ayag6xjarO3kh,"Solid Gold (feat. bshp)","Solid Gold (feat. bshp)","Disciples;bshp",2021-03-19,198039,41,false,azvwtt6iohg3hran3hxv47xn6,2021-09-17T23:44:06Z,"","Ministry of Sound Recordings",0.866,0.699,7,-5.525,0,0.0408,0.129,0.00089,0.264,0.663,119.999,4
spotify:track:4suOHUdKByW9TMWodgwBKo,"Driver Seat","Driver Seat","Lady Bee;Cara Melín",2021-04-09,144761,0,false,azvwtt6iohg3hran3hxv47xn6,2021-09-18T02:24:12Z,"moombahton,future house","Mixmash Records",0.729,0.802,11,-6.363,0,0.056,0.013,0,0.114,0.507,126.005,4
spotify:track:7bkJN2IWu2ZkMZtxU1QpVX,"No Regrets","No Regrets","Catz 'n Dogz",2021-06-25,228637,0,false,azvwtt6iohg3hran3hxv47xn6,2021-11-25T21:28:54Z,"tech house,house","DFTD",0.815,0.834,10,-6.688,0,0.0758,0.00366,0.0839,0.025,0.793,127.992,4
spotify:track:2LRFxzkgsFtBCbmMKW3q3h,"Grrrr","One Love (Club Version)","David Guetta",2009-11-27,449280,26,false,azvwtt6iohg3hran3hxv47xn6,2021-09-18T00:55:00Z,"edm","Parlophone (France)",0.584,0.778,7,-8.518,1,0.135,0.0289,0.832,0.0832,0.366,125.057,4
spotify:track:5s7nFwGLm6V2PUVhX45Sbi,"Up All Night","Up All Night","OFFAIAH",2021-08-27,161973,0,false,azvwtt6iohg3hran3hxv47xn6,2021-10-11T16:08:35Z,"tech house","DFTD",0.757,0.947,1,-5.388,1,0.0649,0.0311,0.00261,0.148,0.943,122.975,4
spotify:track:4m2F7zW4Uy5D4oKWaoCcPk,"Phonesex","Phonesex","Endor",2019-03-29,248181,28,false,azvwtt6iohg3hran3hxv47xn6,2021-09-18T20:02:30Z,"","Strangelove",0.827,0.825,0,-5.774,0,0.0701,0.0028,0.0367,0.0243,0.692,123.984,4
spotify:track:411RWOOUp6WUqoJ0lof45R,"Blow Your Whistle '21","Blow Your Whistle '21","DJ Duke;TCTS",2021-06-11,191612,0,false,azvwtt6iohg3hran3hxv47xn6,2021-09-18T06:43:01Z,"house de chicago,deep house,house latino","Electronic Nature",0.697,0.967,7,-4.8,1,0.048,0.00103,0.398,0.0916,0.899,123.992,4
spotify:track:37qV9lhTq40KXUoPLXfGZ6,"Fur","Fur","Endor",2020-10-02,162667,0,false,azvwtt6iohg3hran3hxv47xn6,2021-09-18T19:51:51Z,"","Defected Records",0.809,0.926,9,-8.778,1,0.139,0.021,0.152,0.0775,0.467,127.024,4
spotify:track:7EMvpXEixa7Avso3MWKE33,"Hit The Road Jack","Hit The Road Jack","Kevin McKay;Wayne Hernandez",2021-06-18,156190,0,false,azvwtt6iohg3hran3hxv47xn6,2021-09-18T18:43:24Z,"tech house,disco house,funky house","Glasgow Underground",0.753,0.903,3,-7.395,0,0.051,0.000671,0.0789,0.105,0.813,126.011,4
spotify:track:2MLN5oiw0yDLOZYbNlEOM9,"Let's Rave","Let's Rave","Cloonee",2020-10-09,215792,0,false,azvwtt6iohg3hran3hxv47xn6,2021-09-18T18:43:43Z,"tech house,house","Black Book Records, LLC",0.93,0.555,9,-7.533,1,0.254,0.0397,0.471,0.0569,0.505,127.001,4
spotify:track:4Qg0RPmZuKH8a8ZKX9gIEG,"Housepompertje","Lekker Setje Beats","Klaus Veen",2020-07-09,157857,0,false,azvwtt6iohg3hran3hxv47xn6,2021-10-12T12:45:12Z,"rally house,house","Klaus Veen Records",0.96,0.827,11,-7.812,0,0.382,0.234,0.94,0.106,0.405,127.751,4
spotify:track:2gmjeSpQI7dvGLLcsu6SQq,"Soldier","Soldier","OFFAIAH",2019-11-08,190040,0,false,azvwtt6iohg3hran3hxv47xn6,2021-11-25T21:53:35Z,"tech house","Defected Records",0.826,0.947,4,-4.554,0,0.0775,0.00105,0.776,0.22,0.903,122.999,4
spotify:track:1TvazP1ZwXFtJnkO3FcGsD,"Love You Better","Love You Better","Alex Preston",2021-04-09,194754,47,false,azvwtt6iohg3hran3hxv47xn6,2021-09-17T23:05:10Z,"disco house,funky house,nu disco","Toolroom Records",0.768,0.947,7,-6.128,1,0.156,0.0492,0.148,0.198,0.549,122.011,4
spotify:track:4icPhVxzQ098r5eyywM4cf,"Hot","Soldier March","Shermanology",2020-06-12,350491,0,false,azvwtt6iohg3hran3hxv47xn6,2021-09-19T21:24:18Z,"tech house,house","Rawthentic",0.799,0.728,8,-7.253,1,0.058,0.000684,0.0067,0.0792,0.281,125.995,4
spotify:track:6nGtbklEfeXapvjTbV8kzn,"Alive (with Roland Clark)","Alive (with Roland Clark)","David Guetta;Jack Back;Fancy Inc;Roland Clark",2021-11-12,221471,34,false,azvwtt6iohg3hran3hxv47xn6,2021-11-23T21:24:13Z,"edm,tech house,graves brasileños,electrónica","Sink or Swim",0.68,0.912,11,-8.785,1,0.058,0.0149,0.0316,0.69,0.327,124.994,4
spotify:track:6JyKEYpkTA1kfgfQC6XU9O,"Sing Your Praises - Shermanology Remix","Sing Your Praises","DEMOU;Shermanology",2020-12-11,183095,1,false,azvwtt6iohg3hran3hxv47xn6,2021-09-20T18:47:15Z,"tech house,house","Nothing Else Matters",0.75,0.819,0,-6.179,0,0.113,0.0503,0.795,0.0847,0.714,126.043,4
spotify:track:5zdkUzguZYAfBH9fnWn3Zl,"Need U (100%) (feat. A*M*E) - Radio Edit","Need U (100%) (feat. A*M*E) [Remixes]","Duke Dumont;A*M*E",2013-03-29,174121,62,false,azvwtt6iohg3hran3hxv47xn6,2021-10-11T17:50:51Z,"house","EMI",0.67,0.848,0,-5.103,0,0.0538,0.00172,0.00168,0.385,0.457,124.031,4
spotify:track:7xbBNB9bivza5vrYfnZJYg,"Dancing","Dancing","James Hype",2021-10-08,240480,61,false,azvwtt6iohg3hran3hxv47xn6,2021-11-23T21:23:59Z,"house,tech house","Musical Freedom",0.74,0.877,1,-8.357,1,0.0497,0.372,0.544,0.0886,0.377,125.033,4
spotify:track:7DcAjS9hoBc679Q7T9QEhn,"Lying (feat. Lauren Ackie)","Lying (feat. Lauren Ackie)","Endor;Lauren Ackie",2018-07-13,197303,35,false,azvwtt6iohg3hran3hxv47xn6,2021-10-10T18:25:29Z,"r&b británico","POTION",0.685,0.708,1,-6.651,1,0.0918,0.028,0.0000425,0.111,0.223,124.004,4
spotify:track:7B78e8J9fBvQueHCiIW3U9,"Get Loose","Champion Sound","Shermanology",2021-01-22,332598,0,false,azvwtt6iohg3hran3hxv47xn6,2021-09-20T18:46:43Z,"tech house,house","Rawthentic",0.805,0.71,7,-9.358,1,0.0825,0.00015,0.557,0.102,0.144,127.014,4
spotify:track:1EpF7SUZOEdYXAJF6QC43Z,"Pop That","Pop That","Shermanology",2020-11-27,217500,0,true,azvwtt6iohg3hran3hxv47xn6,2021-09-18T05:05:30Z,"tech house,house","Sola",0.954,0.828,5,-7.593,0,0.207,0.0139,0.0459,0.129,0.74,128.045,4
spotify:track:0LZzGrLgxK8e0V6IoAQtd5,"Sway","Sway","Endor",2021-04-30,210491,0,false,azvwtt6iohg3hran3hxv47xn6,2021-09-18T19:51:43Z,"","Repopulate Mars",0.848,0.664,8,-11.783,1,0.0772,0.1,0.204,0.0425,0.34,126.026,4
spotify:track:38HvJkH21S2bRciZHohv68,"Hipcats","Hipcats","ATFC;David Penn",2018-02-26,129836,51,false,azvwtt6iohg3hran3hxv47xn6,2021-10-08T16:17:23Z,"disco house,funky house,house,tech house","Armada Subjekt",0.89,0.958,0,-4.955,1,0.0582,0.000366,0.00203,0.0227,0.796,122.013,4
spotify:track:2GghS6kMPjDjwILF3RkbFw,"In My Head","In My Head","Biscits",2021-08-13,207250,0,false,azvwtt6iohg3hran3hxv47xn6,2021-10-11T16:07:41Z,"tech house,house","Thrive Music, LLC",0.859,0.79,6,-7.329,1,0.0672,0.0111,0.803,0.0751,0.777,124.993,4
spotify:track:1Nmpik7XpASyFNo2eo84FQ,"Shonuff","Di Nobo / Shonuff","Shermanology",2021-08-13,241889,0,false,azvwtt6iohg3hran3hxv47xn6,2021-09-18T20:34:17Z,"tech house,house","D'EAUPE",0.879,0.684,11,-6.594,0,0.204,0.000197,0.374,0.0643,0.663,126.963,4
spotify:track:6UnIzJce5oPkbZNLtOrQpR,"Boyz N Da Club","Boyz N Da Club","Shermanology",2021-04-30,377000,0,false,azvwtt6iohg3hran3hxv47xn6,2021-09-17T23:05:53Z,"tech house,house","D'EAUPE",0.861,0.78,7,-5.994,1,0.0944,0.00205,0.464,0.0824,0.683,128.956,4
spotify:track:1gszngUcQgdhwKFqwqQa7y,"Work (feat. Dave Giles II) - Extended Mix","Linger","Austin Ato;Dave Giles II",2021-08-27,297863,0,false,azvwtt6iohg3hran3hxv47xn6,2021-09-17T23:33:30Z,"disco house,funky house,hip house","Classic Music Company",0.832,0.81,11,-8.472,0,0.0682,0.314,0.202,0.106,0.529,128.992,4
spotify:track:1dQtt3K8GyPmH7ZD1LJ2ox,"Hit List","Hit List","Bleu Clair;Drinks On Me",2020-11-19,166776,36,false,azvwtt6iohg3hran3hxv47xn6,2021-10-07T09:07:49Z,"bass house,tech house,g-house,uk garage,bassline","Monstercat",0.803,0.902,1,-2.934,1,0.0676,0.00533,0.667,0.111,0.628,126.999,4
spotify:track:5whiPPRn248jYANBCMzQoB,"The Answer (featuring Arthur Baker & Victor Simonelli)","The Answer (featuring Arthur Baker & Victor Simonelli)","Chris Lake;Armand Van Helden;Arthur Baker;Victor Simonelli",2020-11-20,203720,42,false,azvwtt6iohg3hran3hxv47xn6,2021-09-18T00:05:39Z,"tech house,house,bass house,disco house,house de chicago","Black Book Records/Astralwerks",0.728,0.898,10,-4.652,0,0.125,0.0433,0.0536,0.261,0.502,125.974,4
spotify:track:5pUlxRQAiCYxrJ0LyfaYdl,"U Got My Love","U Got My Love","Guz",2020-04-24,157080,41,false,azvwtt6iohg3hran3hxv47xn6,2021-09-21T01:54:24Z,"tech house,house","Sink or Swim",0.922,0.67,7,-4.823,1,0.314,0.0617,0.115,0.333,0.344,125.007,4
spotify:track:3W2bm5HR9tnS4ENFNJJ4XF,"House & Pressure","House & Pressure","Route 94",2017-05-26,148571,0,false,azvwtt6iohg3hran3hxv47xn6,2021-10-01T22:54:13Z,"house","Hot Creations",0.868,0.66,10,-6.079,0,0.057,0.00454,0.205,0.0843,0.389,125.983,4
spotify:track:0AQ1twwDGVlIVpcHDkGkXD,"Sleepless","Sleepless","D.O.D",2021-02-05,185730,59,false,azvwtt6iohg3hran3hxv47xn6,2021-09-17T23:05:06Z,"house","Axtone Records",0.453,0.717,6,-5.362,0,0.0468,0.0335,0.871,0.151,0.644,126.053,4
spotify:track:54hA0ldJYyT1huGfSeOjdQ,"On My Mind","Do You Dance?","Diplo;SIDEPIECE",2021-03-12,189268,67,false,azvwtt6iohg3hran3hxv47xn6,2021-09-17T23:05:00Z,"moombahton,tech house,edm","Higher Ground",0.771,0.729,7,-6.577,1,0.0408,0.00161,0.672,0.217,0.63,123.027,4
spotify:track:1olCzMxaeiQKNO64ssWVGr,"Talk About","Talk About","Rain Radio;DJ Craig Gorman",2021-05-14,161040,60,false,azvwtt6iohg3hran3hxv47xn6,2021-09-17T23:05:21Z,"","Polydor Records",0.814,0.874,6,-5.316,1,0.0425,0.000222,0.522,0.276,0.434,123.992,4
spotify:track:6A2skETYZgyhmeJez4BV6I,"Glimmer","Rhythm Sister - EP","Alinka",2021-04-23,210000,6,false,azvwtt6iohg3hran3hxv47xn6,2021-09-18T02:24:18Z,"house de chicago,acid house,indie dance","Needwant",0.703,0.662,9,-12.14,0,0.0351,0.00225,0.938,0.155,0.606,127.987,4
spotify:track:0RD27NcbftTkhb1NlxQMGR,"Sweet Dreams","Sweet Dreams","Marcus Layton",2020-07-03,151989,59,false,azvwtt6iohg3hran3hxv47xn6,2021-09-18T06:12:29Z,"","Selected.",0.732,0.714,0,-7.432,0,0.0791,0.332,0.00000105,0.131,0.376,121.982,4
spotify:track:5D1zGVDJTOqwaGSzYw5TtP,"Red Light Green Light - For Club Play Only, Pt. 6","Red Light Green Light (For Club Play Only, Pt. 6)","Duke Dumont;Shaun Ross",2019-02-22,211208,61,false,azvwtt6iohg3hran3hxv47xn6,2021-09-18T06:31:15Z,"house","EMI",0.811,0.825,2,-5.48,1,0.0654,0.000646,0.517,0.0689,0.95,124.005,4
spotify:track:0qaWEvPkts34WF68r8Dzx9,"Turn Me On (feat. Vula)","Turn Me On (feat. Vula)","Riton;Oliver Heldens;Vula",2019-09-13,208473,69,false,azvwtt6iohg3hran3hxv47xn6,2021-09-18T06:32:58Z,"house,future house,disco house,r&b británico","Ministry of Sound Recordings",0.737,0.828,11,-4.711,1,0.0396,0.0149,0.000588,0.0862,0.517,124.051,4
spotify:track:6E1VvKBTi0FtLhE8b6GxbE,"Insomnia 2021 - Epic Edit","Insomnia 2021","Maceo Plex;Faithless",2021-06-11,288238,48,false,azvwtt6iohg3hran3hxv47xn6,2021-10-11T16:08:42Z,"techno melódico,techno,minimal techno,tech house,trip hop","Ministry of Sound Recordings",0.643,0.968,4,-5.323,0,0.0589,0.029,0.0426,0.0994,0.23,126.028,4
spotify:track:5s6SIYaMtVHYmrLXRHaKYq,"All Good - TR524","Toolroom Radio EP524 - Presented by Mark Knight","J. Worra",2020-04-13,193548,0,false,azvwtt6iohg3hran3hxv47xn6,2021-09-18T00:04:32Z,"house,tech house","Toolroom",0.758,0.868,11,-9.899,1,0.106,0.0264,0.358,0.155,0.491,124.003,4
spotify:track:572VTntbZiT43hfbp1hhKQ,"Let Me Dance","For Club Play Only, Pt. 7","Duke Dumont;Kid Enigma",2021-05-21,180961,34,false,azvwtt6iohg3hran3hxv47xn6,2021-09-17T23:43:50Z,"house,tech house","Club Blasé / EMI",0.843,0.753,9,-7.45,1,0.113,0.0000696,0.126,0.1,0.577,127.981,4
spotify:track:3y8UYe62ldlvxRgAFGovZq,"Only One","Only One","Jaden Thompson",2021-07-05,181618,37,false,azvwtt6iohg3hran3hxv47xn6,2021-09-18T16:19:39Z,"tech house","Kitsuné Musique Singles",0.74,0.839,9,-8.01,0,0.0521,0.0752,0.616,0.0746,0.725,129.033,4
spotify:track:6OtWYitKPq5RJdmbjuRFCf,"Feel My Needs - Original Mix","Feel My Needs","WEISS",2018-05-04,364672,41,false,azvwtt6iohg3hran3hxv47xn6,2021-09-18T00:07:28Z,"house,disco house","Toolroom Records",0.826,0.64,3,-6.557,0,0.0544,0.0017,0.856,0.0273,0.762,122.003,4
spotify:track:3TTMESPMxybEdsMsP1f8Xm,"Headrush (feat. Elroii)","Headrush (feat. Elroii)","MEDUZA;Elroii",2021-05-14,170322,0,false,azvwtt6iohg3hran3hxv47xn6,2021-09-17T23:19:53Z,"","Insomniac Records",0.623,0.673,8,-8.252,1,0.0613,0.0537,0.65,0.155,0.384,124.01,4
spotify:track:6PslLP8aOsBre5vzdXKEQr,"Closer - Edit","Closer","Jaden Thompson",2021-03-12,176612,43,false,azvwtt6iohg3hran3hxv47xn6,2021-09-17T23:03:46Z,"tech house","Three Six Zero Recordings",0.794,0.902,8,-7.829,1,0.0503,0.00315,0.746,0.161,0.796,127.013,4
spotify:track:2AZo3hWWkaJjfSLcHRxG41,"Gold","Gold","Rhiannon Roze;Bleu Clair",2021-03-26,215290,0,false,azvwtt6iohg3hran3hxv47xn6,2021-09-17T23:44:35Z,"bass house,g-house,tech house","Box of Cats",0.783,0.938,11,-5.935,0,0.0628,0.0025,0.584,0.0944,0.455,125.019,4
spotify:track:68g1qOPwJ3v74aWznBjAQg,"Voices","Settle (Special Edition)","Disclosure;Sasha Keable",2014-01-01,249094,27,false,azvwtt6iohg3hran3hxv47xn6,2021-09-17T23:04:48Z,"house,r&b británico","Universal-Island Records Ltd.",0.911,0.738,8,-4.45,0,0.146,0.00275,0.0468,0.0461,0.697,125.008,4
spotify:track:77e0lnvWMyji6LrUlNSYhZ,"Chemical","Chemical","MK",2021-05-21,162318,44,false,azvwtt6iohg3hran3hxv47xn6,2021-09-17T23:19:38Z,"house","Columbia",0.717,0.762,9,-7.419,1,0.0398,0.0456,0.758,0.0866,0.408,122.022,4
spotify:track:1H5aqJh1n2xJPTVc7D0aqR,"Alter Ego","For Club Play Only, Pt. 7","Duke Dumont;Channel Tres",2021-05-21,205496,39,true,azvwtt6iohg3hran3hxv47xn6,2021-09-17T23:43:56Z,"house,hip house","Club Blasé / EMI",0.733,0.903,8,-6.019,1,0.0627,0.00592,0.489,0.0803,0.728,124.992,4
spotify:track:67zI1ZBVGb4TwvKEgXZfD7,"VIBRATION","VIBRATION","DONT BLINK",2020-10-30,226560,47,false,azvwtt6iohg3hran3hxv47xn6,2021-09-18T18:43:27Z,"tech house,bass house","Sink or Swim",0.801,0.998,9,-5.202,0,0.0562,0.0619,0.904,0.055,0.691,125.037,4
spotify:track:7M3CNHAVxcWF4tkINGNREk,"Geezers","8 Elements","Endor",2019-01-24,228586,10,false,azvwtt6iohg3hran3hxv47xn6,2021-10-10T18:24:13Z,"","Animal Language",0.824,0.593,1,-9.428,1,0.056,0.000222,0.00273,0.0703,0.12,125.99,4
spotify:track:79stc5IZkTeEDjkWu5TsxS,"Ameno","Ameno","Vieze Asbak",2021-08-14,147968,0,false,azvwtt6iohg3hran3hxv47xn6,2021-11-24T21:04:36Z,"hard techno,techno,gabber,tekno,techno hardcore,hardcore","Vieze Asbak",0.805,0.508,1,-13.79,1,0.23,0.58,0.604,0.327,0.0817,149.981,4
spotify:track:0NX3Jo8fWX20zwXPwxLLAR,"Champion Sound","Champion Sound","Shermanology",2021-01-22,366720,0,false,azvwtt6iohg3hran3hxv47xn6,2021-09-20T18:46:33Z,"tech house,house","Rawthentic",0.672,0.553,6,-10.05,1,0.475,0.0307,0.462,0.105,0.816,124.804,4
spotify:track:55eUMiXUZQgMhHsOmLYjTc,"My Way - Extended Mix","To The Light","Jaden Thompson",2020-09-11,420345,0,false,azvwtt6iohg3hran3hxv47xn6,2021-09-21T12:04:09Z,"tech house","Classic Music Company",0.799,0.905,5,-7.898,0,0.0601,0.00651,0.833,0.0709,0.255,128.002,4
spotify:track:7qSir4k9bWD6lIXI3Td5Pg,"Time To Get Physical - Sonny Fodera Remix (Mixed)","Defected Worldwide (DJ Mix)","NiCe7;Sonny Fodera",2019-12-13,201290,0,false,azvwtt6iohg3hran3hxv47xn6,2021-09-18T19:54:16Z,"tech house,deep house,house","Defected Records",0.894,0.586,7,-8.421,1,0.172,0.0542,0.36,0.196,0.565,124.003,4
spotify:track:5zlmuGByHbDKfdLLzGF1UZ,"When A Fire Starts To Burn","Disclosure Classics","Disclosure",2021-03-19,283705,9,false,azvwtt6iohg3hran3hxv47xn6,2021-09-17T23:04:45Z,"house","UME - Global Clearing House",0.863,0.732,7,-6.956,1,0.21,0.00963,0.0012,0.243,0.672,123.96,4
spotify:track:01w52Oc4gtQd2qK52gmFG7,"Feelin This - Mixed","Defected Worldwide (DJ Mix)","Aaaron",2019-12-13,387096,0,false,azvwtt6iohg3hran3hxv47xn6,2021-09-18T19:54:16Z,"afro tech,house melódico,afro house","Defected Records",0.803,0.567,10,-8.313,1,0.0445,0.0000982,0.495,0.0844,0.508,123.996,4
spotify:track:23GmUDrC39y8tXG7fhYJDh,"To The Light - Extended Mix","To The Light","Jaden Thompson",2020-09-11,330383,0,false,azvwtt6iohg3hran3hxv47xn6,2021-09-21T12:04:09Z,"tech house","Classic Music Company",0.796,0.745,2,-7.608,1,0.0621,0.00118,0.865,0.0959,0.168,128,4
spotify:track:3Nu6och4FpCM0kpLqLGee0,"Funk U","Funk U","WEISS;A-Trak",2021-01-29,185072,0,false,azvwtt6iohg3hran3hxv47xn6,2021-10-08T14:08:53Z,"house,disco house","Fool's Gold Records",0.723,0.653,10,-9.047,0,0.0408,0.0019,0.853,0.158,0.624,123.988,4
spotify:track:4irArQHgo7Cs3Y7lOPYBCI,"Sexiest Man In Jamaica","Sexiest Man In Jamaica","Endor",2018-08-31,197429,35,false,azvwtt6iohg3hran3hxv47xn6,2021-09-18T18:40:17Z,"","Endor",0.89,0.781,4,-5.953,0,0.0679,0.000372,0.604,0.0828,0.18,122.977,4
spotify:track:58C76DX4dF49trdcdYSAtM,"Master Blaster - Extended Mix (Mixed)","Defected Worldwide (DJ Mix)","Filta Freqz",2019-12-13,356129,0,false,azvwtt6iohg3hran3hxv47xn6,2021-09-18T19:54:16Z,"funky house,disco house,hip house","Defected Records",0.921,0.848,9,-6.39,0,0.111,0.014,0.00451,0.0788,0.61,123.962,4
spotify:track:3vBm6K0gBbMKnV5bCod78j,"2031","2031","Shermanology",2021-06-18,191428,0,false,azvwtt6iohg3hran3hxv47xn6,2021-09-18T20:34:31Z,"tech house,house","Sola Nauts",0.737,0.771,9,-7.657,1,0.0509,0.0259,0.0667,0.556,0.246,126.005,4
spotify:track:6QNOYe6I5Dt7oHtcIkmYZ5,"Love You Like That","Love You Like That","Cloonee",2021-09-17,175000,0,false,azvwtt6iohg3hran3hxv47xn6,2021-09-18T05:04:09Z,"tech house,house","CLNE",0.911,0.656,8,-11.725,0,0.0965,0.00814,0.000327,0.114,0.918,124.957,4
spotify:track:1Ao1M3ETHP7t5HKIJdKvui,"Rain","Calle EP","Shermanology",2021-05-21,234566,0,false,azvwtt6iohg3hran3hxv47xn6,2021-09-20T18:45:56Z,"tech house,house","Repopulate Mars",0.896,0.558,4,-9.209,1,0.244,0.00518,0.0184,0.117,0.62,126.943,4
spotify:track:1Fp1C2kQBNPNL7nWgQ7hVs,"OK - Cool - Aight feat. Conquer Jones","Bon Bini EP","Shermanology;Conquer Jones",2020-09-11,389133,0,false,azvwtt6iohg3hran3hxv47xn6,2021-09-18T00:05:59Z,"tech house,house","Hot Creations",0.871,0.818,11,-9.285,0,0.208,0.0156,0.0839,0.221,0.46,124.935,4
spotify:track:4eHlj1PuYqkjmHRlLBpCjU,"Calle ft. Villanueva","Calle EP","Shermanology;Villanueva",2021-05-21,213953,0,false,azvwtt6iohg3hran3hxv47xn6,2021-09-20T18:45:48Z,"tech house,house","Repopulate Mars",0.869,0.77,5,-9.221,0,0.0792,0.00723,0.478,0.113,0.853,129.007,4
spotify:track:5VmpigDDjTlFFQUBXMwZDO,"Techno Disco (feat. Kay Elizabeth)","Techno Disco (feat. Kay Elizabeth)","Hilit Kolet;Kay Elizabeth",2021-09-03,124130,0,false,azvwtt6iohg3hran3hxv47xn6,2021-09-17T23:27:21Z,"","Defected Records",0.841,0.73,4,-6.75,0,0.0488,0.00102,0.000195,0.0983,0.717,123.994,4
spotify:track:2InRDqx9gCEDiPulBhSyGJ,"New York 93 - Baba Stiltz Remix","Remixes, Vol. 1","Yaeji;Baba Stiltz",2017-08-01,355121,0,false,azvwtt6iohg3hran3hxv47xn6,2021-09-18T06:22:33Z,"lo-fi house","GODMODE",0.863,0.486,11,-8.494,0,0.0666,0.0276,0.904,0.108,0.645,123.009,4
spotify:track:2Q7DRtNo4Hc5AjmV0Xx8mf,"Body Language","Defected In The House Miami 2017","M.A.N.D.Y.;Booka Shade",2017-03-03,435975,0,false,azvwtt6iohg3hran3hxv47xn6,2021-09-17T23:05:29Z,"minimal techno,house melódico,techno melódico,electrónica","Defected Records",0.798,0.671,4,-10.454,0,0.0553,0.0116,0.907,0.103,0.83,129.993,4
spotify:track:4C2ohxfUodwGkMN67lxGbs,"Beat Freak (ft. lau.ra)","Beat Freak (ft. lau.ra)","Chris Lake;Riva Starr;lau.ra",2021-03-26,214309,48,false,azvwtt6iohg3hran3hxv47xn6,2021-09-17T23:04:16Z,"tech house,house,bass house","Black Book Records/Astralwerks",0.886,0.694,9,-5.322,0,0.0448,0.0123,0.44,0.13,0.962,126.018,4
spotify:track:4gRAniZdYF2zVrDUsNC9tU,"raingurl","raingurl","Yaeji",2017-10-30,237231,1,false,azvwtt6iohg3hran3hxv47xn6,2021-09-18T06:22:22Z,"","GODMODE",0.929,0.572,6,-6.928,0,0.0506,0.017,0.00353,0.122,0.288,128.014,4
spotify:track:67HyjqnCqcAFx4jTrRHGjN,"H O U S E - Edit","#Ibiza 2021","Gettoblaster;Missy",2021-07-02,162579,0,false,azvwtt6iohg3hran3hxv47xn6,2021-10-08T13:34:59Z,"house de chicago,tech house","Front of House Recordings",0.769,0.735,0,-6.122,0,0.054,0.000644,0.55,0.0856,0.752,123.994,4
spotify:track:7zbqPeaFvWCKwkITKFI8V7,"H O U S E","H O U S E","Gettoblaster;Missy",2021-02-05,342136,0,false,azvwtt6iohg3hran3hxv47xn6,2021-09-17T23:04:34Z,"house de chicago,tech house","Superfett Records",0.763,0.766,7,-6.087,1,0.0528,0.000097,0.832,0.111,0.462,123.991,4
spotify:track:5T4gNNMxxcvyRQnBur7nf6,"Chi Ci Pensa","Chi Ci Pensa EP","Noha;Alex Tea;Pathagonia",2019-03-22,454761,23,false,azvwtt6iohg3hran3hxv47xn6,2021-09-17T23:05:44Z,"dub techno,minimal techno","Panick Panick",0.807,0.729,11,-10.247,1,0.0753,0.000339,0.821,0.0552,0.285,126.011,4
spotify:track:6yjlBk9YgXUUFnugPJwhT2,"I Like That One","I Like That One","NR:TN;Owen Norton",2020-01-24,174193,13,false,azvwtt6iohg3hran3hxv47xn6,2021-09-18T06:15:19Z,"","NR:TN Music",0.905,0.551,6,-8.486,1,0.129,0.0781,0.0291,0.121,0.38,124.008,4
spotify:track:4xfYNH75F5Ji7CJ1v0OMM9,"The Music","The Music","Kideko;Saffron Stone",2021-04-30,146412,40,false,azvwtt6iohg3hran3hxv47xn6,2021-09-18T06:13:27Z,"house,tech house","Armada Subjekt",0.741,0.855,7,-4.603,1,0.0372,0.00166,0.0042,0.285,0.756,123.988,4
spotify:track:5mPFXECMRYfPOqm8gGfCEc,"Be Randy","Be Randy","Dom Dolla;Torren Foot",2017-07-14,195737,51,false,azvwtt6iohg3hran3hxv47xn6,2021-09-18T06:23:48Z,"house,tech house","Club Sweat",0.758,0.71,8,-6.469,1,0.046,0.00757,0.00255,0.0822,0.644,121.98,4
spotify:track:0gnPONZvU8go7Cze5A9HoJ,"Tell Me Something","Tell Me Something","Maxinne;Lauren L'aimant",2021-03-05,226451,21,false,azvwtt6iohg3hran3hxv47xn6,2021-09-18T06:35:22Z,"tech house,drum and bass,house melódico","Toolroom",0.683,0.834,11,-6.086,0,0.0421,0.02,0.341,0.1,0.595,123.997,4
spotify:track:6M0cy8N7KQhaYbJ7088D28,"Foreign Language (feat. Jess)","Foreign Language","Flight Facilities;Jess",2011,244080,0,false,azvwtt6iohg3hran3hxv47xn6,2021-09-18T06:32:03Z,"nu disco","Future Classic",0.83,0.789,11,-6.042,0,0.0706,0.197,0.00000152,0.491,0.815,124.024,4
spotify:track:5fYN8kPYyAWWJUBX57vmXb,"Details (feat. Boy Matthews)","Details (feat. Boy Matthews)","Oliver Heldens;Boy Matthews",2020-04-17,156912,44,false,azvwtt6iohg3hran3hxv47xn6,2021-09-18T06:32:38Z,"future house,house","Kangarooli Tracks/RCA Records",0.751,0.714,2,-6.502,0,0.0379,0.0259,0.000504,0.0508,0.529,120.007,4
spotify:track:7rGxWoUyNno5ztljshnN7o,"Do This Forever","No Real Rush","Lxury",2020-05-20,300000,0,false,azvwtt6iohg3hran3hxv47xn6,2021-09-17T23:44:01Z,"","Fool's Gold Records",0.689,0.874,6,-8.228,0,0.0631,0.000301,0.623,0.41,0.154,121.5,4
spotify:track:4FvJTqvTXr0e4reHF6CKH8,"Spiritual Thing","Spiritual Thing","Marvin Aloys;PvssyCat;Roland Clark",2021-08-06,218880,19,false,azvwtt6iohg3hran3hxv47xn6,2021-10-11T16:09:35Z,"disco house,funky house,nu disco,bass house","Milk & Sugar Recordings",0.728,0.887,0,-6.315,1,0.258,0.00047,0.0625,0.118,0.588,125.073,4
spotify:track:2vdnhjCbTCjDh5xXBkiuTl,"Play It By Ear","Play It By Ear","OFFAIAH",2020-07-24,181934,0,false,azvwtt6iohg3hran3hxv47xn6,2021-11-25T21:53:31Z,"tech house","Defected Records",0.834,0.704,1,-5.721,0,0.0534,0.00353,0.000157,0.169,0.481,120.009,4
spotify:track:03mLAlhYmKXxquY4jub842,"Day Spa","Day Spa","Eduardo Muchacho",2018-03-29,224754,49,false,azvwtt6iohg3hran3hxv47xn6,2021-09-18T02:23:59Z,"lo-fi house","Universal Music Australia Pty. Ltd.",0.888,0.847,5,-8.088,0,0.18,0.447,0.311,0.269,0.486,122.006,4
spotify:track:07PSGQ8vwLkuvxkWX6QVxY,"Heartbreaker","Heartbreaker","The Stickmen Project",2020-11-06,150764,51,false,azvwtt6iohg3hran3hxv47xn6,2021-09-17T23:19:09Z,"","66 MUSIC LTD",0.773,0.726,5,-5.241,0,0.0855,0.0818,0.00000402,0.116,0.523,123.071,4
spotify:track:0wIvuXIoTyPvByoztyGFaW,"You Know What I Got - Edit","You Know What I Got","Maceo Plex;Liberty City",2021-10-01,171162,26,false,azvwtt6iohg3hran3hxv47xn6,2021-10-11T16:05:14Z,"techno melódico,techno,minimal techno,tech house","Ministry of Sound Recordings",0.717,0.842,2,-6.348,1,0.0403,0.103,0.445,0.0972,0.678,129.232,4
spotify:track:70n69mBQ7kaNPHpky7UEpF,"On And On","On And On","MOTi;L4TCH",2021-02-05,171780,29,false,azvwtt6iohg3hran3hxv47xn6,2021-09-18T06:35:54Z,"big room,future house,edm,slap house","ZEROCOOL",0.666,0.869,7,-5.653,0,0.0315,0.0234,0.00194,0.303,0.409,125.006,4
spotify:track:2vIbUh19OnTOowANSg3y6d,"Defeated No More","Settle (Special Edition)","Disclosure;Edward MacFarlane",2013-06-03,367768,42,false,azvwtt6iohg3hran3hxv47xn6,2021-09-17T23:08:12Z,"house","Universal-Island Records Ltd.",0.751,0.765,2,-5.961,1,0.305,0.00569,0,0.367,0.629,115.99,4
spotify:track:2E2VydD1HO86zyFUDtNBzB,"Get Stupid - Extended Mix","Get Stupid","Cloonee",2020-08-28,368125,28,true,azvwtt6iohg3hran3hxv47xn6,2021-09-18T05:06:50Z,"tech house,house","Uprise Music",0.807,0.819,2,-10.373,1,0.067,0.00124,0.069,0.0684,0.782,128.006,4
spotify:track:2bJI1RpSdjVhTdtcwdP7IN,"Observer Effect - DJ-Kicks","Observer Effect (DJ-Kicks)","Disclosure",2021-09-21,348953,26,false,azvwtt6iohg3hran3hxv47xn6,2021-10-11T16:04:57Z,"house","!K7 Records",0.796,0.735,8,-8.001,1,0.0735,0.0000463,0.91,0.0944,0.323,128.999,4
spotify:track:6AHpNcQVOpu7TwBRqAHGlN,"Weightless - DJ Seinfeld Remix","Weightless (DJ Seinfeld Remix)","Ben Böhmer;Panama;DJ Seinfeld",2021-03-12,230873,0,false,azvwtt6iohg3hran3hxv47xn6,2021-09-18T06:27:26Z,"house melódico,techno melódico,house progresivo,deep house,lo-fi house","Future Classic",0.642,0.879,4,-7.46,0,0.0492,0.0102,0.844,0.355,0.277,127.968,4
spotify:track:1EWsVHU4FNAdtN4R8FETag,"Push The Feeling On - Mk Dub Revisited Edit","Push The Feeling On","Nightcrawlers;MK",1995,243160,76,false,azvwtt6iohg3hran3hxv47xn6,2021-09-18T21:23:12Z,"house","UMC (Universal Music Catalogue)",0.793,0.5,6,-13.108,0,0.0319,0.028,0.0000196,0.186,0.833,123.017,4
spotify:track:3wAiEAztSIkj81KkZEvCBN,"House Want You (feat. Martin Wilson)","House Want You (feat. Martin Wilson)","The Deepshakerz;Martin Wilson",2020-04-10,249620,0,false,azvwtt6iohg3hran3hxv47xn6,2021-09-18T01:04:58Z,"afro house,tribal house,tech house,house latino","DFTD",0.814,0.739,11,-8.803,0,0.0473,0.0056,0.247,0.0831,0.642,124.999,4
spotify:track:2rWisQk9hxSap9ZtTx45sv,"House Every Weekend - Radio Edit","House Every Weekend (Radio Edit)","David Zowie",2015-05-18,182767,63,false,azvwtt6iohg3hran3hxv47xn6,2021-09-18T01:02:54Z,"house","EMI",0.791,0.574,0,-7.061,0,0.0673,0.324,0,0.102,0.406,122.053,4
spotify:track:1SShxVVBeZBCY7WddnksPz,"Gypsy Woman (She's Homeless) (La Da Dee La Da Da) - Basement Boy Strip To The Bone Mix","Surprise","Crystal Waters;The Basement Boys",1991-01-01,451826,76,false,azvwtt6iohg3hran3hxv47xn6,2021-09-18T01:08:05Z,"","Island Mercury",0.484,0.641,5,-12.612,1,0.0377,0.000779,0.278,0.0738,0.181,119.981,4
spotify:track:0zHMwxCVtHjnLxoQdg3uOe,"Music Is The Answer","This Is It","Celeda",1999-01-01,217773,65,false,azvwtt6iohg3hran3hxv47xn6,2021-09-17T23:04:09Z,"house","Geffen",0.9,0.671,6,-8.583,0,0.0486,0.0317,0.00475,0.1,0.689,124.888,4
spotify:track:3u5N55tHf7hXATSQrjBh2q,"Freed From Desire","Come Into My Life (The Album)","Gala;Molella;Phil Jay",1997-11-17,213394,83,false,azvwtt6iohg3hran3hxv47xn6,2021-09-18T00:54:00Z,"eurodance,italo dance","Do It Yourself",0.704,0.861,2,-4.221,0,0.0493,0.587,0.0615,0.0992,0.636,128.99,4
spotify:track:2BsHrO5hZvqMCYbcJgEC1o,"Music & You - Radio Version","Music & You","Room 5;Oliver Cheatham",2003-11-24,184746,41,false,azvwtt6iohg3hran3hxv47xn6,2021-09-17T23:22:23Z,"disco house,funky house,house francés,disco,funk,post-disco","[PIAS] Recordings Catalogue",0.82,0.803,5,-7.483,0,0.0551,0.00209,0.0642,0.302,0.823,125.982,4
spotify:track:0JkryawvRTmBeA6cfzKumy,"50//50","50//50","Vantage",2020-08-21,246167,63,false,azvwtt6iohg3hran3hxv47xn6,2021-09-18T00:57:40Z,"city pop,vaporwave","Parlophone UK",0.838,0.699,7,-7.216,1,0.0521,0.0608,0.87,0.0926,0.386,124.137,4
spotify:track:6xXEw4y39shgIp6pacKQFH,"Make Luv","Music & You","Room 5;Oliver Cheatham",2003-11-24,212413,63,false,azvwtt6iohg3hran3hxv47xn6,2021-09-17T23:22:18Z,"disco house,funky house,house francés,disco,funk,post-disco","[PIAS] Recordings Catalogue",0.881,0.887,1,-4.922,1,0.114,0.0114,0.663,0.0365,0.654,124.81,4
spotify:track:3BSuC9Y6MhalaLlhyNbTYZ,"Lose Control","Lose Control","Cloonee",2019-08-23,365791,0,false,azvwtt6iohg3hran3hxv47xn6,2021-09-18T05:06:19Z,"tech house,house","CLNE",0.879,0.882,8,-8.722,1,0.0752,0.00111,0.489,0.0762,0.969,126.008,4
spotify:track:20WcuVfTh0QFkIsJUncdON,"Tokyo Drift","Tokyo Drift","KVSH",2017-03-13,222857,3,false,azvwtt6iohg3hran3hxv47xn6,2021-11-25T19:47:52Z,"graves brasileños,electrónica,electro","KVSH",0.844,0.767,10,-4.851,1,0.0461,0.053,0.0000153,0.166,0.342,125.989,4
spotify:track:4Mm9eqhyHbKzh8pksjNWIh,"Knock Me Out","Knock Me Out","Ferreck Dawn;Guz",2021-04-16,149222,23,false,azvwtt6iohg3hran3hxv47xn6,2021-11-25T21:52:59Z,"tech house,house","Club Sweat",0.759,0.903,4,-7.14,0,0.212,0.0653,0.000995,0.322,0.622,123.993,4
spotify:track:6LiHpg2ReXbFdIm7xMGdQD,"Give Me More","Give Me More","Endor",2017-05-26,168182,9,false,azvwtt6iohg3hran3hxv47xn6,2021-10-10T18:26:34Z,"","Endor",0.693,0.767,7,-6.803,0,0.0447,0.0241,0.0000524,0.0575,0.57,126.019,4
spotify:track:02PSzrkZRhk5uzwZX5nWdp,"Try A Little Tenderness","Try A Little Tenderness","Sandy Rivera",2017-07-28,330685,0,false,azvwtt6iohg3hran3hxv47xn6,2021-09-18T00:57:49Z,"funky house,tribal house","Defected Records",0.946,0.317,5,-7.003,0,0.0597,0.0101,0.0902,0.0866,0.558,122.014,4
spotify:track:6jz9EMWHffNKVlZQVXOLoz,"Real Life","Real Life","Duke Dumont;Gorgon City;NAATIONS",2017-06-02,205773,57,false,azvwtt6iohg3hran3hxv47xn6,2021-10-11T17:51:02Z,"house","EMI",0.543,0.74,7,-5.187,0,0.0557,0.148,0.00358,0.142,0.6,123.915,4
spotify:track:0BopwZrYqRvgtgrztKdXmE,"Yo Listen","Yo Listen","Avision",2020-12-15,343636,2,false,azvwtt6iohg3hran3hxv47xn6,2021-09-17T23:40:31Z,"tech house","WRKTRX",0.761,0.809,6,-8.475,0,0.0606,0.00307,0.731,0.108,0.0657,131.998,4
spotify:track:5BOgPqdoVTV0bdJOuK4fq9,"You Feel Mi","Inner Soul Talkin' EP","Mr. G",2021-08-09,464520,22,false,azvwtt6iohg3hran3hxv47xn6,2021-09-17T23:41:16Z,"jazz house,house de chicago","Phoenix G",0.739,0.426,1,-9.536,1,0.0419,0.00506,0.808,0.0833,0.154,126.489,4
spotify:track:7pARbCUoO1CTzU5ucMEaVF,"Summer 91","Summer 91","Noizu",2020-07-02,149280,56,false,azvwtt6iohg3hran3hxv47xn6,2021-09-17T23:43:36Z,"tech house,house","RCA Records Label",0.5,0.953,2,-5.606,1,0.0441,0.00598,0.000882,0.26,0.327,124.992,4
spotify:track:1Gak4gX5CGebdBvl8A89fz,"You're in My System - Dennis Quin Club Mix","You're in My System (Dennis Quin Remixes)","Kerri Chandler;Jerome Sydenham;Troy Denari;Dennis Quin",2019-08-20,351219,0,false,azvwtt6iohg3hran3hxv47xn6,2021-09-17T23:57:16Z,"house,house de chicago,deep house","Ibadan Records",0.845,0.881,8,-4.661,0,0.0426,0.00135,0.853,0.116,0.592,122.99,4
spotify:track:34Ud0GKeIo0z9ZffXbO6al,"The Sound","The Sound","Shermanology;Tim Baresko",2020-10-09,322560,0,false,azvwtt6iohg3hran3hxv47xn6,2021-09-20T18:47:52Z,"tech house,house,g-house","Superfett Records",0.832,0.555,5,-7.85,0,0.055,0.00179,0.117,0.131,0.404,124.994,4
spotify:track:4w6TshgQUc1GhRjomSwqed,"Shoot Me","The Sound","Shermanology;Tim Baresko",2020-10-09,337920,0,false,azvwtt6iohg3hran3hxv47xn6,2021-09-20T18:48:00Z,"tech house,house,g-house","Superfett Records",0.804,0.804,7,-7.029,1,0.159,0.000604,0.766,0.0754,0.484,124.994,4
spotify:track:2DGZwPbTxiiWB8gESqpdpi,"Into The Groove","Into The Groove","Tita Lau",2021-09-17,191457,33,false,azvwtt6iohg3hran3hxv47xn6,2021-10-11T16:05:30Z,"tech house","Solotoko",0.806,0.919,8,-6.011,1,0.0556,0.0277,0.839,0.0714,0.523,125.994,4
spotify:track:2obQ3ll76uZthJa91RAKv4,"Keep Pushing","Keep Pushing","Alex Mills;Solardo",2021-05-21,216084,0,false,azvwtt6iohg3hran3hxv47xn6,2021-10-11T16:06:51Z,"tech house,house","Ultra Records",0.685,0.871,8,-6.266,1,0.0361,0.0021,0.0156,0.179,0.554,128.002,4
spotify:track:4f1PbbPlIftgnaqmClUUwy,"My Name (feat. Lolita Leopard)","My Name (feat. Lolita Leopard)","Marco Faraone;Lolita Leopard",2021-08-20,222333,0,false,azvwtt6iohg3hran3hxv47xn6,2021-10-11T16:06:56Z,"techno,tech house,voguing,hip house","Defected Records",0.831,0.898,11,-5.556,0,0.0627,0.00173,0.349,0.103,0.489,125.002,4
spotify:track:4h4AEqy0iBbjdlbtWvIx5O,"Get Get Down","Get Get Down","Paul Johnson",1999,367786,64,false,azvwtt6iohg3hran3hxv47xn6,2021-10-11T16:09:11Z,"house de chicago,disco house,house francés,funky house","Moody Recordings",0.879,0.95,5,-6.375,0,0.0746,0.000161,0.806,0.0714,0.615,126.903,4
spotify:track:4qK9g7RGoHCUpfbGu3Mlf4,"Its Time to Move","Its Time to Move","SOSA",2021-09-10,240005,0,false,azvwtt6iohg3hran3hxv47xn6,2021-10-11T16:07:28Z,"tech house,house","Coco",0.827,0.665,11,-6.261,1,0.0443,0.00942,0.0000789,0.0629,0.388,128.012,4
spotify:track:7xQYVjs4wZNdCwO0EeAWMC,"Born Slippy (Nuxx)","1992 - 2012","Underworld",2014-01-01,456480,76,false,azvwtt6iohg3hran3hxv47xn6,2021-10-08T16:23:19Z,"big beat,electrónica","Smith Hyde Productions",0.576,0.953,10,-8.968,1,0.0362,0.00106,0.49,0.474,0.303,140.042,4
spotify:track:4AOCixIsN5aoszu3dcwalf,"Puerto Rico","Puerto Rico","Landis",2021-08-13,144375,35,false,azvwtt6iohg3hran3hxv47xn6,2021-10-07T18:52:35Z,"future house","Fresh Squeeze",0.859,0.944,9,-3.756,1,0.0775,0.0221,0.0845,0.11,0.953,127.997,4
spotify:track:68pyMFPW2TOrCrjnbytDk5,"Animal Kingdom","Animal Kingdom","AmyElle",2021-02-19,190895,0,false,azvwtt6iohg3hran3hxv47xn6,2021-09-20T02:46:35Z,"","Another Rhythm",0.615,0.995,0,-5.812,1,0.0445,0.00339,0.865,0.143,0.92,127.013,4
spotify:track:2yccoQVpeEXSqvHFWlLgA6,"Nature's Illusion","WHXD001","Aaran D",2019-08-15,405030,9,false,azvwtt6iohg3hran3hxv47xn6,2021-11-25T23:10:04Z,"tech house","What NxT",0.807,0.628,0,-9.326,1,0.055,0.000408,0.801,0.0777,0.875,128.001,4
spotify:track:6yjRnNXt0nFbfY8fX3x4am,"Runnin'","Runnin' EP","Aaran D",2018-10-29,373337,24,false,azvwtt6iohg3hran3hxv47xn6,2021-11-25T23:10:12Z,"tech house","Solid Grooves Raw",0.81,0.738,7,-6.686,1,0.0648,0.0000438,0.85,0.0874,0.388,126.018,4
spotify:track:2wf2KMhjoHSZXKVHNBoTMg,"Sun Came Up","Sun Came Up","SOFI TUKKER;John Summit",2021-09-02,202905,1,false,azvwtt6iohg3hran3hxv47xn6,2021-11-25T23:29:52Z,"house,tech house","Ultra Records",0.673,0.625,9,-6.854,0,0.0272,0.0243,0.0219,0.0577,0.386,124.001,4
spotify:track:5QYKmxfPsl69GgeZKDAVSx,"House Arrest","House Arrest","SOFI TUKKER;Gorgon City",2020-05-15,216441,2,false,azvwtt6iohg3hran3hxv47xn6,2021-11-25T23:29:56Z,"house","Ultra Records",0.654,0.818,0,-6.27,0,0.0332,0.0187,0.103,0.0806,0.557,123.982,4
spotify:track:7tqS7Ywfkz6zVy3aWzip0W,"Jumpin'","Jumpin'","CID;Westend",2021-02-12,155000,0,false,azvwtt6iohg3hran3hxv47xn6,2021-11-25T23:30:26Z,"tech house,house latino,house","Repopulate Mars",0.924,0.69,11,-5.499,0,0.0662,0.00354,0.00435,0.329,0.592,125.959,4
spotify:track:7uRqCJHRsrkBU5W3RG0cnL,"You're in My System - Dennis Quin Vocal Mix","You're in My System (Dennis Quin Remixes)","Kerri Chandler;Jerome Sydenham;Troy Denari;Dennis Quin",2019-08-20,365853,0,false,azvwtt6iohg3hran3hxv47xn6,2021-11-25T21:50:50Z,"house,house de chicago,deep house","Ibadan Records",0.841,0.807,6,-5.419,1,0.0505,0.0276,0.161,0.133,0.475,123,4
spotify:track:0s2Xg9JK4pRQ3KSoeSPI8X,"Don't You Know","Don't You Know","Biscits",2021-05-28,203000,0,false,azvwtt6iohg3hran3hxv47xn6,2021-09-18T06:43:15Z,"tech house,house","Thrive Music, LLC",0.763,0.661,9,-8.123,0,0.0515,0.343,0.178,0.0782,0.633,125.958,4
spotify:track:2xWMVGD8eo03G10fvjuwKn,"Lights Out - Original Mix","Lights out EP","Rone White;Rowen Clark",2021-05-07,412131,9,false,azvwtt6iohg3hran3hxv47xn6,2021-10-08T16:23:30Z,"tech house","New Violence Records",0.807,0.95,10,-9.205,0,0.059,0.0266,0.788,0.0207,0.761,127.002,4
spotify:track:3reyyWDm2gq1QHSBKGO0v1,"Where Do We Go?","Where Do We Go?","WEISS;Harry Romero",2020-10-16,150256,50,false,azvwtt6iohg3hran3hxv47xn6,2021-09-18T16:21:41Z,"house,disco house,tech house,tribal house","Universal-Island Records Ltd.",0.783,0.918,10,-4.823,0,0.104,0.0216,0.000233,0.245,0.881,122.992,4
spotify:track:3Dzs2Nh5sk9w4ukgCcbfRU,"Triple Take","Games & Music","James Pepper",2021-01-22,327128,1,false,azvwtt6iohg3hran3hxv47xn6,2021-09-18T00:59:39Z,"hard house,lo-fi house,jazz house,acid house","Gallery Recordings",0.801,0.642,3,-9.53,0,0.0952,0.000731,0.845,0.0803,0.901,127.997,4
spotify:track:1VUIiTRtcGwADarxWyyA1a,"Remember","Remember","Hollaphonic",2021-09-10,162103,0,false,azvwtt6iohg3hran3hxv47xn6,2021-10-07T18:53:44Z,"tech house","Another Rhythm",0.862,0.902,0,-6.833,1,0.0698,0.0016,0.00107,0.0319,0.692,125.986,4
spotify:track:0h84xsIGf984HIlynp6Vzy,"Dictionary of fools","Dictionary of fools EP","Demi Riquísimo",2021-03-26,428060,3,false,azvwtt6iohg3hran3hxv47xn6,2021-09-17T23:52:37Z,"acid house,disco house","10 Questions",0.701,0.903,10,-8.271,1,0.0492,0.0254,0.909,0.0571,0.571,126.992,4
spotify:track:5ewAgjDoLSaRIkRNKSrulv,"Booty Call","Booty Call","HUGEL;Fast Eddie",2021-09-03,160489,21,false,azvwtt6iohg3hran3hxv47xn6,2021-10-07T18:52:55Z,"house latino,afro house,techengue,house,house de chicago,hip house,acid house,voguing,footwork","Spinnin' Records",0.885,0.611,1,-7.183,1,0.055,0.00286,0.142,0.0988,0.29,126.014,4
spotify:track:7zq4moIXRmDZBprNH0gj4v,"Holla","Holla","Cloonee",2021-07-09,178514,0,false,azvwtt6iohg3hran3hxv47xn6,2021-09-18T05:03:33Z,"tech house,house","Black Book Records",0.827,0.563,11,-7.509,0,0.185,0.173,0.00181,0.0821,0.703,129.976,4
spotify:track:0htfSPN3BMHHaJTrZ63YMM,"Gucci Suit","Gucci Suit","Cloonee",2020-07-10,245714,34,false,azvwtt6iohg3hran3hxv47xn6,2021-09-18T18:41:48Z,"tech house,house","elrow Music",0.731,0.603,6,-10.01,1,0.0674,0.00705,0.189,0.0956,0.448,126.003,4
spotify:track:2YEenxyQTZH4WbnrtbxWtn,"Grab Her!","Settle (Special Edition)","Disclosure",2014-01-01,313230,23,false,azvwtt6iohg3hran3hxv47xn6,2021-09-17T23:04:53Z,"house","Universal-Island Records Ltd.",0.866,0.891,1,-5.996,1,0.119,0.0497,0.25,0.124,0.457,120.997,4
spotify:track:1Gz2E1chOzRyhFXHJYWw8y,"Pump the Brakes","Pump the Brakes","Dom Dolla",2021-03-26,220581,56,false,azvwtt6iohg3hran3hxv47xn6,2021-09-17T23:04:37Z,"house,tech house","RCA Records Label",0.813,0.668,8,-6.834,1,0.096,0.00673,0.0912,0.362,0.495,124.01,4
spotify:track:39EAajItiYXH7Qj60LsSRs,"Thirsty Eyes","Thirsty Eyes","Jaden Thompson",2020-02-17,402521,0,false,azvwtt6iohg3hran3hxv47xn6,2021-09-18T16:19:30Z,"tech house","PIV Records",0.801,0.815,9,-8.525,1,0.066,0.000135,0.673,0.0971,0.912,127.008,4
spotify:track:0iA3EuVjNEz2t7vZWK1snm,"The Remedy - Radio Edit","The Remedy","T.Williams;James Jacob;Kelli-Leigh",2019-11-08,172250,0,false,azvwtt6iohg3hran3hxv47xn6,2021-09-18T21:10:08Z,"funky británico,drum and bass","Strictly Rhythm Records",0.664,0.724,10,-5.723,0,0.128,0.124,0.00000107,0.0602,0.584,120.044,4
spotify:track:3o0Cq92OL7QnXJUY4F6zBz,"Relationship Is","Relationship Is","bad tuner",2021-07-14,249453,0,false,azvwtt6iohg3hran3hxv47xn6,2021-11-23T21:54:12Z,"","Virgin Music UK LAS (License External)",0.712,0.711,7,-5.396,1,0.0301,0.0682,0.049,0.122,0.686,128.018,3
spotify:track:4hl7Fu604rMlt4viCJmSN9,"Headrush","Headrush","Alex Stein",2020-11-27,353086,26,false,azvwtt6iohg3hran3hxv47xn6,2021-09-18T00:56:11Z,"techno,minimal techno,acid techno","Terminal M",0.693,0.867,6,-10.746,0,0.0447,0.0215,0.876,0.119,0.299,130,4
spotify:track:1G4FRQ4zQRgewsYvJhT7Rn,"Feel The Energy","Feel The Energy","Bexxie",2021-02-05,211451,34,false,azvwtt6iohg3hran3hxv47xn6,2021-09-18T02:24:07Z,"","Brooklyn Fire",0.794,0.957,7,-4.404,1,0.0417,0.00255,0.701,0.0477,0.354,123.981,4
spotify:track:0L32P7cOHAmBnkoF7icOBz,"Separated - Extended Mix","Separated","Cloonee",2016-05-25,339019,39,false,azvwtt6iohg3hran3hxv47xn6,2021-09-18T05:13:53Z,"tech house,house","The Bearded Man (Armada)",0.792,0.811,4,-3.598,0,0.0331,0.00593,0.00273,0.0511,0.297,125.98,4
spotify:track:1rv6EzEmASSXsyemBr1kCs,"What Ya Want","What Ya Want","Cloonee",2020-05-29,220967,0,false,azvwtt6iohg3hran3hxv47xn6,2021-09-18T18:42:58Z,"tech house,house","Black Book Records, LLC",0.805,0.677,5,-9.651,1,0.0539,0.0109,0.898,0.0744,0.654,126.015,4
spotify:track:2cNCaMkur4qF0lNwJWBf6b,"The Girl Is Mine","The Girl Is Mine","99 Souls",2016-01-16,213601,63,false,azvwtt6iohg3hran3hxv47xn6,2021-09-18T06:21:42Z,"","Resilience Records/Nothing Else Matters/RCA",0.683,0.943,9,-3.6,1,0.0397,0.00423,0.0972,0.0356,0.706,118.991,4
spotify:track:51VGufKIcDTooIr4WZzegi,"Can't Get You Out Of My Head","Can't Get You Out Of My Head","Ugg'A",2019-02-27,173000,38,false,azvwtt6iohg3hran3hxv47xn6,2021-09-18T06:12:25Z,"slap house","One Seven",0.72,0.604,0,-6.079,1,0.0343,0.328,0.0014,0.344,0.317,126.037,4
spotify:track:6afz6WNkVxp0q3anZU72bh,"Dirty Talk","Dirty Talk","LOthief",2018-12-07,175039,0,false,azvwtt6iohg3hran3hxv47xn6,2021-09-18T06:12:47Z,"graves brasileños,electrónica","Sony Music Entertainment",0.562,0.886,11,-7.436,0,0.129,0.00194,0.94,0.637,0.0628,122.977,4
spotify:track:3MqzqG6fij34pDxd29mikA,"Temptation","Temptation","SIDEPIECE",2021-03-19,192960,45,false,azvwtt6iohg3hran3hxv47xn6,2021-09-18T06:13:40Z,"tech house,edm","FFRR",0.808,0.878,9,-5.282,1,0.0924,0.00674,0.013,0.209,0.626,125.036,4
spotify:track:1mK6vQxrBu7tStp3b8G2Z9,"R.E.A.L","R.E.A.L","CID;Dombresky",2021-10-15,183095,0,false,azvwtt6iohg3hran3hxv47xn6,2021-11-23T21:53:49Z,"tech house,bass house,disco house,g-house,house","Night Service Only",0.8,0.984,0,-3.24,1,0.0741,0.00106,0.834,0.0348,0.768,126.003,4
spotify:track:0m69QNuZVZDXhGHBGK1mQA,"Set U Free","Set U Free","Guz",2021-01-29,154680,42,false,azvwtt6iohg3hran3hxv47xn6,2021-09-18T05:06:59Z,"tech house,house","Spinnin' Deep",0.74,0.934,7,-3.255,1,0.316,0.00822,0.000377,0.116,0.685,124.936,4
spotify:track:3bJwiNmreZkHXjeuFmW8bG,"Heater","Heater","Hot Since 82",2021-06-18,426000,0,false,azvwtt6iohg3hran3hxv47xn6,2021-09-18T06:41:56Z,"tech house,house,deep house","Circus Recordings",0.679,0.73,0,-10.444,1,0.046,0.00277,0.864,0.608,0.563,126.014,4
spotify:track:51ODNNDZm21HU7wI7cccRr,"Latch","Settle (Special Edition)","Disclosure;Sam Smith",2013-06-03,255631,87,false,azvwtt6iohg3hran3hxv47xn6,2021-09-17T23:04:02Z,"house,pop suave","Universal-Island Records Ltd.",0.503,0.726,1,-5.456,1,0.167,0.0159,0.0000798,0.0895,0.529,121.981,4
spotify:track:3aFvNftrJOOImIH227JVJJ,"Die a Little Bit (feat. Ms Banks & Karnage Kills) - KDA Remix","Die a Little Bit (feat. Ms Banks & Karnage Kills) [KDA Remix]","KDA;Tinashe;Ms Banks;Karnage Kills",2021-08-20,206658,27,true,azvwtt6iohg3hran3hxv47xn6,2021-09-18T00:03:38Z,"r&b alternativo,afroswing,afrobeats,voguing","Black Butter",0.921,0.64,11,-5.996,0,0.13,0.00378,0.000364,0.141,0.81,125.007,4
spotify:track:3r862L0aAbs7rHJ3tSQ68S,"Love On The Line - Extended Mix (Mixed)","Defected Worldwide (DJ Mix)","Kormak",2019-12-13,247741,0,false,azvwtt6iohg3hran3hxv47xn6,2021-09-18T19:54:16Z,"tech house","Defected Records",0.757,0.69,2,-8.566,1,0.0912,0.0664,0.548,0.277,0.502,124.012,4
spotify:track:4bhZAoj1dWP3zcxV25QKNa,"Be Here","For Club Play Only Part 4","Duke Dumont",2016-08-05,315919,35,false,azvwtt6iohg3hran3hxv47xn6,2021-09-18T06:23:22Z,"house","etcetc Music Pty Ltd",0.735,0.75,6,-6.177,0,0.0546,0.00355,0.152,0.156,0.438,124.022,4
spotify:track:2n6qz4opcJlHsEpI8030YM,"Check Out","Check Out","J. Worra;Leo Stannard",2021-11-05,174138,66,false,azvwtt6iohg3hran3hxv47xn6,2021-11-23T21:23:14Z,"house,tech house","Higher Ground",0.814,0.675,10,-6.761,0,0.042,0.00577,0.0818,0.0956,0.776,125,4
spotify:track:1UabDxiLk78adOCYuQzhpu,"Alfa - Original Mix","Alfa EP","Crackazat",2021-01-22,285772,0,false,azvwtt6iohg3hran3hxv47xn6,2021-09-18T00:58:34Z,"lo-fi house,jazz house,disco house,funky house","Heist Recordings",0.822,0.743,5,-8.211,0,0.104,0.457,0.892,0.397,0.283,123.987,4
spotify:track:2ViZ3nBhQN7lphvseCP0KA,"Housology","Housology","Dombresky",2020-02-19,202083,0,false,azvwtt6iohg3hran3hxv47xn6,2021-09-18T18:37:51Z,"bass house,tech house,disco house,g-house,house","Insomniac Records",0.554,0.979,9,-5.504,0,0.0433,0.00889,0.924,0.101,0.77,126.027,4
spotify:track:4NZrZgrRoR4GwR7flWOXRI,"Go Fuck Yourself","First Steps","Two Feet",2016-07-29,129599,73,true,azvwtt6iohg3hran3hxv47xn6,2021-09-18T06:15:24Z,"","Majestic Casual Records",0.765,0.327,6,-8.029,1,0.277,0.571,0.0479,0.0787,0.292,74.931,4
spotify:track:4pH3ZfOYekw7xcROweHa66,"F.E.E.L.","F.E.E.L.","Lucky Luke",2017-09-18,204716,17,false,azvwtt6iohg3hran3hxv47xn6,2021-09-18T06:17:42Z,"slap house","Lithuania HQ",0.854,0.798,1,-5.557,0,0.159,0.223,0.0452,0.0828,0.055,125.023,4
spotify:track:58Ijh0s05Qr72TXTuu2m12,"Stop It - Edit","Oi Oi","FISHER",2017-11-10,163790,0,false,azvwtt6iohg3hran3hxv47xn6,2021-09-18T06:22:57Z,"tech house,house","etcetc Music",0.86,0.824,8,-7.207,1,0.0518,0.024,0.657,0.205,0.87,124.016,4
spotify:track:27B8S6WjWiUuhJU0hAwETT,"Blue Elephant","Latex","Monika Kruse",2021-07-09,439069,0,false,azvwtt6iohg3hran3hxv47xn6,2021-09-20T03:17:34Z,"techno,minimal techno","Terminal M",0.719,0.632,9,-11.786,1,0.0529,0.115,0.935,0.111,0.0375,128.995,4
spotify:track:7gtQMLtAkAmafLCjpsymMp,"Motorspeed 300 km/h","Motorspeed 300 km/h","Salvatore Ganacci;Sanjin",2018-05-25,180480,28,false,azvwtt6iohg3hran3hxv47xn6,2021-09-18T06:38:42Z,"moombahton,big room","Zatara Recordings",0.813,0.925,7,-4.489,1,0.0816,0.0102,0.0239,0.0641,0.596,125.023,4
spotify:track:1GZJu6ciZ55S8Kp1s8Z5ex,"It Makes You Forget (Itgehane) - Edit","It Makes You Forget (Itgehane)","Peggy Gou",2018-01-23,236160,63,false,azvwtt6iohg3hran3hxv47xn6,2021-09-18T06:31:07Z,"","Ninja Tune",0.794,0.89,0,-9.438,1,0.0431,0.0177,0.468,0.0838,0.77,125.003,4
spotify:track:4DgPcCPpxVN28ZOQBZBhu4,"Gym tonic - Original","Paradise","Bob Sinclar",1998-09-01,372160,0,false,azvwtt6iohg3hran3hxv47xn6,2021-09-18T01:02:13Z,"house francés,disco house","Yellow productions",0.794,0.638,1,-4.041,1,0.0887,0.0065,0.0000196,0.04,0.374,130.015,4
spotify:track:4vrnHICJfoguGfzLkQeyy5,"You","You","Martin Ikin;Chenai",2021-01-22,228749,41,false,azvwtt6iohg3hran3hxv47xn6,2021-09-18T06:37:00Z,"tech house,house","Toolroom",0.665,0.936,0,-5.991,1,0.0435,0.0419,0.00996,0.0878,0.517,123.994,4
spotify:track:3zOgfB6xNtU0vaV38kthWk,"Talk","Talk","Retronaut;Salvatore Ganacci",2017-03-24,164800,67,false,azvwtt6iohg3hran3hxv47xn6,2021-09-18T06:38:23Z,"moombahton","Refune Music",0.728,0.484,5,-7.098,0,0.146,0.374,0,0.123,0.692,150.029,4
spotify:track:0GiwV6v3AgJfdu59tj719Y,"Pump It Up","Pump It Up","Endor",2019-09-13,150635,14,false,azvwtt6iohg3hran3hxv47xn6,2021-09-18T06:39:05Z,"","Defected Records",0.899,0.894,1,-7.255,1,0.222,0.203,0.0000995,0.0606,0.654,129.047,4
spotify:track:68raS6F0ad2Iilql3yYeCt,"Drinkee - Vintage Culture & John Summit Remix","Drinkee (Vintage Culture & John Summit Remix)","SOFI TUKKER;Vintage Culture;John Summit",2021-07-23,205161,1,false,azvwtt6iohg3hran3hxv47xn6,2021-09-18T06:59:12Z,"graves brasileños,electrónica,electro,house,tech house","Ultra Records",0.741,0.726,11,-6.404,0,0.0462,0.021,0.776,0.0776,0.37,124.009,4
spotify:track:4Jv7lweGIUOFQ7Oq2AtAh9,"I Follow Rivers - The Magician Remix","I Follow Rivers (The Magician Remix)","Lykke Li;The Magician",2011-10-10,279635,75,false,azvwtt6iohg3hran3hxv47xn6,2021-09-18T16:28:10Z,"","Atlantic Records",0.786,0.696,9,-5.796,0,0.0428,0.0234,0.0019,0.0839,0.306,121.974,4
spotify:track:5gXKDmafOQ8i4lYr62wxTk,"Deep Jungle Walk","He.art","Astrix",2016-02-29,555704,58,false,azvwtt6iohg3hran3hxv47xn6,2021-09-18T16:28:54Z,"trance psicodélico,trance,trance progresivo","Shamanic Tales",0.618,0.885,6,-8.347,0,0.0454,0.000658,0.502,0.37,0.105,138.029,4
spotify:track:1rUblzYg28ccBdGeQzgHav,"To The Drum","To The Drum","PAX",2020-04-24,178329,0,false,azvwtt6iohg3hran3hxv47xn6,2021-09-18T18:35:21Z,"tech house","Sola",0.885,0.681,1,-9.775,0,0.128,0.0137,0.467,0.0988,0.171,127.035,4
spotify:track:76Am2lHR0SK2xD8yhToccW,"90's MTV","90's MTV","TacoMan;Raized",2021-04-02,373333,0,false,azvwtt6iohg3hran3hxv47xn6,2021-09-20T03:17:30Z,"tech house","HOTTRAX",0.803,0.839,1,-8.584,0,0.0516,0.0000139,0.9,0.0975,0.0742,126.013,4
spotify:track:4gjDoAPN6i0yE8eSZDrxNj,"Cranked Up","Cranked Up EP","Endor",2019-02-22,317188,9,false,azvwtt6iohg3hran3hxv47xn6,2021-09-18T20:02:42Z,"","Simma Black",0.806,0.702,2,-8.556,1,0.0685,0.0005,0.457,0.042,0.266,123.985,4
spotify:track:4SnBJPqAZmf18gF4vlqEWL,"Green Light (feat. Kate Wild)","Green Light (feat. Kate Wild)","AC Slater;Bleu Clair;Kate Wild",2021-08-13,157500,30,false,azvwtt6iohg3hran3hxv47xn6,2021-10-07T09:08:12Z,"bass house,bassline,g-house,uk garage,tech house","Musical Freedom",0.738,0.948,1,-4.279,1,0.195,0.0941,0.0305,0.088,0.646,127.991,4
spotify:track:0hNaGFLXdiTlov1sg03eI7,"Hot Flash","Hot Flash","Max Styler",2021-08-20,161428,25,false,azvwtt6iohg3hran3hxv47xn6,2021-10-07T18:52:05Z,"tech house","Hood Politics Records",0.759,0.761,7,-6.246,1,0.0565,0.00256,0.517,0.161,0.353,126.005,4
spotify:track:7Csd6ozp0Ci3ZDfvRgzrWz,"My Own Way","My Own Way","A-Trak;Ferreck Dawn",2021-01-08,141000,0,false,azvwtt6iohg3hran3hxv47xn6,2021-10-08T12:55:33Z,"disco house,tech house,house","Fool's Gold Records",0.702,0.843,0,-6.292,1,0.0515,0.104,0.014,0.0572,0.227,124.995,4
spotify:track:12gAkxV6EmdMJwQI7an4am,"Blessing In This House","Blessing In This House","Picard Brothers",2021-04-30,199789,25,false,azvwtt6iohg3hran3hxv47xn6,2021-10-08T12:55:37Z,"disco house,house francés","Universal-Island Records Ltd.",0.761,0.862,5,-5.942,0,0.267,0.0119,0.0052,0.0866,0.629,121.201,4
spotify:track:08d1uFAAtQgLbuvyP2AkoH,"The Groovy Cat","The Groovy Cat","PAWSA",2017-12-22,272394,59,false,azvwtt6iohg3hran3hxv47xn6,2021-09-18T06:34:12Z,"tech house,house","PAWZ",0.8,0.846,5,-7.518,1,0.0624,0.0277,0.877,0.0896,0.211,127.008,4
spotify:track:48gv7cE3Fs4DNNSgWkbu1f,"Coma Cat","Coma Cat","Tensnake",2010-09-20,177621,0,false,azvwtt6iohg3hran3hxv47xn6,2021-09-18T16:21:51Z,"nu disco,deep house,disco house","Defected Records",0.614,0.948,0,-4.948,1,0.0468,0.00479,0.219,0.298,0.733,118.988,4
spotify:track:5aGtwmUcX5oLjF417cUtet,"Don't Call","Don't Call","Robin M;Blinkie",2021-05-14,178560,14,false,azvwtt6iohg3hran3hxv47xn6,2021-09-18T06:35:15Z,"afro tech,afro house,tribal house,house latino,deep house","Ground Up Records",0.706,0.738,0,-5.825,0,0.0835,0.387,0.827,0.108,0.582,125.02,4
spotify:track:2c8WUPaH87mh35xf8i0SwG,"Living on Video - Claptone Remix","Living on Video (Claptone Remix)","Trans-X;Claptone",2021-02-26,214198,37,false,azvwtt6iohg3hran3hxv47xn6,2021-09-18T06:35:40Z,"hi-nrg,disco italiana,disco","UNIDISC MUSIC INC.",0.723,0.89,10,-4.843,1,0.0394,0.00899,0.606,0.075,0.943,125.991,4
spotify:track:1ydm3DkQ1KOlawhvfl9XCn,"What If","What If","SKIY;Prophecy;L.A.",2021-03-05,211333,15,false,azvwtt6iohg3hran3hxv47xn6,2021-09-18T06:36:03Z,"techno melódico","A BIRD CALLED PETER",0.708,0.799,9,-4.973,0,0.103,0.000207,0.00812,0.287,0.146,121.969,4
spotify:track:71xI4ZDMKkKKKjSc1NG6wC,"Dangerous","Dangerous","Kid Enigma;Riton",2018-10-03,168447,33,false,azvwtt6iohg3hran3hxv47xn6,2021-10-11T19:33:30Z,"tech house,house","Ministry of Sound Recordings",0.866,0.761,3,-8.324,1,0.0664,0.13,0.391,0.0967,0.75,123.976,4
spotify:track:5YT0stC917pjldKbdVzEo4,"Heartbeat","Heartbeat","Glass Petals",2021-03-12,194319,0,false,azvwtt6iohg3hran3hxv47xn6,2021-09-18T06:36:15Z,"bass house,g-house","HELDEEP Records",0.755,0.891,1,-3.515,0,0.149,0.00419,0.201,0.119,0.748,123.939,4
spotify:track:0WoxURnxMhMHVEZpK04KzU,"Find Your Way Home","She's Calling EP","Octo Octa",2021-02-05,497137,0,false,azvwtt6iohg3hran3hxv47xn6,2021-09-18T06:36:36Z,"lo-fi house","T4T LUV NRG",0.788,0.871,1,-8.016,0,0.0471,0.0207,0.876,0.0677,0.534,127.999,4
spotify:track:1fjDIJFo7QmGiAQGEEQcxr,"All 4 Love (feat. Tasty Lopez)","Untold Business","Mark Knight;Rene Amesz;Tasty Lopez",2021-06-25,205645,0,false,azvwtt6iohg3hran3hxv47xn6,2021-11-25T21:29:11Z,"tech house,house,disco house,funky house,house progresivo,funky británico","Toolroom",0.759,0.787,5,-4.303,0,0.0673,0.0191,0.000512,0.409,0.619,124.023,4
spotify:track:3S9C28kBs6EcZq1YnmNAnZ,"Second Chance","Settle (Special Edition)","Disclosure",2014-01-01,147148,23,false,azvwtt6iohg3hran3hxv47xn6,2021-09-17T23:05:38Z,"house","Universal-Island Records Ltd.",0.592,0.666,4,-8.844,0,0.346,0.429,0.000277,0.0809,0.438,81.918,4
spotify:track:0TrPqhAMoaKUFLR7iYDokf,"Know Your Worth","Know Your Worth","Khalid;Disclosure",2020-02-04,181436,67,false,azvwtt6iohg3hran3hxv47xn6,2021-09-17T23:06:13Z,"house","Right Hand Music Group, LLC/RCA Records",0.79,0.694,9,-7.726,0,0.0708,0.145,0.00252,0.281,0.508,103.007,4
spotify:track:4vgP9RNzsXEUcW7Ws50VrI,"Make Me Feel","Make Me Feel","John Summit",2021-03-26,201904,1,false,azvwtt6iohg3hran3hxv47xn6,2021-09-17T23:05:25Z,"house,tech house","Insomniac Records",0.767,0.67,2,-9.153,1,0.045,0.0243,0.828,0.117,0.434,126.013,4
spotify:track:4UJ1AKSbXAbPlPVFe66wK7,"Gypsy Woman (She's Homeless) (La Da Dee La Da Da) - Radio Edit","Music For Girls Night Out","Crystal Waters",2007-01-01,217760,65,false,azvwtt6iohg3hran3hxv47xn6,2021-09-18T01:08:09Z,"","UMC (Universal Music Catalogue)",0.487,0.749,2,-8.749,0,0.0371,0.022,0.00334,0.0548,0.543,120.037,4
spotify:track:625n29EHWOs071W0xqg6zn,"ENERGY","ENERGY (Deluxe)","Disclosure",2020-08-28,293880,39,false,azvwtt6iohg3hran3hxv47xn6,2021-09-17T23:06:35Z,"house","Universal-Island Records Ltd.",0.708,0.967,4,-6.685,0,0.0701,0.0217,0.62,0.0552,0.123,127.014,4
spotify:track:3e3qNDf5bVeEiBNpOGQ104,"Language - Walker & Royce Remix","Language (Walker & Royce Remix)","Mindchatter;Walker & Royce",2021-03-24,247115,0,false,azvwtt6iohg3hran3hxv47xn6,2021-09-17T23:20:18Z,"tech house,bass house","Mind of a Genius",0.844,0.8,6,-6.475,0,0.0636,0.0249,0.276,0.0944,0.8,126.985,4
spotify:track:525GY0mXYnxajolwgS8Eaz,"Cooler Than Me","Cooler Than Me","Lucky Luke",2019-05-17,179760,67,true,azvwtt6iohg3hran3hxv47xn6,2021-09-17T23:19:18Z,"slap house","Columbia/B1 Recordings",0.889,0.716,7,-6.146,1,0.0708,0.0595,0.0409,0.168,0.296,128.022,4
spotify:track:15DwFznkBJir7AK9PyMyRR,"17","17","MK",2017-09-01,196489,68,false,azvwtt6iohg3hran3hxv47xn6,2021-09-18T21:23:32Z,"house","Columbia",0.703,0.832,0,-7.202,0,0.0689,0.00149,0.127,0.0696,0.667,122.029,4
spotify:track:6Ve7bYSnaFZgKiRw6w4jj7,"Hot For You","Hot For You","Seolo;Yvvan Back",2021-09-17,203809,0,false,azvwtt6iohg3hran3hxv47xn6,2021-10-07T18:51:10Z,"tech house,house latino,tribal house,funky house","2Dutch Deep",0.774,0.928,6,-6.374,0,0.0414,0.0155,0.685,0.45,0.734,126.003,4
spotify:track:6BwN05qKw4Q8bNoq3rYuz7,"Drop It","Drop It","Tujamo;Lukas Vane",2019-09-13,175714,56,false,azvwtt6iohg3hran3hxv47xn6,2021-09-17T23:19:34Z,"","Spinnin' Records",0.747,0.897,5,-4.257,0,0.0642,0.0104,0.763,0.0541,0.177,126.036,4
spotify:track:20McUFi8KCIVdNDLrkTDuZ,"Goosebumps","Goosebumps","HVME",2020-06-12,163020,69,true,azvwtt6iohg3hran3hxv47xn6,2021-09-17T23:18:52Z,"slap house","Columbia/B1 Recordings",0.767,0.659,1,-7.429,1,0.0444,0.325,0,0.13,0.439,124.946,4
spotify:track:1FE3Cf3SUdxJkFGrdYpqQT,"Light Up My Life","Light Up My Life","Jack Wins;Joe Stone",2021-05-14,144590,35,false,azvwtt6iohg3hran3hxv47xn6,2021-09-17T23:20:27Z,"future house,deep house","Spinnin' Records",0.613,0.874,4,-5.912,0,0.262,0.0173,0,0.839,0.392,121.995,4
spotify:track:3f0C4VBTbLlEsCyybHELPW,"The Sequel","The Sequel","Tita Lau",2021-02-19,189523,32,true,azvwtt6iohg3hran3hxv47xn6,2021-09-17T23:20:09Z,"tech house","Stereohype",0.667,0.92,10,-6.332,0,0.0574,0.0248,0.0028,0.211,0.531,126.012,4
spotify:track:4FtepXAk5Z9HkL4MsK9cWD,"Let's Talk About","2031","Shermanology;Tony Sherman",2021-06-18,235200,0,true,azvwtt6iohg3hran3hxv47xn6,2021-09-18T06:43:10Z,"tech house,house","Sola Nauts",0.792,0.627,11,-10.23,0,0.0744,0.0119,0.818,0.106,0.411,124.963,4
spotify:track:5EHu21NzdA4BgWMmNcR6oR,"My High","ENERGY (Deluxe)","Disclosure;slowthai",2020-08-28,294920,44,true,azvwtt6iohg3hran3hxv47xn6,2021-09-17T23:07:31Z,"house,grime,uk grime","Universal-Island Records Ltd.",0.76,0.806,9,-5.87,1,0.132,0.000791,0.0346,0.0392,0.893,133.007,4
spotify:track:09EesT84Crh7ngp4DFUiXc,"some ppl fall","some ppl fall","J. Worra",2021-05-07,203225,30,false,azvwtt6iohg3hran3hxv47xn6,2021-09-17T23:20:14Z,"house,tech house","Club Sweat",0.789,0.823,0,-8.868,0,0.0463,0.0192,0.885,0.122,0.962,124.019,4
spotify:track:1qo1dnwguBAbiqRNd3oTEi,"Body Work","Body Work","Pickle",2019-04-08,196190,43,false,azvwtt6iohg3hran3hxv47xn6,2021-09-17T23:19:27Z,"tech house,bass house","SPRS",0.772,0.974,0,-4.444,1,0.0677,0.0214,0.873,0.0901,0.961,126.005,4
spotify:track:4t8ilMPQ7E7S6pB4i4Kf2I,"Techno Prank","Techno Prank","Dubdogz",2019-06-07,203406,2,false,azvwtt6iohg3hran3hxv47xn6,2021-09-17T23:18:41Z,"graves brasileños,electrónica","Sony Music Entertainment",0.741,0.807,2,-6.562,1,0.0451,0.0563,0.747,0.351,0.118,124.06,4
spotify:track:6WkJ2OK163XXS2oARUC9JM,"Dancin (feat. Luvli) - Krono Remix","Dancin (feat. Luvli) [Krono Remix]","Aaron Smith;Krono;Luvli",2014-11-07,198053,45,false,azvwtt6iohg3hran3hxv47xn6,2021-09-17T23:18:47Z,"","Sony Music Entertainment",0.72,0.741,10,-6.529,0,0.0287,0.101,0.0000141,0.289,0.357,119.896,4
spotify:track:1ZPfoFfsUG5cQWdpnPbA6U,"Rump","Rump","Pickle",2020-05-22,217258,37,true,azvwtt6iohg3hran3hxv47xn6,2021-09-17T23:19:00Z,"tech house,bass house","Spinnin' Records",0.742,0.963,5,-4.062,0,0.063,0.00134,0.683,0.155,0.464,123.999,4
spotify:track:5Q5TNh4wr6CPoXKrI2H6gx,"Drüg","Drüg","Lucky Luke;Emie",2018-04-06,219260,15,false,azvwtt6iohg3hran3hxv47xn6,2021-09-18T06:34:31Z,"slap house","Lithuania HQ",0.685,0.496,0,-8.382,0,0.238,0.314,0.804,0.138,0.0569,124.987,4
spotify:track:28cF5QOu0CWdyTt6lYxIeA,"Sun Goes Down","Sun Goes Down","Cloonee",2021-01-22,154523,57,false,azvwtt6iohg3hran3hxv47xn6,2021-09-18T05:03:17Z,"tech house,house","Big Beat Records",0.771,0.939,7,-5.145,1,0.158,0.0339,0.000157,0.149,0.635,126.036,4
spotify:track:4l8YHDorwOW8xeczmSfn0a,"Do You Remember","Do You Remember","Dombresky;Camden Cox",2021-03-26,206000,39,false,azvwtt6iohg3hran3hxv47xn6,2021-09-18T00:05:54Z,"bass house,tech house,disco house,g-house,house,stutter house","Toolroom Records",0.619,0.961,1,-4.828,0,0.0369,0.0315,0.814,0.285,0.914,123.993,4
spotify:track:6uABa7vKOgFqXnwvk8NBr5,"Talk To Me","Talk To Me","Biscits",2021-02-05,203809,0,false,azvwtt6iohg3hran3hxv47xn6,2021-09-17T23:44:03Z,"tech house,house","Thrive Music, LLC",0.84,0.868,11,-6.173,0,0.0721,0.0259,0.573,0.0891,0.851,126.001,4
spotify:track:16BBgexi1do4TUwdkbdmjY,"Expressing What Matters","ENERGY (Deluxe)","Disclosure",2020-08-28,263213,55,false,azvwtt6iohg3hran3hxv47xn6,2021-09-17T23:06:44Z,"house","Universal-Island Records Ltd.",0.781,0.813,11,-8.164,0,0.0914,0.015,0.844,0.128,0.728,119.995,4
spotify:track:1pxEuawO62UhiRtGVRLsdm,"Ultimate Distortion","Ultimate Distortion","Alan Fitzpatrick;Rebūke",2020-12-11,380591,0,false,azvwtt6iohg3hran3hxv47xn6,2021-10-08T16:23:37Z,"techno,techno melódico,tech house","We Are The Brave",0.753,0.83,0,-7.252,0,0.0664,0.00166,0.86,0.141,0.239,128.026,4
spotify:track:0ZLg7o3z4wt5zCnbeh65pe,"Dance & Dip - VIP","Dance & Dip (Remixes)","Endor",2018-06-08,241474,9,false,azvwtt6iohg3hran3hxv47xn6,2021-10-10T18:25:43Z,"","Strangelove",0.887,0.862,5,-4.185,1,0.0558,0.00194,0.102,0.0743,0.688,124.034,4
spotify:track:1xZOYV0Z6i7z0nAnyL1zmT,"Out The Fire (At The Hotel) - Radio Edit","Out The Fire (At The Hotel)","Franky Rizardo;Ros T;Eunice Collins",2021-06-18,214687,64,false,azvwtt6iohg3hran3hxv47xn6,2021-10-11T16:06:22Z,"house,tech house,disco house","Altra Moda Music",0.849,0.912,11,-6.364,0,0.321,0.15,0.0000592,0.198,0.541,128.03,4
spotify:track:1W02hcbdwd4do45YJqSlED,"Let the Sun Shine - Purple Disco Machine Remix","Let the Sun Shine (Purple Disco Machine Remix)","Milk & Sugar;Purple Disco Machine",2021-04-23,166750,42,false,azvwtt6iohg3hran3hxv47xn6,2021-10-11T16:06:36Z,"disco house,funky house,nu disco,house","Milk & Sugar Recordings",0.609,0.875,6,-6.129,0,0.136,0.0494,0.00772,0.668,0.627,123.024,4
spotify:track:3QrsKBdtwQcA3gZ8PYKYmb,"Mesmerize","Mesmerize","Duck Sauce;A-Trak;Armand Van Helden",2020-10-16,239583,0,false,azvwtt6iohg3hran3hxv47xn6,2021-09-18T00:06:03Z,"disco house","Duck Sauce",0.701,0.983,4,-3.517,1,0.0552,0.0399,0.223,0.0866,0.756,126.02,4
spotify:track:3QUVgi7fLRKQL5j0irl5jd,"Whispers In The Wind","Whispers In The Wind","Michael Bibi",2021-08-27,368852,38,false,azvwtt6iohg3hran3hxv47xn6,2021-10-11T16:07:18Z,"tech house,techno,house","Solid Grooves Records",0.803,0.912,1,-9.709,1,0.0474,0.00109,0.793,0.0821,0.476,129.999,4
spotify:track:5VCx6BsBizs11OJvSnqDG4,"I Go - Edit","I Go","Peggy Gou",2021-07-09,224000,0,false,azvwtt6iohg3hran3hxv47xn6,2021-10-11T16:07:36Z,"","Gudu Records",0.721,0.931,11,-6.493,1,0.0369,0.13,0.655,0.0746,0.968,119.998,4
spotify:track:0YG1fyqSZpuIfNlkOeN3eD,"We Can Come Together","We Can Come Together","Love Regenerator;Eli Brown;Calvin Harris",2021-08-13,216984,40,false,azvwtt6iohg3hran3hxv47xn6,2021-10-11T16:06:43Z,"techno,tech house,edm","Columbia",0.685,0.922,10,-7.416,1,0.0364,0.00563,0.00149,0.0904,0.422,124.988,4
spotify:track:3SvhhsODK5VG35Cs5eAJ8M,"Los Tamales","Los Tamales","Dennis Cruz",2021-07-30,334838,0,false,azvwtt6iohg3hran3hxv47xn6,2021-10-11T16:08:57Z,"tech house,house latino,tribal house","Crosstown Rebels",0.797,0.706,7,-9.311,1,0.09,0.0285,0.546,0.0969,0.647,123.998,4
spotify:track:6ytVMBHu1ZXvaBvufHCBOX,"Bon Bini","Bon Bini EP","Shermanology",2020-09-11,361023,0,false,azvwtt6iohg3hran3hxv47xn6,2021-09-18T05:24:22Z,"tech house,house","Hot Creations",0.775,0.877,9,-9.12,1,0.103,0.00256,0.25,0.0738,0.401,127.028,4
spotify:track:4KCs5QWk6YBcIMqSfSqAiJ,"Di Nobo","Di Nobo / Shonuff","Shermanology",2021-08-13,195000,0,false,azvwtt6iohg3hran3hxv47xn6,2021-09-18T06:54:43Z,"tech house,house","D'EAUPE",0.85,0.495,7,-8.321,1,0.135,0.00794,0.00154,0.0644,0.775,127.983,4
spotify:track:4VrCivkdJ31UXEfJcoxduL,"Deez-Aya","2031","Shermanology",2021-06-18,223125,0,false,azvwtt6iohg3hran3hxv47xn6,2021-09-18T20:34:38Z,"tech house,house","Sola Nauts",0.975,0.783,11,-7.015,1,0.252,0.00153,0.2,0.0572,0.654,128.009,4
spotify:track:0YKTPnScYGPFdYUqkLmS4Q,"Clarinete En Los Balcanes (Original Mix)","Siddharta - Dubaï","Pacho & Pepo",2012-10-22,316760,8,false,azvwtt6iohg3hran3hxv47xn6,2021-09-18T00:52:16Z,"","George V Records",0.824,0.646,7,-5.79,1,0.0375,0.00136,0.84,0.0626,0.514,125.002,4
spotify:track:7EEFlFFEdI0sfvip9Y3Ecd,"Snake Charmer","Snake Charmer","Endor",2017-08-11,425381,9,false,azvwtt6iohg3hran3hxv47xn6,2021-10-10T18:26:11Z,"","Night Beast Trax",0.802,0.901,10,-4.039,0,0.0472,0.000658,0.864,0.0629,0.471,122.999,4
spotify:track:6BP9hrs0nO6HJwII9oRzuQ,"Pasilda - Extended Mix (Mixed)","Defected Worldwide (DJ Mix)","Melé;Shovell",2019-12-13,309677,0,false,azvwtt6iohg3hran3hxv47xn6,2021-09-18T19:54:16Z,"tribal house,house latino,tech house,disco house","Defected Records",0.736,0.934,5,-8.084,0,0.0704,0.0438,0.921,0.0347,0.52,123.99,4
spotify:track:2NKx6U68RjwxAaiSrCqDEb,"What Do You Want (feat. Meshell Ndegeocello) - Edit","What Do You Want","Miguel Migs;Meshell Ndegeocello",2015-01-30,184020,0,false,azvwtt6iohg3hran3hxv47xn6,2021-09-18T00:58:04Z,"deep house,funky house,nu disco,neo soul,indie jazz","Soul Heaven Records",0.757,0.74,6,-7.132,1,0.0474,0.00734,0.00398,0.056,0.625,119.999,4
spotify:track:33J9lmeViWXN0Le0vWRyjc,"Douha (Mali Mali)","ENERGY (Deluxe)","Disclosure;Fatoumata Diawara",2020-08-28,294600,50,false,azvwtt6iohg3hran3hxv47xn6,2021-09-17T23:04:30Z,"house","Universal-Island Records Ltd.",0.736,0.808,0,-6.015,1,0.157,0.0366,0.000935,0.11,0.436,123.95,4
spotify:track:1soUdAofLWpmrpvoFoMUNa,"Smoking I Wait (Remix)","Smoking I Wait (Remix)","Paskman;Sara Montiel",2019-09-20,273745,42,false,azvwtt6iohg3hran3hxv47xn6,2021-10-08T12:56:27Z,"techengue,tech house,house latino,techno,bolero","Paskman",0.808,0.668,9,-10.683,0,0.0924,0.000204,0.664,0.0586,0.109,126.025,4
spotify:track:4nzUclEJiSUwQQcCCEbNAA,"Alone No More","Alone No More","Philip George;Anton Powers",2015-08-21,173325,64,false,azvwtt6iohg3hran3hxv47xn6,2021-09-18T06:24:31Z,"","All Around The World",0.383,0.918,1,-4.543,1,0.0551,0.0813,0.0000286,0.148,0.576,121.396,4
spotify:track:48QYQQR8FpMAb1U6n2MNw2,"Pleasure","The Jam Files, Vol. 3","Mousse T.;Peven Everett",2018-03-16,329632,0,false,azvwtt6iohg3hran3hxv47xn6,2021-09-18T00:58:25Z,"uk garage,jazz house,house de chicago,funky británico","Peppermint Jam",0.831,0.621,0,-8.801,0,0.0466,0.0331,0.0606,0.115,0.885,116.982,4
spotify:track:5FBRrxOtf8KNwcNu8KQBTI,"January","Settle (Special Edition)","Disclosure;Jamie Woon",2014-01-01,354954,27,false,azvwtt6iohg3hran3hxv47xn6,2021-09-17T23:05:57Z,"house","Universal-Island Records Ltd.",0.822,0.621,6,-6.797,1,0.147,0.0538,0.00000327,0.0577,0.657,120.002,4
spotify:track:3QWpzB2LG6Sbm7zoXtspK0,"My Body - Mixed","Defected Worldwide (DJ Mix)","Will Clarke;Huxley",2019-12-13,185806,0,false,azvwtt6iohg3hran3hxv47xn6,2021-09-18T19:54:16Z,"tech house,techno,house","Defected Records",0.907,0.734,3,-8.824,0,0.0922,0.0483,0.417,0.0774,0.579,124.006,4
spotify:track:1KNjts5gJXoHouGAAzK0rp,"Fietspomp","Lekker Setje Beats","Klaus Veen",2020-07-09,148879,0,false,azvwtt6iohg3hran3hxv47xn6,2021-10-08T15:56:15Z,"rally house,house","Klaus Veen Records",0.936,0.72,2,-7.689,1,0.197,0.421,0.13,0.0936,0.439,132.012,4
spotify:track:7sYSX9PHNmTkdIaikmnXDe,"Paris 2.0","Essential Beats, Vol. 7","Phil Weeks",2016-08-05,401983,2,false,azvwtt6iohg3hran3hxv47xn6,2021-09-18T16:19:49Z,"house de chicago,funky house,disco house","Robsoul Essential",0.809,0.956,10,-8.575,0,0.049,0.0000222,0.914,0.061,0.738,124.982,4
spotify:track:6ZxgD5UjqQ8x7UL6QW5bQU,"If Only You Knew","See the Light / If Only You Knew","James Pepper",2019-05-08,385468,4,false,azvwtt6iohg3hran3hxv47xn6,2021-09-18T01:00:54Z,"hard house,lo-fi house,jazz house,acid house","Finer Things Records",0.714,0.926,7,-7.505,1,0.0652,0.332,0.849,0.422,0.539,126.005,4
spotify:track:6hypd4TRKUZU1ox3HQRkfg,"Beat","Beat","Endor",2021-06-18,310560,15,false,azvwtt6iohg3hran3hxv47xn6,2021-09-18T20:01:30Z,"","Solid Grooves Records",0.813,0.74,9,-11.169,0,0.0888,0.000202,0.935,0.0884,0.422,123.992,4
spotify:track:685sTmuz04WrqGIgKxKX15,"Good Time - Mixed","Defected Worldwide (DJ Mix)","Amine Edge & DANCE",2019-12-13,232500,0,false,azvwtt6iohg3hran3hxv47xn6,2021-09-18T19:54:16Z,"tech house,g-house","Defected Records",0.899,0.732,11,-9.337,0,0.124,0.00488,0.000286,0.0492,0.88,123.916,4
spotify:track:6jHgsgCImwdXm4EQN4ZA6L,"The City","The City EP","Swales",2020-11-29,304870,0,false,azvwtt6iohg3hran3hxv47xn6,2021-09-20T03:16:57Z,"lo-fi house,disco house,funky house","Mutombo Records",0.729,0.622,4,-14.113,0,0.0439,0.000906,0.838,0.298,0.589,124.01,4
spotify:track:7HtHY1XbN6VdYkDlVpTbVt,"Bloom - Extended Mix","To The Light","Jaden Thompson",2020-09-11,335286,0,false,azvwtt6iohg3hran3hxv47xn6,2021-09-21T12:04:09Z,"tech house","Classic Music Company",0.795,0.82,11,-8.034,0,0.0572,0.000192,0.903,0.0514,0.35,125.991,4
spotify:track:0KOgmHoxljZpdq9iTRXRBM,"Libra v9B","Libra v9B","Baltra",2020-09-08,398048,19,false,azvwtt6iohg3hran3hxv47xn6,2021-09-17T23:04:41Z,"lo-fi house","96 and Forever",0.802,0.539,7,-10.963,0,0.0668,0.02,0.852,0.0522,0.136,122.992,4
spotify:track:3fI0PpPBbW6GzgzeaPryHz,"Ordinary Days V2","Blaze","Klaus Veen",2018-04-22,356072,0,false,azvwtt6iohg3hran3hxv47xn6,2021-10-08T15:56:30Z,"rally house,house","Klaus Veen Records",0.761,0.933,1,-7.405,1,0.172,0.0574,0.374,0.0976,0.491,130.826,4
spotify:track:1ND7yU6uybSbpXDNkYbs0k,"Smooth Arrangements","Ordinary Beats","Klaus Veen",2017-12-14,207698,0,false,azvwtt6iohg3hran3hxv47xn6,2021-10-08T15:56:22Z,"rally house,house","Klaus Veen Records",0.807,0.664,0,-12.831,1,0.0997,0.376,0.924,0.111,0.521,121.349,4
spotify:track:6xzPYLoJR3ceaYb5QrE2B8,"Borderline - Radio Edit","Analog Is On","Michael Gray",2007-06-01,195533,48,false,azvwtt6iohg3hran3hxv47xn6,2021-09-17T23:05:13Z,"disco house","Altra Moda Music",0.692,0.911,8,-5.784,0,0.0572,0.00482,0.00000239,0.152,0.893,126.003,4
spotify:track:303ccTay2FiDTZ9fZ2AdBt,"Music Sounds Better With You","Music Sounds Better With You","Stardust;Benjamin Diamond;Alan Braxe;Thomas Bangalter",1998-07-20,403293,81,false,azvwtt6iohg3hran3hxv47xn6,2021-09-18T06:30:33Z,"house francés","Because Music",0.735,0.72,1,-7.04,1,0.336,0.00105,0.15,0.382,0.364,124.174,4
spotify:track:1Ckah0ICBG4AoAY0x6LbSF,"Believer","Believer","LP Giobbi;hermixalot",2021-04-16,194761,0,false,azvwtt6iohg3hran3hxv47xn6,2021-09-17T23:19:58Z,"house","Thrive Music, LLC",0.638,0.856,1,-5.116,1,0.0382,0.0784,0.022,0.0914,0.36,125.987,4
spotify:track:2TnMhppHC8Nu3wEcaRgzmy,"The Weekend (Radio Edit)","The Weekend","Michael Gray",2004,192173,0,false,azvwtt6iohg3hran3hxv47xn6,2021-09-17T23:22:00Z,"disco house","Liberator Music",0.691,0.817,11,-5.695,0,0.0963,0.000498,0.138,0.521,0.856,127.061,4
spotify:track:68nGAedFipeAmAM12v0pT4,"Sunset Café","Music & You","Room 5",2003-11-24,326493,33,false,azvwtt6iohg3hran3hxv47xn6,2021-09-17T23:22:26Z,"disco house,funky house,house francés","[PIAS] Recordings Catalogue",0.804,0.697,11,-8.737,0,0.0422,0.000653,0.713,0.851,0.608,124.501,4
spotify:track:49X0LAl6faAusYq02PRAY6,"Lady - Hear Me Tonight","Modjo (Remastered)","Modjo",2001,307153,87,false,azvwtt6iohg3hran3hxv47xn6,2021-09-17T23:23:18Z,"house francés,disco house","Modjo Music",0.72,0.808,6,-5.627,1,0.0379,0.00793,0.0293,0.0634,0.869,126.041,4
spotify:track:0F2BxpbxH8Yc3pLub48hrb,"Pjanoo - Radio Edit","Pjanoo","Eric Prydz",2008-08-29,157432,69,false,azvwtt6iohg3hran3hxv47xn6,2021-09-17T23:05:48Z,"","Pryda Presents",0.605,0.874,7,-4.949,0,0.0295,0.000563,0.812,0.112,0.836,125.99,4
spotify:track:4Z4IWEJMEMGRlqu67UxWAH,"Brighter Days - Louie's Masters At Work Mix","Only 4 U: The Sound Of Cajmere & Cajual Records 1992-2012","Cajmere;Dajae;Masters At Work",2012-10-29,640426,0,false,azvwtt6iohg3hran3hxv47xn6,2021-09-17T23:50:38Z,"house de chicago,club de baltimore,footwork,house,tech house,voguing","Strut",0.762,0.974,2,-8.671,1,0.0481,0.00991,0.57,0.143,0.664,124.124,4
spotify:track:4TBOxwcoCfgs3j9COmEIl0,"At Night - Kid Crème Club Mix","At Night","Shakedown;Kid Crème",2002-04-29,300306,0,false,azvwtt6iohg3hran3hxv47xn6,2021-11-25T21:25:18Z,"disco house,funky house,house","Defected Records",0.726,0.967,1,-7.643,1,0.0641,0.00211,0.851,0.531,0.876,124.997,4
spotify:track:5cqz21gHUmfNgUY0JNzO3G,"Push The Feeling On - Mk Dub Revisited Edit","Push The Feeling On","Nightcrawlers;MK",1995,243160,2,false,azvwtt6iohg3hran3hxv47xn6,2021-09-18T01:01:50Z,"house","Universal Music Group",0.8,0.502,6,-13.299,0,0.0327,0.0315,0.0000145,0.211,0.797,123.033,4
spotify:track:5azvZmhJ25rJSs42UKznFX,"Revolution - Deep In Jersey Extended Mix (Mixed)","Defected Worldwide (DJ Mix)","Harry Romero",2019-12-13,201290,0,false,azvwtt6iohg3hran3hxv47xn6,2021-09-18T19:53:14Z,"tech house,tribal house","Defected Records",0.876,0.756,2,-8.31,1,0.0748,0.000103,0.283,0.319,0.172,123.991,4
spotify:track:2WrUVPoYZIH9KpOc7qzzNd,"Doors","Doors","Mattei & Omich;Nathan Nicholson",2019-07-12,238000,0,false,azvwtt6iohg3hran3hxv47xn6,2021-09-18T00:58:09Z,"disco house,funky house,nu disco","Defected Records",0.629,0.949,9,-3.74,0,0.0706,0.000922,0.036,0.178,0.323,120.993,4
spotify:track:09aLLwgduDp20C9aFVYat1,"Believe","Believe","Soundstorm",2020-07-17,198000,0,false,azvwtt6iohg3hran3hxv47xn6,2021-09-18T06:30:52Z,"","Outertone",0.455,0.881,7,-2.84,1,0.0903,0.0102,0,0.126,0.326,150.006,4
spotify:track:3O5IC9NCBjwDdbIp3nnQrw,"Utopia","Terraforma","Mario Ochoa",2021-02-26,420465,21,false,azvwtt6iohg3hran3hxv47xn6,2021-09-18T00:54:31Z,"minimal techno,techno,tech house","Avenue Recordings",0.705,0.968,5,-7.232,0,0.0802,0.0057,0.853,0.0516,0.439,129.003,4
spotify:track:5hmcw6bW5V24CvJqsz87We,"On My Mind","On My Mind","Diplo;SIDEPIECE",2020-03-05,189268,56,false,azvwtt6iohg3hran3hxv47xn6,2021-09-18T06:15:32Z,"moombahton,tech house,edm","Parlophone UK",0.771,0.731,7,-6.577,1,0.0407,0.00155,0.681,0.217,0.629,123.026,4
spotify:track:0qF61oVeh4ENCmzc6wCmyc,"Global Warming","Gordon's Bay","James Pepper",2018-06-14,397597,4,false,azvwtt6iohg3hran3hxv47xn6,2021-09-18T01:00:45Z,"hard house,lo-fi house,jazz house,acid house","Clipp.Art",0.774,0.791,7,-9.472,0,0.0763,0.49,0.159,0.403,0.456,125.03,4
spotify:track:3XWZD504SYwPkOz7WCQ0cy,"Housecosmos","Miami Underground 2018","ANËK",2018-03-16,414193,0,false,azvwtt6iohg3hran3hxv47xn6,2021-09-18T01:04:31Z,"tech house","Cr2 Records",0.812,0.99,10,-5.11,0,0.0484,0.000155,0.823,0.0456,0.805,124.005,4
spotify:track:51yfv0kjNYGO69PjGXKWkX,"Spirit of House","Spirit of House","ATFC;Gene Farris",2020-02-28,191500,39,false,azvwtt6iohg3hran3hxv47xn6,2021-09-18T01:04:54Z,"disco house,funky house,house,tech house,house de chicago","Toolroom Records",0.738,0.814,11,-6.374,1,0.181,0.00313,0.2,0.106,0.354,125.989,4
spotify:track:2aJDlirz6v2a4HREki98cP,"Glue","Bicep","BICEP",2017-09-01,269149,76,false,azvwtt6iohg3hran3hxv47xn6,2021-09-18T02:23:52Z,"","Ninja Tune",0.853,0.798,4,-7.995,0,0.068,0.0158,0.948,0.0967,0.42,129.983,4
spotify:track:2YCaWWFaJafLTak3gzwk2N,"Knock Me Out","Knock Me Out","Ferreck Dawn;Guz",2021-04-16,149222,11,false,azvwtt6iohg3hran3hxv47xn6,2021-09-18T02:24:23Z,"tech house,house","Club Sweat",0.758,0.904,4,-7.14,0,0.211,0.0643,0.00113,0.32,0.622,123.991,4
spotify:track:6eSWdCAvzD4danVK3OlqYU,"By My Side (feat. Anthony Valadez)","By My Side (feat. Anthony Valadez)","Ferreck Dawn;Anthony Valadez",2020-05-15,157949,0,false,azvwtt6iohg3hran3hxv47xn6,2021-09-18T05:01:11Z,"tech house,house,nu jazz","Defected Records",0.795,0.749,4,-8.058,0,0.0789,0.0371,0.00195,0.0575,0.72,123.054,4
spotify:track:32ldVyqvWU7IX0RXc8DZGr,"Funky Funky","Funky Funky","Cloonee",2019-11-08,222735,0,false,azvwtt6iohg3hran3hxv47xn6,2021-09-18T05:05:46Z,"tech house,house","Solotoko",0.957,0.684,7,-7.198,0,0.0755,0.00131,0.000662,0.11,0.873,125.005,4
spotify:track:45AcZcCFwIZM6cMVtIEFqJ,"Be Good To Me (feat. Lindy Layton)","Be Good To Me (feat. Lindy Layton)","Cloonee;Lindy Layton",2019-03-15,192141,45,false,azvwtt6iohg3hran3hxv47xn6,2021-09-18T05:06:42Z,"tech house,house","Big Beat Records",0.783,0.835,0,-6.951,1,0.0443,0.00263,0.132,0.148,0.657,124.048,4
spotify:track:3ruSBJtsa5dVwbIl7miXBw,"On My Mind - Purple Disco Machine Remix","On My Mind (Purple Disco Machine Remix)","Diplo;SIDEPIECE;Purple Disco Machine",2020-05-01,263414,49,false,azvwtt6iohg3hran3hxv47xn6,2021-09-18T05:24:20Z,"moombahton,tech house,edm,disco house,nu disco,funky house,house","FFRR",0.729,0.688,0,-6.397,1,0.0331,0.102,0.0651,0.184,0.744,123.011,4
spotify:track:7A8KhefpqreYqgbdRPEDB6,"Burn - Original Mix","Burn","Eats Everything",2018-04-13,374400,0,false,azvwtt6iohg3hran3hxv47xn6,2021-09-24T17:18:19Z,"techno,house,tech house","Edible",0.925,0.839,9,-6.863,0,0.0987,0.00441,0.693,0.0892,0.368,129.007,4
spotify:track:2pnb9xjlcar9xqa0ZJglP4,"You Make Me Feel (Mighty Real) - Michael Gray Radio Edit","You Make Me Feel (Mighty Real)","Sylvester;Michael Gray",2019-05-31,166538,45,false,azvwtt6iohg3hran3hxv47xn6,2021-09-18T06:25:11Z,"disco,hi-nrg,post-disco,disco house","Sultra Records",0.737,0.888,10,-5.193,1,0.0656,0.000567,0.0062,0.273,0.827,124.018,4
spotify:track:3M6GAqPB1SCfzS4CUbo13p,"BOSS - Radio Edit","Moog For Love","Disclosure",2016-06-15,285147,48,false,azvwtt6iohg3hran3hxv47xn6,2021-09-18T06:30:10Z,"house","Universal-Island Records Ltd.",0.781,0.639,11,-8.548,0,0.0546,0.00336,0.346,0.0349,0.604,126.02,4
spotify:track:12yj178KaJo8PrddT0StaL,"What's Up","What's Up","Gaullin;Lucky Luke",2021-02-12,147540,2,false,azvwtt6iohg3hran3hxv47xn6,2021-09-18T06:34:39Z,"slap house","Lithuania HQ",0.739,0.845,5,-5.93,0,0.0397,0.00155,0.0107,0.775,0.839,121.997,4
spotify:track:7d2RpBy2qTpFnzXd5jwX5F,"On The Drums","On The Drums","Pickle",2019-11-29,206129,46,false,azvwtt6iohg3hran3hxv47xn6,2021-09-17T23:20:46Z,"tech house,bass house","Spinnin' Records",0.752,0.957,9,-4.305,1,0.0512,0.00362,0.765,0.094,0.91,123.992,4
spotify:track:5O7yUDeSAj390VI5z98jsd,"Separated","Separated","Cloonee",2016-05-25,215238,54,false,azvwtt6iohg3hran3hxv47xn6,2021-09-18T05:06:33Z,"tech house,house","The Bearded Man (Armada)",0.753,0.765,4,-3.739,0,0.0332,0.0143,0.0000841,0.338,0.155,125.986,4
spotify:track:1sX4ucOwEW4sKN8pKaZnT8,"Feels","Feels","Jax Jones",2021-06-01,147987,0,false,azvwtt6iohg3hran3hxv47xn6,2021-09-18T06:42:38Z,"","etcetc",0.635,0.932,6,-6.998,0,0.0415,0.00934,0.00986,0.295,0.407,124.033,4
spotify:track:7Csd6ozp0Ci3ZDfvRgzrWz,"My Own Way","My Own Way","A-Trak;Ferreck Dawn",2021-01-08,141000,0,false,azvwtt6iohg3hran3hxv47xn6,2021-09-18T19:46:48Z,"disco house,tech house,house","Fool's Gold Records",0.702,0.843,0,-6.292,1,0.0515,0.104,0.014,0.0572,0.227,124.995,4
spotify:track:0QZdbOtajbimysXPJDkU3H,"Drop The Pressure","Drop The Pressure","Claptone;Mylo",2020-03-13,180990,49,true,azvwtt6iohg3hran3hxv47xn6,2021-09-18T20:37:35Z,"","Different Recordings",0.699,0.869,8,-5.212,1,0.0374,0.101,0.21,0.0767,0.252,124.003,4
spotify:track:65n2xo2DlG95KwKfbP775B,"I Love Buttons - Original Mix","Set About","METODI",2016-04-11,371794,6,false,azvwtt6iohg3hran3hxv47xn6,2021-09-20T03:10:45Z,"techno,tech house,acid techno,minimal techno","Set About",0.846,0.742,0,-10.814,0,0.0748,0.0274,0.819,0.0848,0.392,124.004,4
spotify:track:04mYhQGTujxxPjPzxRrgTL,"Whisper (with James Yuill) - John Summit Remix","Whisper (with James Yuill) [John Summit Remix]","Dennis Ferrer;Disciples;James Yuill;John Summit",2021-10-01,184271,0,false,azvwtt6iohg3hran3hxv47xn6,2021-10-07T18:50:30Z,"funky británico,deep house,funky house,house,afro house,tech house","Defected Records",0.801,0.671,0,-8.286,1,0.0432,0.00136,0.737,0.117,0.406,127.008,4
spotify:track:5WNa0eaGNwQ1ZXTHVlULpd,"Deep End - SIDEPIECE Remix","Deep End (SIDEPIECE Remix)","John Summit;SIDEPIECE",2020-10-16,196686,4,false,azvwtt6iohg3hran3hxv47xn6,2021-10-08T16:14:54Z,"house,tech house,edm","Defected Records",0.773,0.652,11,-9.187,0,0.0807,0.143,0.024,0.44,0.453,126.007,4
spotify:track:7D28YAEWhU3NKyeAuAOrrd,"Feels Good (feat. HanLei)","Feels Good (feat. HanLei)","Josh Butler;HanLei",2018-09-14,205917,0,false,azvwtt6iohg3hran3hxv47xn6,2021-10-08T16:16:08Z,"tech house,deep house,house","Defected Records",0.834,0.904,1,-5.112,1,0.129,0.0101,0.0000457,0.0852,0.742,124.011,4
spotify:track:1CmqwIhFc0FySL8HiPo0jU,"So Hooked On Your Lovin - Mousse T.'s Disco Shizzle","So Hooked On Your Lovin","Selace;Mousse T.",2018-08-17,213159,1,false,azvwtt6iohg3hran3hxv47xn6,2021-10-08T16:16:25Z,"disco house,funky house","Defected Records",0.892,0.899,0,-5.514,1,0.239,0.0269,0.00186,0.26,0.697,120.012,4
spotify:track:44cSdS11zb9uIkcbBMrdY6,"Stand Up (feat. Ramona Renea)","Stand Up (feat. Ramona Renea)","David Penn;Ramona Renea",2019-10-11,200125,0,false,azvwtt6iohg3hran3hxv47xn6,2021-10-08T16:16:29Z,"funky house,disco house,tech house","Defected Records",0.751,0.885,5,-6.704,1,0.115,0.00468,0.0595,0.328,0.829,122.994,4
spotify:track:0eQ1j5MBA9Ja7zvtB9uggC,"Big Love - David Penn Remix","Big Love (David Penn Remix)","Pete Heller's Big Love;David Penn",2019-07-05,206885,1,false,azvwtt6iohg3hran3hxv47xn6,2021-10-08T16:16:46Z,"disco house,funky house,tech house","Defected Records",0.73,0.917,2,-5.722,1,0.0854,0.00156,0.899,0.137,0.785,123.984,4
spotify:track:33iAQrh9TUGEKuYYk82Wm7,"2016 TECH HOUSE BANGER","2016 TECH HOUSE BANGER","PAWSA",2021-06-04,189735,39,false,azvwtt6iohg3hran3hxv47xn6,2021-09-18T01:03:40Z,"tech house,house","PAWZ",0.789,0.692,3,-11.084,0,0.0653,0.00173,0.775,0.115,0.576,133.014,4
spotify:track:0qP89hbMRlounSq9QDSK6v,"The Outsiders - T78 Remix","The Outsiders","Christian Cambas;T78",2018-08-06,313700,45,false,azvwtt6iohg3hran3hxv47xn6,2021-09-17T23:19:13Z,"techno,acid techno,hard techno,tekno","Autektone Records",0.851,0.904,2,-9.654,1,0.0582,0.00182,0.924,0.112,0.26,126.992,4
spotify:track:65rgchI8TW6KX4Zsesiu3i,"Ready 2 Dance (with Biscits feat. Anelisa Lamola)","Ready 2 Dance (with Biscits feat. Anelisa Lamola)","Martin Ikin;Biscits;Anelisa Lamola",2021-04-02,170237,0,false,azvwtt6iohg3hran3hxv47xn6,2021-09-17T23:20:05Z,"tech house,house","Ultra Records",0.782,0.932,7,-5.451,0,0.0485,0.000616,0.111,0.133,0.7,126.024,4
spotify:track:6ho0GyrWZN3mhi9zVRW7xi,"Losing It","Losing It","FISHER",2018-07-13,248035,76,false,azvwtt6iohg3hran3hxv47xn6,2021-09-18T06:26:24Z,"tech house,house","Fisher - Follow the FISH, LLC",0.76,0.964,2,-5.844,1,0.0577,0.00181,0.703,0.0975,0.643,125.003,4
spotify:track:6fFbx5bKIp5XWtP07yZe6v,"Phase","Ehm Phase","Veerus",2018-12-07,520000,24,false,azvwtt6iohg3hran3hxv47xn6,2021-09-18T00:54:20Z,"techno,acid techno,minimal techno,tech house","Terminal M",0.799,0.855,7,-6.732,1,0.0429,0.0412,0.824,0.0853,0.0893,126.021,4
spotify:track:4o3wrCQfN0Y1SAOKioSzSH,"House Crew","Best of Ibiza 2018","Kudo & Fish",2018-01-26,247669,0,false,azvwtt6iohg3hran3hxv47xn6,2021-09-18T01:04:28Z,"future house","Cr2 Records",0.853,0.754,11,-9.087,0,0.123,0.00159,0.207,0.0456,0.79,126.015,4
spotify:track:6KflfPD0qIbbB1PQyAHla5,"Topdown","Channel Tres","Channel Tres",2018-07-27,230013,1,true,azvwtt6iohg3hran3hxv47xn6,2021-10-11T19:31:30Z,"hip house","GODMODE",0.828,0.54,1,-8.54,1,0.0933,0.0259,0.179,0.145,0.485,120.048,4
spotify:track:6LnafAyxV9SOYIa3oImito,"Bayside - 10 Years Of Eats Everything Remix","Bayside (10 Years Of Eats Everything Remix)","Obskür;Eats Everything",2021-02-19,228956,25,false,azvwtt6iohg3hran3hxv47xn6,2021-09-18T05:20:38Z,"rally house,house,techno,tech house","FFRR",0.521,0.915,6,-7.839,1,0.0713,0.0132,0.028,0.112,0.8,128.743,4
spotify:track:0IyYhV3YmH0do8nsRaH919,"Hypnotized","Hypnotized EP","Bleu Clair",2020-10-23,164526,0,false,azvwtt6iohg3hran3hxv47xn6,2021-10-07T09:08:34Z,"bass house,tech house,g-house","Insomniac Records",0.683,0.918,1,-4.591,1,0.0438,0.0902,0.00698,0.153,0.218,123.973,4
spotify:track:5077woeHXpzjrpbRwlTXkp,"Life","Life","Art Van Delay",2017-11-02,172944,16,false,azvwtt6iohg3hran3hxv47xn6,2021-09-18T06:28:32Z,"","Art Van",0.417,0.657,0,-9.388,1,0.0448,0.0211,0.938,0.13,0.0391,119.904,4
spotify:track:6ftoIPXbMUandGNuZh3SPA,"Iris","Iris (Eyes Of A Girl)","Soundstorm",2008-12-09,517750,0,false,azvwtt6iohg3hran3hxv47xn6,2021-09-18T06:30:49Z,"soul jazz,dub","Silk Digital Records (Silk Music)",0.703,0.594,0,-10.877,1,0.0639,0.03,0.894,0.198,0.0834,128.014,4
spotify:track:5VHbwTo0bWAdzVQPa5NNdg,"Perfect (Exceeder) - Vocal Club Mix","Perfect (Exceeder)","Mason;Princess Superstar",2007-01-11,399323,41,false,azvwtt6iohg3hran3hxv47xn6,2021-09-18T00:53:04Z,"electroclash","Armada Music",0.761,0.777,6,-8.303,1,0.0885,0.00586,0.741,0.296,0.769,127.996,4
spotify:track:5seMzzp82c5kcwDgxhkcgk,"Cream","Cream","Claptone",2012-02-13,390433,48,false,azvwtt6iohg3hran3hxv47xn6,2021-09-18T00:58:38Z,"","Exploited",0.827,0.692,1,-9.227,1,0.0586,0.0337,0.911,0.0763,0.43,120.007,4
spotify:track:5Io7c6bPnXx0VR1LjhY1Rv,"Somethin' Bout U","Funky Funky","Cloonee",2019-11-08,211909,0,false,azvwtt6iohg3hran3hxv47xn6,2021-09-18T05:05:05Z,"tech house,house","Solotoko",0.971,0.524,9,-11.4,0,0.128,0.0153,0.203,0.11,0.398,127.005,4
spotify:track:66BwRV5VYNVmYLH2oJdrA1,"Hold Me Up (feat. Jocelyn Brown) - Riva Starr Tangerine Funk Vocal Mix","Hold Me Up (feat. Jocelyn Brown) [Riva Starr Tangerine Funk Vocal Mix]","Junior Jack;Glory;Jocelyn Brown;Riva Starr",2021-02-19,208631,0,false,azvwtt6iohg3hran3hxv47xn6,2021-09-18T05:07:04Z,"disco house,funky house,house francés,tech house","Defected Records",0.811,0.833,6,-5.629,1,0.0712,0.0788,0.00000251,0.566,0.784,126.01,4
spotify:track:2Mtmth523LEPd59UtZiz9M,"The Sound of Violence (Narcotic Thrust Remix)","Au Rêve (Deluxe Edition)","Cassius;Narcotic Thrust",2002,454346,48,false,azvwtt6iohg3hran3hxv47xn6,2021-09-18T05:24:09Z,"house francés","Love Supreme / Justice",0.787,0.606,8,-8.606,0,0.0556,0.00382,0.664,0.0777,0.531,126.992,4
spotify:track:73mWQuPeuAg8NJthWGPwHR,"Just Be Good To Me - Radio Edit","Just Be Good To Me","Earth n Days",2020-02-21,217500,0,false,azvwtt6iohg3hran3hxv47xn6,2021-09-18T05:24:17Z,"funky house,disco house,nu disco,tech house","HouseU",0.779,0.931,0,-4.136,1,0.0669,0.00915,0.631,0.0822,0.528,124.013,4
spotify:track:0gcPFlSLjkVqz84RcDhyJk,"HOT DRUM","HOT DRUM","JOYRYDE",2016-11-16,266879,44,false,azvwtt6iohg3hran3hxv47xn6,2021-09-18T16:27:48Z,"bass house,g-house","OWSLA",0.625,0.981,7,-3.799,1,0.0597,0.0009,0.329,0.357,0.156,125.008,4
spotify:track:5uxSxL44LynLj2xstL0ogf,"Have Me All (feat. Jelita)","Have Me All (feat. Jelita)","Bleu Clair;Jelita",2021-07-09,170004,0,false,azvwtt6iohg3hran3hxv47xn6,2021-10-07T09:08:01Z,"bass house,tech house,g-house","Insomniac Records",0.685,0.846,7,-3.771,0,0.0462,0.099,0.00168,0.344,0.255,126.046,4
spotify:track:7v9Q0dAb9t7h8gJOkcJHay,"Face to Face","Discovery","Daft Punk",2001-03-12,240173,71,false,azvwtt6iohg3hran3hxv47xn6,2021-09-18T16:29:12Z,"house francés,electrónica,electro","Daft Life Ltd./ADA France",0.874,0.437,1,-10.235,0,0.0708,0.00134,0.0296,0.0293,0.962,117.791,4
spotify:track:4ltos6QKhDDIW1JLkQwRoe,"Get Together","Get Together","Chris Stussy;S.A.M.",2021-06-04,433278,33,false,azvwtt6iohg3hran3hxv47xn6,2021-09-18T20:26:36Z,"house,tech house","Up the Stuss",0.795,0.746,6,-9.083,0,0.0548,0.0000866,0.843,0.324,0.846,129.006,4
spotify:track:1mcKSOFFc19eci3MVpMLEu,"Kush","Kush","Guz;Ferreck Dawn",2021-09-24,156612,38,false,azvwtt6iohg3hran3hxv47xn6,2021-10-11T16:09:19Z,"tech house,house","Sink or Swim",0.759,0.837,7,-4.71,1,0.045,0.00039,0.895,0.0839,0.703,125.041,4
spotify:track:3wcPBR7vi8noJrvcj8rdmZ,"La Luna","Armada Deep - Amsterdam Dance Event 2017","Jude & Frank;Totó La Momposina",2017-10-06,143040,44,false,azvwtt6iohg3hran3hxv47xn6,2021-11-25T19:46:46Z,"house latino,tribal house,techengue,tech house,folk latino,folklore latino,cumbia","Armada Music Bundles",0.679,0.929,1,-3.984,1,0.0589,0.00335,0.00074,0.574,0.516,125.026,4
spotify:track:093Ccgo7bzuClgCtHFcaza,"Messi to City","Games & Music","James Pepper",2021-01-22,383616,2,false,azvwtt6iohg3hran3hxv47xn6,2021-09-18T00:59:28Z,"hard house,lo-fi house,jazz house,acid house","Gallery Recordings",0.673,0.725,1,-11.085,1,0.0692,0.0316,0.378,0.163,0.431,131.991,4
spotify:track:6eypw7fGYBtYxD3dCE2pld,"Do It Again","We Are The Night","The Chemical Brothers",2007-06-27,332973,58,false,azvwtt6iohg3hran3hxv47xn6,2021-09-18T06:39:35Z,"big beat,dance alternativo,electrónica,breakbeat","UMC (Universal Music Catalogue)",0.867,0.714,4,-5.144,1,0.0662,0.0224,0.704,0.104,0.623,123.974,4
spotify:track:6ZZAWyuSScJwOMBXPDNa2Y,"74 Is the New 24","Déjà vu","Giorgio Moroder",2015-06-15,241106,34,false,azvwtt6iohg3hran3hxv47xn6,2021-09-18T00:54:41Z,"disco italiana,disco","Giorgio Moroder Music LCC",0.551,0.838,11,-6.925,0,0.0328,0.00133,0.933,0.28,0.523,128.008,4
spotify:track:4lPN8jl3fk0BEgHgky4yZd,"Night Drive - American Gigolo/Soundtrack Version","American Gigolo","Giorgio Moroder",1980-02-08,234640,29,false,azvwtt6iohg3hran3hxv47xn6,2021-09-18T00:54:49Z,"disco italiana,disco","Polydor",0.679,0.745,10,-11.308,1,0.0306,0.0113,0.908,0.0916,0.996,128.381,4
spotify:track:71XJHXchGOQpesUpWKPnAo,"Headnoise (Get Hype)","Headnoise (Get Hype)","Martin Ikin;Dope Earth Alien",2019-11-01,179032,0,false,azvwtt6iohg3hran3hxv47xn6,2021-09-18T18:41:56Z,"tech house,house","Cr2 Records",0.704,0.989,11,-6.002,0,0.0563,0.158,0.847,0.0747,0.849,123.972,4
spotify:track:0JOKsHHDXCtnGYZdfsV0go,"Speakerphone","Speakerphone","Biscits;MY M8 JAY",2019-05-17,187615,29,false,azvwtt6iohg3hran3hxv47xn6,2021-09-18T18:42:28Z,"tech house,house","Club Sweat",0.827,0.807,1,-5.946,1,0.0585,0.011,0.166,0.122,0.782,123.963,4
spotify:track:51C2icKkwWdJRBErc2qno3,"Rock The House","Rock The House EP","Endor;Eksman",2021-08-20,179315,12,false,azvwtt6iohg3hran3hxv47xn6,2021-09-18T18:42:50Z,"drum and bass,bassline","Kaluki Musik",0.792,0.795,10,-8.051,0,0.0862,0.0129,0.705,0.05,0.356,126.025,4
spotify:track:6rHyMTHlEn0ukuL4XRhG7X,"Lovelee Dae","Lovelee Dae","Amine Edge & DANCE;Blaze (Kevin Hedge)",2017-09-29,382278,0,false,azvwtt6iohg3hran3hxv47xn6,2021-09-18T19:59:04Z,"tech house,g-house","Defected Records",0.817,0.884,0,-7.407,0,0.0673,0.00987,0.91,0.111,0.666,124,4
spotify:track:1YmMirswl1qi0tc8Xbyh6w,"Sunshine","Calle EP","Shermanology",2021-05-21,224262,0,false,azvwtt6iohg3hran3hxv47xn6,2021-09-18T20:33:49Z,"tech house,house","Repopulate Mars",0.846,0.572,3,-7.985,0,0.0817,0.000806,0.00109,0.0626,0.697,121.996,4
spotify:track:1GvyPmmkOxcrnLBjpgFBPX,"Caught In The Rain","Caught In The Rain","Ferreck Dawn;Guz;L.I.T",2021-03-05,142800,41,false,azvwtt6iohg3hran3hxv47xn6,2021-09-18T18:43:07Z,"tech house,house","Sink or Swim",0.732,0.89,1,-7.021,0,0.0647,0.0312,0.000233,0.162,0.217,124.989,4
spotify:track:7avEnKw0deDcvxle5tI5XN,"Dog Days","Leave Luck to Heaven","Matthew Dear",2003-11-25,366760,0,false,azvwtt6iohg3hran3hxv47xn6,2021-09-18T20:27:39Z,"minimal techno","Ghostly International",0.883,0.811,1,-4.833,1,0.137,0.000848,0.884,0.0682,0.6,127,4
spotify:track:0csz09qS2n8Jo7LogHKu7j,"Tondo","ENERGY (Deluxe)","Disclosure;Eko Roosevelt",2020-08-28,329280,64,false,azvwtt6iohg3hran3hxv47xn6,2021-09-17T23:08:03Z,"house","Universal-Island Records Ltd.",0.675,0.92,0,-7.153,0,0.0539,0.0126,0.117,0.329,0.842,132.001,4
spotify:track:0Xwg50XuMgbBFPX4LOVGcR,"Infinite","Games & Music","James Pepper",2021-01-22,418882,1,false,azvwtt6iohg3hran3hxv47xn6,2021-09-18T00:59:53Z,"hard house,lo-fi house,jazz house,acid house","Gallery Recordings",0.676,0.893,0,-8.54,1,0.0619,0.00497,0.773,0.656,0.691,132.001,4
spotify:track:4aVFgyA1OyjYcf3zjuQE0i,"Talk","ENERGY (Deluxe)","Disclosure;Khalid",2020-08-28,197487,0,false,azvwtt6iohg3hran3hxv47xn6,2021-09-17T23:06:50Z,"house","Universal-Island Records Ltd.",0.899,0.4,0,-8.443,1,0.124,0.0501,0,0.0876,0.338,136.001,4
spotify:track:3FN7IJMnUMWZXDw08ix3ot,"Stop This Flame - Celeste x MK","Stop This Flame (Celeste x MK)","Celeste;MK",2021-06-25,203946,57,false,azvwtt6iohg3hran3hxv47xn6,2021-09-18T21:23:25Z,"house","Polydor Records",0.692,0.846,8,-5.72,1,0.0559,0.0194,0.0000291,0.324,0.827,124.007,4
spotify:track:3X3D6oIhO8QsNxJibHSMRc,"Think About You","Music & You","Room 5",2003-11-24,202560,0,false,azvwtt6iohg3hran3hxv47xn6,2021-09-17T23:21:55Z,"disco house,funky house,house francés","[PIAS] Recordings Catalogue",0.641,0.945,1,-6.593,0,0.0762,0.0000259,0.151,0.36,0.229,126.071,4
spotify:track:1horgd35mRdxsD7Xp8IzJx,"You & I - Demi Riquisimo Remix","The Omnitone Collection Remixed","Elder Island;Demi Riquísimo",2020-06-19,459500,0,false,azvwtt6iohg3hran3hxv47xn6,2021-09-17T23:53:14Z,"acid house,disco house","Elder Island",0.672,0.823,4,-7.798,0,0.0307,0.0202,0.104,0.0804,0.63,119.997,4
spotify:track:0F5DJA5gUkR9YSPIP1lCl2,"ACIIID - Kryder x Benny Benassi Remix","ACIIID (Kryder x Benny Benassi Remix)","MOGUAI;Benny Benassi;Kryder",2019-11-18,172913,51,false,azvwtt6iohg3hran3hxv47xn6,2021-09-17T23:20:53Z,"big room,electro house,tribal house,house latino,house progresivo","Spinnin' Records",0.593,0.96,10,-4.896,0,0.07,0.0431,0.766,0.245,0.448,126.998,4
spotify:track:3VEff49btiCfAC3WHVkA1a,"Everyday of My Life - Vocal Edit Mix","Everyday of My Life","David Morales;Mr. V",2021-07-29,201720,0,false,azvwtt6iohg3hran3hxv47xn6,2021-09-17T23:36:41Z,"disco house,funky house","DIRIDIM",0.73,0.834,10,-4.792,0,0.0434,0.000341,0.932,0.112,0.232,125.006,4
spotify:track:47b7DhsF9UWsaXk8z7Ur7a,"Everyday of My Life - Vocal Mix","Everyday of My Life","David Morales;Mr. V",2021-07-29,460920,0,false,azvwtt6iohg3hran3hxv47xn6,2021-09-17T23:36:49Z,"disco house,funky house","DIRIDIM",0.739,0.845,10,-4.676,0,0.045,0.00018,0.934,0.0617,0.215,124.994,4
spotify:track:4XZmqEoBdCKSCIgKND32by,"I Need You","Music & You","Room 5",2003-11-24,218906,39,false,azvwtt6iohg3hran3hxv47xn6,2021-09-17T23:22:30Z,"disco house,funky house,house francés","[PIAS] Recordings Catalogue",0.771,0.784,9,-7.862,1,0.049,0.00011,0.418,0.316,0.795,125.996,4
spotify:track:6iXUgIfCOKCVtW0TvS7peF,"Everyday Of My Life","Everyday Of My Life","Third Party",2014-05-27,379802,44,false,azvwtt6iohg3hran3hxv47xn6,2021-09-17T23:37:00Z,"house progresivo,edm,big room","SIZE Records",0.624,0.841,2,-5.216,0,0.0364,0.00295,0.0000906,0.0704,0.179,127.969,4
spotify:track:1vslcg9ExJQzpzEvdxFwJ3,"Everyday of My Life","Everyday of My Life","Per QX",2021-08-13,370036,0,false,azvwtt6iohg3hran3hxv47xn6,2021-09-17T23:37:14Z,"funky house,disco house,nu disco","Midnight Riot",0.676,0.877,1,-6.212,1,0.13,0.00164,0.0000421,0.278,0.473,119.994,4
spotify:track:7F3YtI20c5aJzf3HAKqgPZ,"Beware Of The Boogie","Snatch! OFF 066","Connor-S",2021-08-19,386217,3,false,azvwtt6iohg3hran3hxv47xn6,2021-09-17T23:37:47Z,"tech house","Snatch! Records",0.805,0.752,6,-7.381,0,0.0675,0.00141,0.134,0.0607,0.623,125.006,4
spotify:track:6UaKQiUZdxdjDyp4RuZkzo,"Courage International","Courage International","Cumhur Jay",2021-08-03,507545,9,false,azvwtt6iohg3hran3hxv47xn6,2021-09-17T23:58:46Z,"","Riverette",0.767,0.664,2,-10.165,1,0.0406,0.00366,0.181,0.144,0.739,124.997,4
spotify:track:3DWxTyMKS2ABm5kBUbJeTN,"Watch Your Step","ENERGY (Deluxe)","Disclosure;Kelis",2020-08-28,229626,40,false,azvwtt6iohg3hran3hxv47xn6,2021-09-17T23:06:29Z,"house","Universal-Island Records Ltd.",0.834,0.897,11,-5.142,0,0.175,0.00507,0.000278,0.127,0.808,122.985,4
spotify:track:1csavztJIUZEFqrrTmxbWC,"Play for Today - Club Mix","Play for Today","Jovonn;Paul Adam",2021-07-09,332534,0,false,azvwtt6iohg3hran3hxv47xn6,2021-09-17T23:34:35Z,"house de chicago,deep house,house,nu disco,funky house,disco house","Album Only",0.769,0.946,0,-5.895,1,0.0579,0.00224,0.809,0.0638,0.613,124.992,4
spotify:track:6p234nFl5Xq368Tht9q37z,"F45 (Pump It)","F45 (Pump It)","Eduardo Muchacho",2018-08-10,209954,9,false,azvwtt6iohg3hran3hxv47xn6,2021-09-18T01:00:19Z,"lo-fi house","Universal Music Australia Pty. Ltd.",0.736,0.95,6,-4.56,0,0.0836,0.00526,0.407,0.208,0.73,124.976,4
spotify:track:4cvSDFmLRPlVAsifdslU07,"Gordon's Bay","Gordon's Bay","James Pepper",2018-06-14,341918,10,false,azvwtt6iohg3hran3hxv47xn6,2021-09-18T01:00:00Z,"hard house,lo-fi house,jazz house,acid house","Clipp.Art",0.784,0.79,3,-7.576,0,0.0449,0.285,0.367,0.152,0.671,125.013,4
spotify:track:1RkSXZFzogLD9BZUuOWyM6,"R.Y.B","R.Y.B","Connor-S",2021-06-11,366689,1,false,azvwtt6iohg3hran3hxv47xn6,2021-09-17T23:38:03Z,"tech house","Short Circuit",0.805,0.966,1,-7.209,0,0.0562,0.00083,0.933,0.0672,0.678,127.002,4
spotify:track:0dF8yVUi078rXjYYYlf9p7,"The Drill - Radio Edit","The Drill","The Drill",2005,179840,0,false,azvwtt6iohg3hran3hxv47xn6,2021-09-18T00:52:48Z,"","Destined Records",0.799,0.742,9,-6.929,0,0.0425,0.00032,0.817,0.0557,0.417,128.018,4
spotify:track:5CB3JnLsxjDJj2EUabWcuj,"Life Of Sin (feat. Ranger Trucco)","Life Of Sin (feat. Ranger Trucco)","Westend;Ranger Trucco",2021-09-24,204761,0,false,azvwtt6iohg3hran3hxv47xn6,2021-10-07T18:50:08Z,"tech house,house latino,house","Insomniac Records",0.784,0.809,7,-5.679,1,0.159,0.157,0.141,0.497,0.598,125.964,4
spotify:track:0VM0BMTA2nL29JOcXfb59P,"Queendom - Edit","Queendom","DJ Minx",2021-09-17,239722,0,false,azvwtt6iohg3hran3hxv47xn6,2021-09-18T06:59:50Z,"","HE.SHE.THEY.",0.803,0.888,1,-7.675,1,0.0448,0.0269,0.867,0.14,0.725,127.002,4
spotify:track:1tmYcGyQJHestYnGel5y7c,"The World Is Mine","One More Love","Joachim Garraud;JD Davis;David Guetta",2010-11-22,219946,26,false,azvwtt6iohg3hran3hxv47xn6,2021-09-18T16:27:00Z,"electro house,clásica electrónica,edm","Parlophone (France)",0.683,0.93,11,-4.036,0,0.0846,0.000125,0.0123,0.0481,0.46,127.866,4
spotify:track:5bJ3imTI0ErWNsFWEgi5F8,"Baby When the Light (feat. Cozi)","Pop Life","David Guetta;Steve Angello;Cozi",2007-06-01,208026,61,false,azvwtt6iohg3hran3hxv47xn6,2021-09-18T16:29:04Z,"edm,house progresivo","Parlophone (France)",0.588,0.749,0,-7.621,1,0.035,0.0264,0,0.139,0.248,129.959,4
spotify:track:3io0PEtfa1UTBUZn53lU1f,"Fading to Black","Fading to Black","Eli Brown",2020-12-11,209763,41,false,azvwtt6iohg3hran3hxv47xn6,2021-09-18T18:38:00Z,"techno,tech house","Arcane",0.633,0.987,11,-4.895,1,0.0832,0.00238,0.842,0.0726,0.278,127.006,4
spotify:track:3reyyWDm2gq1QHSBKGO0v1,"Where Do We Go?","Where Do We Go?","WEISS;Harry Romero",2020-10-16,150256,50,false,azvwtt6iohg3hran3hxv47xn6,2021-09-18T19:46:39Z,"house,disco house,tech house,tribal house","Universal-Island Records Ltd.",0.783,0.918,10,-4.823,0,0.104,0.0216,0.000233,0.245,0.881,122.992,4
spotify:track:5Vy7FonTYgyjzggJCxhLUl,"Deadass","Rock The House EP","Endor",2021-08-20,160009,5,true,azvwtt6iohg3hran3hxv47xn6,2021-09-18T20:01:21Z,"","Kaluki Musik",0.558,0.631,10,-10.268,0,0.0982,0.00986,0.478,0.078,0.146,128.751,4
spotify:track:5tjKADrWQ9To2gYcpsM6e4,"Love Dose - Luciano Remix","Love Dose","Argy;Luciano",2005-07-18,405011,0,false,azvwtt6iohg3hran3hxv47xn6,2021-09-18T20:27:30Z,"techno melódico,house melódico,techno,house latino","Poker Flat Recordings",0.795,0.596,10,-14.683,0,0.0499,0.00157,0.87,0.111,0.167,126.003,4
spotify:track:0O02bs8LQXS9TPPdhdGv6A,"Hikers Y","Preacher's Sigh & Potion: Lost Album","Matthew Dear",2021-06-25,210076,18,false,azvwtt6iohg3hran3hxv47xn6,2021-09-18T20:28:51Z,"minimal techno","Ghostly International",0.748,0.635,1,-14.026,0,0.0493,0.19,0.705,0.112,0.0564,119.99,4
spotify:track:0Ca8bDHXW2M6AS2HJLKxkk,"Can't Stop Me - Radio Edit","House Classics, Vol. 1 (Presented by Spinnin' Records)","AFROJACK;Shermanology",2020-03-16,201278,0,false,azvwtt6iohg3hran3hxv47xn6,2021-09-18T20:33:53Z,"edm,big room,tech house,house","Spinnin' Compilations",0.44,0.83,0,-4.485,0,0.234,0.109,0,0.0456,0.378,129.963,4
spotify:track:3bX36CK7B1HCckuLzqIGkG,"If I Can't Get Down - Mousse T.'s Funky Shizzle Mix","My House From All Angles (Remixes)","Mike Dunn;Mousse T.",2020-08-28,227265,0,false,azvwtt6iohg3hran3hxv47xn6,2021-10-08T13:41:43Z,"house de chicago,disco house,funky house,acid house,house","Classic Music Company",0.837,0.934,0,-3.575,1,0.0876,0.0116,0.627,0.38,0.847,124.044,4
spotify:track:67x9A5uxv2QH7xnjUbIoCM,"Out My Mind","Out My Mind","GW Harrison",2021-07-16,183870,46,false,azvwtt6iohg3hran3hxv47xn6,2021-10-08T16:17:37Z,"tech house","Toolroom",0.643,0.959,11,-3.941,0,0.0377,0.0451,0.00957,0.379,0.351,123.984,4
spotify:track:4mCk2GnFtnSGN8qzaV8xKu,"Gypsy Woman (She's Homeless) - House Kitsuné America","Gypsy Woman (She's Homeless) [House Kitsuné America]","Mija",2019-12-20,269508,33,false,azvwtt6iohg3hran3hxv47xn6,2021-09-17T23:46:05Z,"","Kitsuné Musique",0.667,0.547,9,-12.841,0,0.0355,0.0364,0.424,0.115,0.182,122.012,4
spotify:track:5mQgRG6duCYvw2p1cki0mW,"Move Out Of My Way - Radio Edit","Move Out Of My Way (Radio Edit)","Dennis Quin;Shermanology",2018-05-11,180975,39,false,azvwtt6iohg3hran3hxv47xn6,2021-09-17T23:57:08Z,"house,tech house","Champion Records",0.801,0.83,6,-7.13,1,0.049,0.000994,0.223,0.0958,0.396,123.02,4
spotify:track:6fgV9dDKUnyi0PieZNbvtq,"Playing Drunk","Our Vibe EP","Low Steppa;Dennis Quin",2017-10-30,305806,30,false,azvwtt6iohg3hran3hxv47xn6,2021-09-17T23:57:23Z,"house,tech house","Simma Black",0.802,0.979,9,-5.277,1,0.052,0.000925,0.38,0.818,0.753,123.996,4
spotify:track:2X5itB9OVFg8Y6vAhhCF8x,"Persona","Perfect Tool EP","Anton Bykov",2018-11-05,370484,5,false,azvwtt6iohg3hran3hxv47xn6,2021-09-18T00:06:01Z,"tech house","Deep Tech Records",0.728,0.818,7,-7.47,1,0.155,0.0109,0.6,0.0893,0.417,125.039,4
spotify:track:3K6bXkYcEEj0Yjadvr0cHN,"Sneak Away With Me","krypt. vol2","kryptogram",2021-04-30,306000,40,false,azvwtt6iohg3hran3hxv47xn6,2021-09-18T00:06:02Z,"disco house,funky house","kryptogram",0.863,0.864,9,-4.694,1,0.0492,0.000771,0.478,0.098,0.948,128.03,4
spotify:track:4IWDjlopNrVsznQfp2s8M4,"Disco Tool","Disco Tool","Matroda;Bleu Clair",2021-05-13,177120,0,false,azvwtt6iohg3hran3hxv47xn6,2021-10-07T09:08:23Z,"bass house,tech house,g-house,house,electro house","Matroda & Bleu Clair",0.862,0.783,8,-5.388,0,0.062,0.00233,0.0182,0.0414,0.903,124.975,4
spotify:track:3PnOOmkxruDDAiMYZZTgO7,"Goodbye (feat. Lyse) - Radio Edit","Goodbye (feat. Lyse) [Radio Edit]","Feder;Lyse",2015-01-02,201938,64,false,azvwtt6iohg3hran3hxv47xn6,2021-09-18T00:52:25Z,"","Atlantic Records UK",0.832,0.876,6,-5.124,0,0.205,0.173,0.737,0.162,0.635,120.057,4
spotify:track:5GOr2ve8y6EIFB4U7Kvavd,"Somebody to Love (Salt Shaker Remix) - Radio Edit","Somebody to Love (Salt Shaker Remix)","Boogie Pimps;Saltshaker",2003-04-14,211666,53,false,azvwtt6iohg3hran3hxv47xn6,2021-09-18T00:52:52Z,"","Superstar Recordings",0.817,0.741,11,-8.489,1,0.0433,0.0805,0.165,0.376,0.838,130.493,4
spotify:track:3DvqF2guYuolAC6wNL7UZp,"Right Here Right Now (CamelPhat Remix) - Radio Edit","Right Here, Right Now (CamelPhat Remix)","Fatboy Slim;CamelPhat",2018-03-09,214634,1,false,azvwtt6iohg3hran3hxv47xn6,2021-09-18T00:53:00Z,"big beat,techno melódico,house,house progresivo,house melódico,tech house","Skint Records",0.613,0.946,7,-5.124,1,0.0655,0.0197,0.623,0.525,0.0853,123.005,4
spotify:track:3CUzFT1kB8i897irsbV4GD,"Without You","Without You","TCTS;Boston Bun;Andrea Martin",2021-02-05,169354,15,false,azvwtt6iohg3hran3hxv47xn6,2021-09-18T00:53:11Z,"deep house,house latino,house francés","Toolroom",0.503,0.876,4,-5.094,1,0.215,0.00245,0.178,0.357,0.466,123.813,4
spotify:track:0c7OcnAQz6H3IIzQA3MP6C,"More To Give","More To Give","Drinks On Me",2021-05-18,152061,30,false,azvwtt6iohg3hran3hxv47xn6,2021-10-11T17:58:21Z,"uk garage,bassline,bass house","Monstercat",0.541,0.768,6,-6.139,0,0.0545,0.122,0.000182,0.0761,0.0395,130.915,4
spotify:track:0vKG0tYNd69xh3OPB0BqYm,"Revolution 909","Musique, Vol. 1","Daft Punk",2006-03-29,335026,35,false,azvwtt6iohg3hran3hxv47xn6,2021-09-18T00:55:16Z,"house francés,electrónica,electro","Daft Life Ltd./ADA France",0.746,0.716,11,-7.918,1,0.137,0.0265,0.844,0.246,0.828,126.521,4
spotify:track:3OXFa0kiOowNGmorj6WKzG,"Stampede (Of the Elephants)","For All My Wrongs - EP","James Pepper",2020-03-20,426395,9,false,azvwtt6iohg3hran3hxv47xn6,2021-09-18T01:00:37Z,"hard house,lo-fi house,jazz house,acid house","Gallery Recordings",0.708,0.948,9,-9.205,0,0.0558,0.00855,0.874,0.158,0.632,133.99,4
spotify:track:3hwi3gFyGd02SeOGzK2TZX,"Metronome","Metronome EP","Endor",2019-01-18,288854,18,false,azvwtt6iohg3hran3hxv47xn6,2021-10-10T18:24:28Z,"","Simma Black",0.853,0.892,0,-7.109,1,0.0728,0.00987,0.119,0.0569,0.962,124.019,4
spotify:track:2Bw2MQa6qHoHUxKM9c6bds,"U Don't Know Me (feat. Duane Harden)","2 Future 4 U","Armand Van Helden;Duane Harden",1999-07-02,484746,0,false,azvwtt6iohg3hran3hxv47xn6,2021-09-18T01:01:57Z,"disco house,future house","Warner Bros.",0.776,0.644,10,-8.76,1,0.0697,0.0346,0.0343,0.0645,0.726,129.95,4
spotify:track:2DXhtUSY5E0kPC1qXMTLgm,"Your Body - Radio Edit","Superstar","Tom Novy;Michael Marshall",2006-09-22,211080,0,false,azvwtt6iohg3hran3hxv47xn6,2021-09-18T01:02:23Z,"graves brasileños","Kosmo Records",0.842,0.787,0,-7.664,1,0.0563,0.0263,0.0529,0.0791,0.939,128.004,4
spotify:track:23HpSrqrULF8mF1WKdZRyl,"This is Acid","The Haçienda - Acid House Classics","Maurice",2009-11-02,277733,0,false,azvwtt6iohg3hran3hxv47xn6,2021-09-18T01:03:08Z,"acid house,house de chicago,partyschlager,hip house,lovers rock","New State Music",0.824,0.96,4,-7.008,0,0.071,0.000278,0.716,0.154,0.867,125.458,4
spotify:track:7bEEL58c3S4RyXSNPLIhaC,"Monticello","Baobab","Rodriguez Jr.",2017-06-02,473803,0,false,azvwtt6iohg3hran3hxv47xn6,2021-09-18T02:23:48Z,"house melódico,techno melódico,minimal techno,deep house","Mobilee Records",0.791,0.615,9,-10.068,0,0.0502,0.000146,0.898,0.126,0.474,124.015,4
spotify:track:4f3boNz24gG32cajPw9Nlr,"No More Looking Back (feat. Steffanie Christi'an)","No More Looking Back (feat. Steffanie Christi'an)","IDRIS;Inner City;Steffanie Christi'an",2021-02-05,203068,0,false,azvwtt6iohg3hran3hxv47xn6,2021-09-18T00:05:45Z,"acid house,house de chicago","Defected Records",0.743,0.784,6,-7.29,1,0.0542,0.000307,0.000135,0.162,0.63,123.018,4
spotify:track:3cZYyItd8odvndQ4A9MqLq,"House Work","House Work","Jax Jones;Mike Dunn;MNEK",2016-07-01,157207,0,false,azvwtt6iohg3hran3hxv47xn6,2021-09-18T06:24:08Z,"house de chicago,disco house,funky house,acid house,house","etcetc Music Pty Ltd",0.759,0.947,0,-5.262,0,0.0667,0.252,0.265,0.0494,0.726,123.967,4
spotify:track:10YoUoKIx96ZJM0NDSkTlV,"Goldigger","Goldigger","Dennis Cruz;Eddy M",2020-12-18,219212,49,false,azvwtt6iohg3hran3hxv47xn6,2021-09-18T18:43:15Z,"tech house,house latino,tribal house","MUSE",0.802,0.887,11,-7.934,0,0.0838,0.0175,0.478,0.107,0.524,127.022,4
spotify:track:2cNjgoSh1TBHFQIhfzRJUE,"Go","Born In The Echoes","The Chemical Brothers;Q-Tip",2015-07-17,260696,85,true,azvwtt6iohg3hran3hxv47xn6,2021-09-18T06:40:01Z,"big beat,dance alternativo,electrónica,breakbeat,hip hop de la costa este","EMI",0.751,0.897,1,-3.598,1,0.0468,0.00957,0.0000288,0.329,0.482,119.97,4
spotify:track:7Mz4VZiPFjf2AYkr4KNkJ5,"Lift Your Hands Up (feat. Ramona Renea)","Lift Your Hands Up (feat. Ramona Renea)","David Penn;Ramona Renea",2021-06-04,205812,0,false,azvwtt6iohg3hran3hxv47xn6,2021-09-18T06:42:29Z,"funky house,disco house,tech house","Defected Records",0.728,0.896,5,-5.6,0,0.074,0.00258,0.683,0.453,0.783,123.954,4
spotify:track:697HW34FLNURvRAbSieICv,"Your Body","Your Body","Biscits",2021-06-18,207000,0,false,azvwtt6iohg3hran3hxv47xn6,2021-09-18T06:42:48Z,"tech house,house","Solotoko",0.833,0.744,4,-6.735,0,0.0886,0.168,0.458,0.615,0.917,126.987,4
spotify:track:636kRUoh1D1ZJifHip4RtS,"Rollercoaster","Rollercoaster","Love Regenerator;Solardo;Calvin Harris",2021-09-17,179062,36,false,azvwtt6iohg3hran3hxv47xn6,2021-09-18T06:59:16Z,"tech house,house,edm","Columbia",0.732,0.96,7,-7.606,1,0.0485,0.000039,0.826,0.333,0.424,129.984,4
spotify:track:4C39WSjsA70cyKCwGsxH8v,"Just Feels Tight","Night Goes On","FISHER",2021-07-30,197977,39,false,azvwtt6iohg3hran3hxv47xn6,2021-09-18T06:59:25Z,"tech house,house","Good Company",0.808,0.994,1,-6.329,1,0.071,0.00158,0.875,0.0673,0.732,127.011,4
spotify:track:3BbAVLfkhtY237ORPUj3wX,"DFCW","DFCW","SOSA",2019-10-04,240001,1,true,azvwtt6iohg3hran3hxv47xn6,2021-09-18T18:39:42Z,"tech house,house","Sola",0.825,0.771,8,-5.695,1,0.0674,0.00351,0.005,0.0776,0.661,130.044,4
spotify:track:01NnZEWlqnbh7VTx9LewHJ,"Play The Music","Jack The House 2","Matroda",2021-08-20,185806,22,false,azvwtt6iohg3hran3hxv47xn6,2021-09-18T18:39:50Z,"bass house,tech house,g-house,house,electro house","Terminal Underground",0.737,0.899,9,-7.109,0,0.0698,0.0000265,0.922,0.178,0.692,123.991,4
spotify:track:3O1EUDHj86yvRh0JxpBL3o,"Partay","Partay","Cloonee",2020-02-14,181437,0,false,azvwtt6iohg3hran3hxv47xn6,2021-09-18T18:41:06Z,"tech house,house","Solotoko",0.846,0.88,9,-6.182,1,0.0505,0.00747,0.033,0.107,0.581,127.011,4
spotify:track:1oqniN5rzgvhAWoq4HgY2W,"Nothing Better","Nothing Better","Chris Lake;Chris Lorenzo",2017-09-20,218639,0,false,azvwtt6iohg3hran3hxv47xn6,2021-09-18T18:41:15Z,"tech house,house,bass house,bassline,g-house","Insomniac Records",0.699,0.936,7,-5.601,0,0.125,0.0194,0.000431,0.0506,0.369,125.946,4
spotify:track:5krfM2qSv73Km5MMgzfkBJ,"Work!","The Answer","Chris Lake;Armand Van Helden",2020-12-11,180090,24,false,azvwtt6iohg3hran3hxv47xn6,2021-09-18T18:42:05Z,"tech house,house,bass house,disco house","Black Book Records/Astralwerks",0.776,0.942,0,-4.582,0,0.0559,0.000255,0.76,0.118,0.27,123.944,4
spotify:track:1pY0xt2c2NCnkEYbuWQjUG,"Hurricane","Going Down","Sidney Charles",2014-07-07,456774,36,false,azvwtt6iohg3hran3hxv47xn6,2021-09-18T18:42:20Z,"tech house,house","Moda Black",0.84,0.917,11,-5.37,0,0.0598,0.00458,0.667,0.386,0.523,123.995,4
spotify:track:2fMtXRKJDPtT8Xs4EJkBQh,"Baby Baby","Baby Baby","Noizu",2019-09-20,190080,54,false,azvwtt6iohg3hran3hxv47xn6,2021-09-18T18:42:37Z,"tech house,house","Techne",0.627,0.948,7,-4.478,1,0.0428,0.00354,0.551,0.0599,0.569,125.048,4
spotify:track:3IVjcQvCFu1Bo7Kq3WRlNn,"Utopia","Utopia","Dombresky",2016-10-11,280952,36,false,azvwtt6iohg3hran3hxv47xn6,2021-09-18T18:43:49Z,"bass house,tech house,disco house,g-house,house","Confession",0.754,0.833,10,-5.143,0,0.0428,0.00338,0.54,0.0666,0.105,126.031,4
spotify:track:4TBOxwcoCfgs3j9COmEIl0,"At Night - Kid Crème Club Mix","At Night","Shakedown;Kid Crème",2002-04-29,300306,0,false,azvwtt6iohg3hran3hxv47xn6,2021-09-18T19:46:31Z,"disco house,funky house,house","Defected Records",0.726,0.967,1,-7.643,1,0.0641,0.00211,0.851,0.531,0.876,124.997,4
spotify:track:6uTxQDrjjKwyugx6ggjTmA,"Never Look Back (feat. Syd Silvair)","Never Look Back (feat. Syd Silvair)","Oliver Heldens;Syd Silvair",2021-02-19,208307,0,false,azvwtt6iohg3hran3hxv47xn6,2021-09-18T19:55:02Z,"future house,house","HELDEEP Records",0.615,0.938,7,-6.361,0,0.058,0.11,0.871,0.138,0.321,122.962,4
spotify:track:1NP2kLo6Ap3qjBleIWfs5S,"Lost (Original Edit)","Best of 4Yrs Sleazy G (Edits Edition)","Amine Edge & DANCE",2017-12-29,224999,0,false,azvwtt6iohg3hran3hxv47xn6,2021-09-18T19:59:13Z,"tech house,g-house","Sleazy G",0.818,0.839,2,-5.916,1,0.0503,0.0526,0.171,0.1,0.544,120.043,4
spotify:track:5RUpwSlEdIJA8WHjIGDkRh,"Higher","Higher","Amine Edge & DANCE",2021-09-03,187200,9,false,azvwtt6iohg3hran3hxv47xn6,2021-09-18T19:59:21Z,"tech house,g-house","Cuckoo Land",0.675,0.96,0,-6.086,1,0.0566,0.0827,0.449,0.97,0.658,124.98,4
spotify:track:0JC5ins4oTII3Hc8gzxnRp,"2AM (feat. Carla Monroe) - Endor Remix","2AM (Endor Remix) (feat. Carla Monroe)","MK;Carla Monroe;Endor",2020-08-14,199368,6,false,azvwtt6iohg3hran3hxv47xn6,2021-09-18T20:01:44Z,"house","Columbia",0.808,0.796,11,-8.612,0,0.0805,0.00122,0.929,0.0888,0.417,128.01,4
spotify:track:6m7JqNnpLeaiGUPMUncsRo,"How Does It Feel - Endor Remix - Shorter Edit","How Does It Feel (Endor Remix - Shorter Edit)","Roger That (UK);Endor",2019-10-11,150476,0,false,azvwtt6iohg3hran3hxv47xn6,2021-09-18T20:02:03Z,"tech house","Cr2 Records",0.727,0.826,7,-5.39,1,0.039,0.00151,0.099,0.0569,0.55,125.993,4
spotify:track:69I12TbCKJoBvgYQnFaHuO,"Blastin - Radio Edit","Blastin","Endor",2019-06-28,232303,22,false,azvwtt6iohg3hran3hxv47xn6,2021-09-18T20:02:17Z,"","Doctor Session Records",0.821,0.918,7,-6.565,1,0.0533,0.00156,0.0627,0.0699,0.559,124.011,4
spotify:track:1ZQnV7ePl8yXoLjPfhWE5L,"Piece of Me","Piece of Me","MK;Becky Hill",2016-04-08,188706,63,false,azvwtt6iohg3hran3hxv47xn6,2021-09-18T21:23:38Z,"house","Columbia",0.68,0.913,5,-2.343,0,0.0844,0.00565,0,0.288,0.669,121.961,4
spotify:track:4M8x1TR36VMQMFMbGCdoyA,"Back & Forth","Back & Forth","MK;Jonas Blue;Becky Hill",2018-09-07,196214,59,false,azvwtt6iohg3hran3hxv47xn6,2021-09-18T21:23:44Z,"house,tropical house","Columbia",0.684,0.816,10,-5.211,0,0.0322,0.0181,0,0.0222,0.702,121.993,4
spotify:track:4cG7HUWYHBV6R6tHn1gxrl,"Friday (feat. Mufasa & Hypeman) - Dopamine Re-Edit","Friday (feat. Mufasa & Hypeman) [Dopamine Re-Edit]","Riton;Nightcrawlers;Mufasa & Hypeman;Mufasa;Dopamine",2021-01-15,169153,83,false,azvwtt6iohg3hran3hxv47xn6,2021-09-18T21:25:43Z,"house","Ministry of Sound Recordings",0.824,0.862,2,-3.424,1,0.126,0.0076,0.000132,0.303,0.801,122.98,4
spotify:track:1RIO7tSsKrprrjBA6aRj6p,"Push The Feeling On - The Dub Of Doom","Push The Feeling On","Nightcrawlers;MK",1995,400266,46,false,azvwtt6iohg3hran3hxv47xn6,2021-09-18T21:26:08Z,"house","UMC (Universal Music Catalogue)",0.802,0.539,11,-13.299,0,0.0555,0.00178,0.0577,0.0474,0.767,122.027,4
spotify:track:5YtJCl83jA1ZlXtjWcCLys,"The Step (with Nabiha)","The Step (with Nabiha)","Punctual;Nabiha",2021-01-29,182986,31,false,azvwtt6iohg3hran3hxv47xn6,2021-09-20T02:56:13Z,"pop danés","Polydor Records",0.796,0.698,11,-7.617,0,0.0675,0.0226,0.000454,0.081,0.64,124.991,4
spotify:track:4lWGhzUW3dTPDMX9EII1Fc,"Witch Doctor","Witch Doctor","John Summit;Nic Fanciulli",2021-06-25,186666,45,false,azvwtt6iohg3hran3hxv47xn6,2021-09-20T02:58:21Z,"house,tech house","Saved Records",0.676,0.777,0,-6.894,1,0.0378,0.00134,0.724,0.13,0.353,125.98,4
spotify:track:0ThPAtLfX0NbibIrEfWFHi,"Out Of Reach","Out Of Reach","Cristoph;YOTTO;Sansa",2021-05-28,255991,40,false,azvwtt6iohg3hran3hxv47xn6,2021-09-20T02:58:24Z,"techno melódico,house progresivo,house melódico,deep house","PRYDA PRESENTS",0.504,0.762,10,-7.861,0,0.036,0.00102,0.701,0.128,0.0317,123.968,4
spotify:track:0cfqqNzKftMco4vjzkKMNo,"2 to Go","2 to Go","Francesco V",2021-09-24,317464,4,false,azvwtt6iohg3hran3hxv47xn6,2021-10-07T18:53:51Z,"tech house","Desfase Records",0.943,0.947,2,-3.917,1,0.182,0.0019,0.0536,0.064,0.704,124.007,4
spotify:track:6T9cSQMRmd1sJC6UJLYywZ,"Chance To Dance","Chance To Dance","Kim Kaey",2020-06-01,189798,39,false,azvwtt6iohg3hran3hxv47xn6,2021-10-08T14:08:56Z,"house latino","SPRS",0.774,0.911,11,-5.377,0,0.0849,0.0381,0.0136,0.122,0.477,124.012,4
spotify:track:40U8KhwvDcaoBFYV4hKfRn,"Carry Us","Carry Us","LP Giobbi;Kaleena Zanders",2021-06-11,238264,0,false,azvwtt6iohg3hran3hxv47xn6,2021-10-11T16:09:41Z,"house","Thrive Music, LLC",0.728,0.947,0,-4.22,0,0.0828,0.0177,0.00254,0.0987,0.553,125.874,4
spotify:track:0yiDgx6WOtlJCVPQ5Q7Ob3,"Dreams","Olympia","Gorgon City;Jem Cooke",2021-06-25,207426,40,false,azvwtt6iohg3hran3hxv47xn6,2021-10-11T16:10:01Z,"house","Positiva",0.671,0.897,6,-5.232,0,0.0298,0.0553,0.272,0.148,0.493,123.985,4
spotify:track:6NpWqc7uYthjC5M7v7c1Gs,"Power","Power","Solardo;Maur",2021-08-20,198387,0,false,azvwtt6iohg3hran3hxv47xn6,2021-10-11T16:11:01Z,"tech house,house","Ultra Records",0.588,0.928,5,-6.593,0,0.0438,0.000491,0.322,0.311,0.357,124.928,3
spotify:track:1CX73iXs4CVUKESOG8BpwT,"Sublime","Sublime","Chapter & Verse",2021-07-23,181012,1,false,azvwtt6iohg3hran3hxv47xn6,2021-10-11T16:11:12Z,"tech house","New State Music",0.704,0.931,11,-4.858,0,0.128,0.155,0.00202,0.204,0.704,124.01,4
spotify:track:3JVxMoCvTaEgnODlMxX378,"Exhale","Exhale","Drinks On Me",2021-01-01,170381,0,false,azvwtt6iohg3hran3hxv47xn6,2021-10-11T17:58:04Z,"uk garage,bassline,bass house","Wang Records",0.834,0.779,2,-6.927,1,0.106,0.0231,0.729,0.0913,0.246,131.022,4
spotify:track:0M4GK1taHqdIOuvXnEJFiw,"Lights Up","Lights Up","Flight Facilities;Channel Tres",2021-05-06,191537,0,true,azvwtt6iohg3hran3hxv47xn6,2021-10-11T19:32:21Z,"nu disco,hip house","Future Classic",0.789,0.446,10,-8.264,0,0.0942,0.00454,0.0893,0.23,0.508,118.011,4
spotify:track:1sQeLo71tyRhY7TqHRiSQ9,"Weedman","Weedman","Channel Tres",2020-03-27,169256,43,true,azvwtt6iohg3hran3hxv47xn6,2021-10-11T19:32:56Z,"hip house","Art For Their Good",0.863,0.501,11,-5.018,0,0.133,0.131,0.000316,0.0531,0.575,94.987,4
spotify:track:7vHlOaJF7lfWOfProxfCot,"Controller","Controller","Channel Tres",2018-03-23,208460,0,true,azvwtt6iohg3hran3hxv47xn6,2021-10-11T19:33:01Z,"hip house","GODMODE",0.888,0.684,3,-6.974,0,0.067,0.00373,0.204,0.0466,0.693,118.001,4
spotify:track:73AmUNufLwjCg9pYaeqS2E,"Silk Road","The Illusion of Control","Harvey McKay",2014-02-24,465458,0,false,azvwtt6iohg3hran3hxv47xn6,2021-10-14T09:00:46Z,"techno,tech house","Drumcode",0.819,0.779,4,-7.744,0,0.0844,0.0307,0.861,0.109,0.162,123.996,4
spotify:track:2xDPYggKsvXFblelNnCnu4,"Trepidation","Trepidation","Stan Christ",2020-08-07,262400,2,false,azvwtt6iohg3hran3hxv47xn6,2021-10-20T20:38:23Z,"hard techno,acid techno,techno,tekno,techno hardcore","Revised Records",0.674,0.961,0,-10.188,0,0.0624,0.0623,0.895,0.0844,0.124,150.045,4
spotify:track:4hGnE2JXACvrf9n10rMvLe,"Acid Jaunt","Acid Jaunt","Stan Christ",2020-05-22,356562,0,false,azvwtt6iohg3hran3hxv47xn6,2021-10-20T20:39:29Z,"hard techno,acid techno,techno,tekno,techno hardcore","Revised Records",0.684,0.902,7,-12.11,1,0.0427,0.262,0.931,0.119,0.0418,130.013,3
spotify:track:7mOBPR9WFRXxD1Qw5JVCzp,"Acid Resurrection, Pt. 2","Acid Resurrection","Teik Arô",2019-03-10,450452,35,false,azvwtt6iohg3hran3hxv47xn6,2021-10-20T20:39:52Z,"acid techno,techno,tekno,hard techno","TeikoRecords",0.639,0.745,2,-11.255,1,0.0406,0.00499,0.877,0.111,0.342,138.003,4
spotify:track:4skbQNtyjy8A7mo8oqe2oD,"A Drug From God","A Drug From God","Chris Lake;Grimes;NPC",2021-11-12,192455,49,false,azvwtt6iohg3hran3hxv47xn6,2021-11-23T21:23:43Z,"tech house,house,bass house,art pop","Black Book Records/Astralwerks",0.714,0.883,9,-4.43,1,0.0625,0.00819,0.843,0.231,0.819,126.016,4
spotify:track:5Ze9GHbcD3qTNiN68WRvmc,"Give Good Love","Give Good Love","Cavi",2016-07-18,163200,34,false,azvwtt6iohg3hran3hxv47xn6,2021-11-25T21:58:13Z,"disco house,funky house","LYD",0.641,0.977,3,-1.588,0,0.13,0.0172,0,0.166,0.583,124.998,4
spotify:track:7Dju1EyAEC1FMC9to8mxqQ,"Prayer - Feel Mix","Prayer","Kerri Chandler;Rev F. L. Brown",2021-08-20,426221,1,false,azvwtt6iohg3hran3hxv47xn6,2021-09-17T23:39:32Z,"house,house de chicago,deep house","Kaoz Theory",0.807,0.845,4,-6.986,1,0.0638,0.00822,0.815,0.0742,0.962,125,4
spotify:track:6fIuAfvlas2lhsMiHDT6PF,"To Be In Love - MAW '99 Mix","To Be In Love ('99 Remixes)","Masters At Work",1999-08-20,714600,45,false,azvwtt6iohg3hran3hxv47xn6,2021-09-17T23:49:32Z,"voguing,house de chicago","MAW Records",0.82,0.944,10,-7.979,0,0.0489,0.00335,0.705,0.065,0.919,121.776,4
spotify:track:7GGhRv9fDiows4YvP5JTE5,"I Can't Get No Sleep","The House Of Cutting","Masters At Work",1997-05-01,317626,29,false,azvwtt6iohg3hran3hxv47xn6,2021-09-17T23:49:40Z,"voguing,house de chicago","Cutting Records",0.757,0.695,9,-8.723,0,0.0529,0.00145,0.664,0.103,0.404,129.806,4
spotify:track:7IDA5SSrUNi5I4ehEyuWx2,"Pretty Please (Masters at Work Remix) [Mixed]","Club Future Nostalgia (DJ Mix)","Dua Lipa;The Blessed Madonna;Masters At Work",2020-08-28,114386,29,false,azvwtt6iohg3hran3hxv47xn6,2021-09-17T23:50:00Z,"pop,voguing,house de chicago","Warner Records",0.795,0.899,1,-6.816,1,0.0427,0.0121,0.194,0.19,0.866,125.039,4
spotify:track:7nHtiNmxLgmOxqWhBA1IKG,"There's Never Been (No One Like You) [feat. Bobby Youngblood] - MAW Remix; 2016 - Remaster","MAW presents West End Records: The 25th Anniversary (2016 - Remaster)","Kenix;Bobby Youngblood;Masters At Work;MAW",2001-01-01,410192,0,false,azvwtt6iohg3hran3hxv47xn6,2021-09-17T23:50:19Z,"disco,voguing,house de chicago","West End Records",0.911,0.659,5,-7.834,0,0.0713,0.567,0.339,0.0805,0.94,126.112,4
spotify:track:3RiRFyvasDtAv8n0AQUKFG,"Feel My Needs - Purple Disco Machine Remix","Feel My Needs (Purple Disco Machine Remix)","WEISS;Purple Disco Machine",2018-08-17,230163,67,false,azvwtt6iohg3hran3hxv47xn6,2021-09-17T23:48:41Z,"house,disco house,nu disco,funky house","Toolroom Records",0.707,0.896,3,-5.157,0,0.0538,0.0127,0.859,0.0182,0.903,122.011,4
spotify:track:6nPChiSCEFvG5QwtXKJiW5,"Backfired - Joey Negro Club Mix","20 Years of Joey Negro","Masters At Work;Dave 'Love' Lee",2010-06-28,517919,25,false,azvwtt6iohg3hran3hxv47xn6,2021-09-17T23:50:28Z,"voguing,house de chicago,disco house,nu disco,funky house,disco","Z Records",0.723,0.876,9,-5.38,0,0.0492,0.0056,0.103,0.0465,0.828,127.5,4
spotify:track:2dd3VTFfbTNJXpvhNGnFzQ,"Tell Me It’s True","Tell Me It's True","Gorgon City",2021-04-21,293653,39,false,azvwtt6iohg3hran3hxv47xn6,2021-09-17T23:19:45Z,"house","EMI",0.712,0.74,8,-6.52,1,0.0552,0.323,0.0368,0.0848,0.0936,124.01,4
spotify:track:0Xis85oz34taYYoiCtQiTn,"We Did It For Years","We Did It For Years","Masters At Work",2021-05-28,467538,7,false,azvwtt6iohg3hran3hxv47xn6,2021-09-17T23:51:02Z,"voguing,house de chicago","MAW Records",0.849,0.707,0,-9.084,1,0.109,0.00011,0.862,0.0374,0.609,124.007,4
spotify:track:4kLUw7r09RYMRl8sK66mIS,"House Gonna Back","House Gonna Back","Anderblast;Discoplex",2020-07-10,325161,0,false,azvwtt6iohg3hran3hxv47xn6,2021-09-17T23:52:04Z,"tech house","Rambla Records",0.722,0.76,1,-9.599,1,0.0506,0.062,0.922,0.595,0.766,123.995,4
spotify:track:0Xjt7wlDxWWX7BWR94vHJD,"Noisey Kricket","Dictionary of fools EP","Demi Riquísimo",2021-03-26,433260,3,false,azvwtt6iohg3hran3hxv47xn6,2021-09-17T23:52:42Z,"acid house,disco house","10 Questions",0.754,0.877,3,-9.482,1,0.0524,0.000595,0.669,0.0535,0.822,119.99,4
spotify:track:1ijtrTs9vr2gVizSRT6Gos,"Atomic","Dictionary of fools EP","Demi Riquísimo",2021-03-26,389358,0,false,azvwtt6iohg3hran3hxv47xn6,2021-09-17T23:52:49Z,"acid house,disco house","10 Questions",0.8,0.92,2,-8.66,1,0.0388,0.0111,0.881,0.323,0.435,119.993,4
spotify:track:6MhGTD6qcfwIin6q6wVTql,"Europa","Courage International","Cumhur Jay;Dos Attack",2021-08-03,476257,0,false,azvwtt6iohg3hran3hxv47xn6,2021-09-17T23:58:56Z,"dub techno","Riverette",0.741,0.829,8,-11.172,1,0.0463,0.407,0.932,0.141,0.89,120.01,4
spotify:track:3TQIoOUNIIVq47ys7MiVPZ,"The lawn of your heart","Plodding Fool's Dictionary","P. Larkin",2018-11-07,186040,0,false,azvwtt6iohg3hran3hxv47xn6,2021-09-17T23:52:57Z,"","2561236 Records DK",0.485,0.368,8,-8.603,0,0.0375,0.928,0.00349,0.137,0.389,111.634,4
spotify:track:7pk1VW7qa7zBQDbqMWydUD,"Middle","Middle","Noizu",2021-06-11,181662,0,false,azvwtt6iohg3hran3hxv47xn6,2021-09-18T06:41:48Z,"tech house,house","Techne",0.737,0.976,11,-5.958,0,0.0561,0.0112,0.43,0.298,0.692,127.009,4
spotify:track:4VaMlcKj3wWdFhOeyYCDgM,"Domino","Domino","Demi Riquísimo",2021-07-16,271500,15,false,azvwtt6iohg3hran3hxv47xn6,2021-09-17T23:53:21Z,"acid house,disco house","Semi Delicious",0.746,0.97,6,-6.442,1,0.056,0.0000102,0.925,0.092,0.249,125.011,4
spotify:track:5h3wUqwOnkxrHRyGuEIafF,"Demba - Demi Riquísimo Remix - Edit","Demba (Demi Riquísimo Remix)","TSHA;Demi Riquísimo;Trio Da Kali",2021-01-11,236785,7,false,azvwtt6iohg3hran3hxv47xn6,2021-09-17T23:53:30Z,"acid house,disco house","Ninja Tune",0.647,0.933,11,-6.196,0,0.0562,0.00739,0.282,0.223,0.646,127.929,4
spotify:track:7ojtkeQpGcRb9RzKF7l6D1,"Welcome State - Demi Riquísimo Remix","Welcome State (Demi Riquísimo Remix)","Elder Island;Demi Riquísimo",2018-03-23,453250,0,false,azvwtt6iohg3hran3hxv47xn6,2021-09-17T23:53:37Z,"acid house,disco house","Elder Island",0.758,0.881,5,-5.392,0,0.0333,0.0777,0.0271,0.157,0.653,115.012,4
spotify:track:5G7UKEiJ6MXpsRShpPRarl,"Point One","Point One","Demi Riquísimo",2019-08-09,275500,11,false,azvwtt6iohg3hran3hxv47xn6,2021-09-17T23:53:45Z,"acid house,disco house","Semi Delicious",0.674,0.905,10,-8.39,0,0.0413,0.000268,0.921,0.0876,0.47,120.01,4
spotify:track:6lKuoSEyKaar3KsWvEalXE,"Change Is Gonna Come - Edit","Change Is Gonna Come","Dennis Quin;Tony Sherman",2020-09-11,206564,43,false,azvwtt6iohg3hran3hxv47xn6,2021-09-17T23:56:54Z,"house","ORIGINS RCRDS",0.828,0.888,0,-4.614,0,0.0442,0.0548,0.00704,0.0882,0.906,124.005,4
spotify:track:0yzFYfMkIuJ5XsYqaYPQBJ,"Phoenix","Dyschronometria","Cumhur Jay",2016-06-23,400864,0,false,azvwtt6iohg3hran3hxv47xn6,2021-09-17T23:59:49Z,"","High:Controla distributed by Altafonte",0.608,0.909,6,-8.165,1,0.0485,0.0767,0.853,0.115,0.601,169.499,3
spotify:track:17NCISfYJl0GITXs8G75Ae,"Loudness War","Loudness War","Fukkk Offf",2019-07-12,285000,25,false,azvwtt6iohg3hran3hxv47xn6,2021-09-18T00:52:30Z,"electro house,synthwave","Den Haku Records",0.843,0.844,2,-4.779,1,0.0749,0.000609,0.166,0.0458,0.727,127.98,4
spotify:track:0YC3WfFZkZBpUeaHt4Eggk,"Turn the Music Louder (Rumble) (feat. Tinie Tempah) - Radio Edit","Turn the Music Louder (Rumble) (feat. Tinie Tempah) [Radio Edit]","KDA;Katy B;Tinie Tempah",2015-09-30,201455,61,false,azvwtt6iohg3hran3hxv47xn6,2021-09-18T00:03:15Z,"funky británico,grime","Now! Music",0.766,0.786,5,-5.797,0,0.0828,0.0737,0,0.0765,0.667,122.984,4
spotify:track:3XYQ8Z35eVyha1ssHFPRnr,"Lost on This Planet","Dyschronometria","Cumhur Jay",2016-06-23,487506,0,false,azvwtt6iohg3hran3hxv47xn6,2021-09-17T23:59:29Z,"","High:Controla distributed by Altafonte",0.694,0.86,11,-9.279,0,0.0365,0.000172,0.77,0.113,0.513,127.998,4
spotify:track:05QGJav2nGJ9qdQ3vG9A9t,"Ask Me","Ask Me / Mesmerize","Duck Sauce;A-Trak;Armand Van Helden",2021-03-05,193795,2,false,azvwtt6iohg3hran3hxv47xn6,2021-09-18T00:05:32Z,"disco house","Duck Sauce",0.803,0.935,4,-4.915,0,0.032,0.0145,0.191,0.296,0.738,124.008,4
spotify:track:0eOcjJgpO8XdJbPMYJgKqq,"Coming Home","Coming Home","A-Trak;Ferreck Dawn",2020-02-21,190276,58,false,azvwtt6iohg3hran3hxv47xn6,2021-09-18T00:05:48Z,"disco house,tech house,house","Club Sweat",0.786,0.803,5,-5.21,1,0.164,0.128,0.0167,0.266,0.598,123.002,4
spotify:track:3W8z2RvSKDL4i8AyfC8WZ2,"The Passenger","Graviity","GRAViiTY",2017-09-27,381428,0,false,azvwtt6iohg3hran3hxv47xn6,2021-09-17T23:20:33Z,"trance psicodélico,tekno","Graviity",0.77,0.912,6,-5.473,1,0.0673,0.0868,0.903,0.121,0.13,140.009,4
spotify:track:3Kir9mPDm54ViKTrgXA3zB,"Sensational","Sensational","Anti Up",2021-03-05,197767,23,false,azvwtt6iohg3hran3hxv47xn6,2021-09-18T00:05:49Z,"tech house,bass house","Big Beat Records/Atlantic",0.653,0.914,8,-3.941,1,0.0571,0.00162,0.642,0.0468,0.759,129.998,4
spotify:track:2I0EV5B4RgDQPcSuDGzz2N,"Freedom (You Bring Me)","Freedom (You Bring Me)","Snakehips;Armand Van Helden",2021-07-23,188920,28,false,azvwtt6iohg3hran3hxv47xn6,2021-09-18T00:05:51Z,"disco house","Never Worry Records",0.642,0.958,5,-4.786,0,0.0958,0.000551,0.0127,0.271,0.82,125.035,4
spotify:track:10bmUjdCwAcLNMaFs6BLNO,"Thin Line","Thin Line","John Summit;Guz",2020-10-30,188180,1,false,azvwtt6iohg3hran3hxv47xn6,2021-09-18T00:05:53Z,"house,tech house","D4 D4NCE",0.767,0.818,10,-6.224,0,0.0458,0.0288,0.00243,0.0732,0.365,124.968,4
spotify:track:6UYbt0ZVXP5pnrhzk8z2d8,"fuego (feat. Tyler, The Creator)","i can't go outside","Channel Tres;Tyler, The Creator",2020-12-10,248764,43,true,azvwtt6iohg3hran3hxv47xn6,2021-10-11T19:31:47Z,"hip house","Art For Their Good",0.745,0.504,3,-10.405,0,0.307,0.0162,0.00122,0.432,0.434,114.901,4
spotify:track:6bbx7nYlixYuElKMbYCzMm,"Mvinline","Mvinline","Boys Noize",2020-05-29,199836,0,false,azvwtt6iohg3hran3hxv47xn6,2021-09-18T00:05:55Z,"electro house","Defected Records",0.716,0.817,11,-5.825,0,0.233,0.0154,0.139,0.0767,0.363,125.087,4
spotify:track:7mmejjyHAp0Z4hUu4JKtat,"The Asteroid","Analog Is On","Michael Gray",2007-06-01,282200,25,false,azvwtt6iohg3hran3hxv47xn6,2021-09-18T00:50:15Z,"disco house","Altra Moda Music",0.804,0.476,1,-12.363,1,0.12,0.000566,0.412,0.0381,0.911,123.962,4
spotify:track:04UHcxuHMYqfNmjfdS1Nrv,"On & on","Dyschronometria","Cumhur Jay",2016-06-23,293001,0,false,azvwtt6iohg3hran3hxv47xn6,2021-09-17T23:59:39Z,"","High:Controla distributed by Altafonte",0.678,0.619,4,-9.815,1,0.0393,0.164,0.871,0.122,0.154,100.017,4
spotify:track:7AkdM5ErBGorSpL6JxjSBC,"Feel My Needs - Purple Disco Machine Extended Mix","Feel My Needs (Purple Disco Machine Remix)","WEISS;Purple Disco Machine",2018-08-17,382000,46,false,azvwtt6iohg3hran3hxv47xn6,2021-09-18T00:07:24Z,"house,disco house,nu disco,funky house","Toolroom Records",0.747,0.853,3,-5.658,0,0.0574,0.0114,0.842,0.0349,0.864,122.019,4
spotify:track:3XnvNOjFKyFyNvxlXy1DXm,"Live Without Your Love (with Steve Lacy)","Live Without Your Love (with Steve Lacy)","Love Regenerator;Steve Lacy;Calvin Harris",2020-07-16,205125,55,false,azvwtt6iohg3hran3hxv47xn6,2021-09-18T00:07:26Z,"edm","Columbia",0.67,0.833,7,-8.365,1,0.0522,0.132,0.195,0.109,0.522,127.984,4
spotify:track:2xdstbWVKz1Q2XGiNLebuu,"Do You Feel Like I Do?","Do You Feel Like I Do?","Another Chemical Love Story;Elliot Adamson",2021-02-14,398095,0,false,azvwtt6iohg3hran3hxv47xn6,2021-09-18T00:07:30Z,"disco house,tech house","Another Chemical Love Story",0.671,0.776,10,-5.115,0,0.122,0.0394,0.0323,0.113,0.615,126.025,4
spotify:track:1YS02pH03wsmB2nzVywXsS,"Running - Disclosure 2021 VIP","Settle (Special Edition)","Jessie Ware;Disclosure",2014-01-01,392383,32,false,azvwtt6iohg3hran3hxv47xn6,2021-09-18T00:07:32Z,"house","Universal-Island Records Ltd.",0.817,0.677,11,-7.194,0,0.0975,0.0259,0.0384,0.382,0.157,124.988,4
spotify:track:4nNv818CLsgNKYWbpKhnLV,"Alter Ego","Analog Is On","Michael Gray",2007-06-01,282852,16,false,azvwtt6iohg3hran3hxv47xn6,2021-09-18T00:50:20Z,"disco house","Altra Moda Music",0.675,0.561,11,-11.831,1,0.0464,0.00274,0.173,0.0997,0.134,117.989,4
spotify:track:4mf7fuUUPF8daGpxoAZM0C,"Music for the People","Sunny Beach Session","Pacho & Pepo",2012-07-09,433920,3,false,azvwtt6iohg3hran3hxv47xn6,2021-09-18T00:52:20Z,"","D-Rom",0.806,0.867,1,-8.943,1,0.0701,0.000337,0.764,0.0527,0.259,125.021,4
spotify:track:6mHqHW9vmq8UDQqBgY8H5I,"Splash","Artificial Waves","невиDимка",2020-02-07,280848,0,false,azvwtt6iohg3hran3hxv47xn6,2021-09-18T00:52:35Z,"","невиDимка",0.678,0.668,1,-7.024,1,0.0524,0.000329,0.236,0.332,0.531,127.999,4
spotify:track:2DS6M6yQ0MDTG6PyKrk3ze,"Space","Artificial Waves","невиDимка",2020-02-07,234214,0,false,azvwtt6iohg3hran3hxv47xn6,2021-09-18T00:52:40Z,"","невиDимка",0.62,0.78,3,-5.624,1,0.0291,0.056,0.923,0.286,0.403,125.002,4
spotify:track:1HALJg1M7J4h0vINDddEzA,"Exceeder - Original Mix","Exceeder","Mason",2006-07-17,405385,50,false,azvwtt6iohg3hran3hxv47xn6,2021-09-18T00:53:37Z,"","Armada Music",0.78,0.789,6,-6.907,1,0.099,0.00263,0.898,0.238,0.541,128,4
spotify:track:34dx8DACTJsc3rsJdaEIQw,"Papaoutai","racine carrée","Stromae",2013-01-01,232146,80,false,azvwtt6iohg3hran3hxv47xn6,2021-09-18T00:53:49Z,"pop francés","Universal Music Distributed Labels",0.732,0.809,10,-7.264,0,0.0878,0.0266,0,0.0642,0.253,116.015,4
spotify:track:0cDTCma0cfyXGhOdjD5rnj,"The Alphabeat","Nothing but the Beat (Ultimate Edition)","David Guetta",2012-12-07,269040,45,false,azvwtt6iohg3hran3hxv47xn6,2021-09-18T00:55:05Z,"edm","Parlophone (France)",0.376,0.809,5,-3.905,1,0.168,0.0339,0.0965,0.688,0.147,121.887,4
spotify:track:1r8ZqfggYqW1R2JjiDGBQV,"The Ciggie","The Ciggie","Cloonee",2018-12-17,373032,49,false,azvwtt6iohg3hran3hxv47xn6,2021-09-18T05:02:39Z,"tech house,house","Solid Grooves Raw",0.905,0.579,5,-9.104,1,0.0865,0.000218,0.116,0.0867,0.605,123.999,4
spotify:track:2easgxsXK5j6lNp63yZF7S,"Musique","Musique, Vol. 1","Daft Punk",2006-03-29,413600,37,false,azvwtt6iohg3hran3hxv47xn6,2021-09-18T00:55:12Z,"house francés,electrónica,electro","Daft Life Ltd./ADA France",0.82,0.885,11,-6.996,1,0.0811,0.00165,0.848,0.085,0.832,117.206,4
spotify:track:2VEZx7NWsZ1D0eJ4uv5Fym,"Digital Love","Discovery","Daft Punk",2001-03-12,301373,73,false,azvwtt6iohg3hran3hxv47xn6,2021-09-18T00:55:28Z,"house francés,electrónica,electro","Daft Life Ltd./ADA France",0.644,0.664,9,-8.398,1,0.0332,0.048,0.867,0.342,0.53,124.726,4
spotify:track:07sxccsfOMu3ZiNG31pn4d,"Insomnia - Radio Edit","Headliners","Faithless",2007-06-15,215640,46,false,azvwtt6iohg3hran3hxv47xn6,2021-09-18T00:55:43Z,"trip hop","Sony BMG Music UK",0.714,0.938,8,-7.305,1,0.0369,0.0602,0.265,0.379,0.53,126.822,4
spotify:track:3m5b06adQYg0rzDPd5QLWA,"Bubieno","Bubieno EP","Ben Remember",2018-08-10,174120,12,false,azvwtt6iohg3hran3hxv47xn6,2021-09-18T00:57:54Z,"tech house","Toolroom",0.745,0.979,10,-5.19,0,0.202,0.251,0.552,0.353,0.376,122.918,4
spotify:track:4OQvuEpWwx1sWPkQQknYdt,"Queimar Dos","Queimar Dos","OVEOUS;QVLN",2019-11-01,221305,35,false,azvwtt6iohg3hran3hxv47xn6,2021-09-18T00:58:14Z,"afro house,house latino,tribal house","Brobot Records",0.791,0.754,1,-6.171,1,0.0467,0.00466,0.0114,0.0981,0.5,121.985,4
spotify:track:2eZGW2Zqv8W0jjRZ3mGB01,"You Got Me","You Got Me","Wh0",2020-10-02,192380,27,false,azvwtt6iohg3hran3hxv47xn6,2021-09-18T00:58:18Z,"disco house,funky house,tech house","Musical Freedom",0.614,0.952,7,-4.274,0,0.0485,0.00095,0.000418,0.316,0.547,125.982,4
spotify:track:41IjdT8XaOlfGUw81ksWrP,"Supersonic","Supersonic","Illyus Barrientos ",2021-05-07,159072,0,false,azvwtt6iohg3hran3hxv47xn6,2021-09-18T00:58:46Z,"tech house,disco house","Ultra Records",0.751,0.738,5,-7.321,0,0.0366,0.0317,0.00554,0.268,0.585,123.981,4
spotify:track:5TbSUaTzP9OWSzaqVJex4M,"Get On - Extended Mix","Get On","Piero Pirupa;LEON (Italy)",2020-09-11,337382,6,false,azvwtt6iohg3hran3hxv47xn6,2021-09-18T00:58:58Z,"tech house","Toolroom",0.742,0.896,11,-5.568,0,0.0479,0.00694,0.861,0.298,0.541,127.001,4
spotify:track:5YfpMiaKmM2fe6cOWetteb,"Yebisah - Radio Edit","Yebisah","Mark Knight",2016-09-02,201290,0,false,azvwtt6iohg3hran3hxv47xn6,2021-09-18T00:59:03Z,"tech house,house,disco house,funky house,house progresivo","JE | Just Entertainment",0.54,0.933,2,-6.784,1,0.0364,0.0024,0.954,0.371,0.238,123.988,4
spotify:track:4YU7kjwU5ebyKS9QzkcAFK,"Roy Keane","Club Orange EP","Brame & Hamo",2018-02-19,403480,0,false,azvwtt6iohg3hran3hxv47xn6,2021-09-18T00:59:11Z,"lo-fi house","Brame & Hamo",0.812,0.881,10,-6.47,0,0.0757,0.000559,0.937,0.0453,0.579,124.003,4
spotify:track:6W4pDFlKBNxZpIc5d3lp60,"For All My Wrongs","For All My Wrongs","James Pepper",2020-02-20,460224,39,false,azvwtt6iohg3hran3hxv47xn6,2021-09-18T01:00:11Z,"hard house,lo-fi house,jazz house,acid house","Gallery Recordings",0.741,0.906,7,-8.714,0,0.0726,0.0309,0.633,0.106,0.538,132.004,4
spotify:track:4YYODVaWvNDvqsYiQtJJrM,"So Good to Me - Radio Edit","So Good To Me (Remixes)","Chris Malinchak",2013-05-03,158677,55,false,azvwtt6iohg3hran3hxv47xn6,2021-09-18T01:00:25Z,"nu disco","Ministry of Sound Recordings",0.716,0.465,11,-12.776,1,0.0377,0.166,0.0171,0.147,0.416,120.988,4
spotify:track:54NoTodp6UJLmVKwXTE1cB,"Flute - Radio Mix","House Classics, Vol. 1 (Presented by Spinnin' Records)","New World Sound;Thomas Newson",2020-03-16,198750,0,true,azvwtt6iohg3hran3hxv47xn6,2021-09-18T01:03:22Z,"melbourne bounce,big room,tech house","Spinnin' Compilations",0.383,0.886,1,-6.349,1,0.0589,0.000745,0.0561,0.0721,0.123,127.995,4
spotify:track:5lNOR0VAjztS4uvgnJqU3k,"House Music - Robosonic Remix","House Music (Remixes)","Eddie Amador;Robosonic",2014-10-20,407877,0,false,azvwtt6iohg3hran3hxv47xn6,2021-09-18T01:04:45Z,"tech house","Yoshitoshi Recordings",0.852,0.808,8,-10.027,1,0.0729,0.000722,0.752,0.0435,0.874,122.988,4
spotify:track:2KUcdsb8TLCtj4RtULT4Sw,"Meine","Meine Idee EP","Daso",2007-11-06,475186,0,false,azvwtt6iohg3hran3hxv47xn6,2021-09-18T02:23:39Z,"minimal techno","Spectral Sound",0.684,0.597,11,-8.563,0,0.0326,0.0211,0.741,0.103,0.869,126.005,4
spotify:track:52PxZoVj4kjv3bKj3atzns,"Idee","Meine Idee","Daso",2007-10-31,425533,0,false,azvwtt6iohg3hran3hxv47xn6,2021-09-18T02:23:43Z,"minimal techno","Spectral Sound",0.803,0.69,9,-11.902,0,0.0573,0.261,0.945,0.106,0.51,126.001,4
spotify:track:6U7DCvIA93YYzyFYwmiIIe,"Mi Amor","Mi Amor","Cloonee;Wade",2021-06-11,195952,1,false,azvwtt6iohg3hran3hxv47xn6,2021-09-18T05:03:06Z,"tech house,house,house latino,techno,techengue","CLNE",0.824,0.511,8,-9.049,0,0.151,0.0187,0.834,0.309,0.0858,127.959,4
spotify:track:6EX9l4lJZknixCpQqTKGAF,"Get Stupid","Get Stupid","Cloonee",2020-08-28,227124,48,true,azvwtt6iohg3hran3hxv47xn6,2021-09-18T05:03:25Z,"tech house,house","Uprise Music",0.859,0.677,11,-9.916,0,0.0879,0.00216,0.00375,0.0487,0.73,128.001,4
spotify:track:2nyBqOKARcKxrJaPyXRNx3,"Perfect (Exceeder)","Perfect (Exceeder)","Mason;Princess Superstar",2007-01-22,161250,1,false,azvwtt6iohg3hran3hxv47xn6,2021-09-18T06:22:00Z,"electroclash","Armada Music",0.667,0.845,6,-6.845,1,0.0812,0.0248,0.065,0.466,0.681,127.879,4
spotify:track:09KqdVeI6HLbX8m2z9c1QX,"Can't Wait for the Weekend - Radio Edit","Can't Wait for the Weekend","Michael Gray",2012-09-23,198425,25,false,azvwtt6iohg3hran3hxv47xn6,2021-09-18T06:26:01Z,"disco house","Cooking Vinyl",0.604,0.952,7,-4.224,1,0.143,0.014,0,0.679,0.836,126.971,4
spotify:track:7KU1k3MVP8eFj81U3L85i8,"Mars 500","Mars 500","CHLOE (Thévenin)",2021-01-22,412257,0,false,azvwtt6iohg3hran3hxv47xn6,2021-09-18T06:36:53Z,"","Permanent Vacation",0.756,0.676,11,-13.684,0,0.0459,0.0111,0.907,0.0987,0.0883,123.007,4
spotify:track:1pRtulsE0AFNNpP07ROQuF,"Heartbass (feat. Tommy Cash)","Boycycle EP","Salvatore Ganacci;Tommy Cash",2020-02-14,266336,40,false,azvwtt6iohg3hran3hxv47xn6,2021-09-18T06:38:34Z,"moombahton","OWSLA",0.801,0.921,1,-3.876,1,0.0688,0.103,0.000534,0.0815,0.502,140.009,4
spotify:track:4g0eywnFu6aeIlUdhxm6PN,"It Doesn't Matter","Dig Your Own Hole","The Chemical Brothers",1997-01-01,374240,38,false,azvwtt6iohg3hran3hxv47xn6,2021-09-18T06:39:51Z,"big beat,dance alternativo,electrónica,breakbeat","Virgin Records",0.748,0.906,0,-3.974,1,0.139,0.00121,0.65,0.099,0.236,129.035,4
spotify:track:7kXmJwrZGIhDaLT9sNo3ut,"Hey Boy Hey Girl","Surrender","The Chemical Brothers",1999-01-01,290493,73,false,azvwtt6iohg3hran3hxv47xn6,2021-09-18T06:40:19Z,"big beat,dance alternativo,electrónica,breakbeat","Virgin Records",0.632,0.92,2,-4.976,1,0.0531,0.119,0.508,0.114,0.363,127.001,4
spotify:track:0qAGuRY2EQLbK5TM8ydzrn,"Basement","Basement","NERVO",2021-06-18,196800,28,false,azvwtt6iohg3hran3hxv47xn6,2021-09-18T06:42:21Z,"","Toolroom",0.639,0.954,9,-3.504,0,0.0379,0.155,0.0144,0.186,0.807,125,4
spotify:track:18KVIouF8klKE9HdqdpUxd,"Lights Go Out","Lights Go Out","Chapter & Verse",2021-04-30,226666,51,false,azvwtt6iohg3hran3hxv47xn6,2021-09-18T06:42:57Z,"tech house","The Myth of NYX",0.624,0.888,3,-5.909,0,0.0474,0.0975,0.313,0.0899,0.278,126.081,4
spotify:track:4n8YdXETqQ3NvWs5XNpvar,"Music Is the Answer - Original Extended 12-Inch Mix","Music Is the Answer (Part 2)","Celeda;Danny Tenaglia",2008,849960,53,false,azvwtt6iohg3hran3hxv47xn6,2021-09-18T06:43:50Z,"house,tribal house,jazz house","TWISTED Records, Inc.",0.907,0.643,1,-8.657,0,0.0549,0.0296,0.0265,0.105,0.376,124.909,4
spotify:track:4ekDggjElGJX9kNSOtnbVf,"Infinity - Dubdogz & Bhaskar Edit","Infinity (Dubdogz & Bhaskar Edit)","Dubdogz;Bhaskar",2020-01-31,196000,67,false,azvwtt6iohg3hran3hxv47xn6,2021-09-18T06:53:50Z,"graves brasileños,electrónica","Spinnin' Records",0.723,0.57,9,-8.589,0,0.0429,0.00412,0.00183,0.0862,0.575,123.979,4
spotify:track:4wOIiaDB7h2Z5vxsV0xqaN,"Boyz N Da Club - Radio Edit","Boyz N Da Club (Radio Edit)","Shermanology",2021-06-09,141395,0,false,azvwtt6iohg3hran3hxv47xn6,2021-09-18T06:56:33Z,"tech house,house","D'EAUPE",0.907,0.707,4,-7.627,0,0.185,0.00983,0.444,0.166,0.566,129.097,4
spotify:track:5qvE6RC6vV9Y3bmVL535v6,"Bring A Friend","Bring A Friend","Hood Rich",2021-08-20,193870,36,false,azvwtt6iohg3hran3hxv47xn6,2021-09-18T06:59:21Z,"tech house,bass house","Medium Rare Recordings",0.81,0.865,3,-4.905,1,0.0992,0.0295,0.847,0.594,0.852,126.009,4
spotify:track:4vyG9ZhHT8MKJE5mTICMFC,"Still Sleepless","Still Sleepless","D.O.D;Carla Monroe",2021-09-17,162879,76,false,azvwtt6iohg3hran3hxv47xn6,2021-09-18T06:59:31Z,"house","Axtone Records",0.628,0.738,6,-5.045,0,0.0367,0.0156,0.281,0.153,0.699,125.928,4
spotify:track:11mmDbwTvh67lHK8jEv53i,"Party's Jumpin","Party's Jumpin","Joshwa;Ossey James",2021-08-20,175238,0,false,azvwtt6iohg3hran3hxv47xn6,2021-09-18T06:59:41Z,"tech house,house,house latino","Repopulate Mars",0.823,0.851,6,-6.916,1,0.0857,0.0226,0.0134,0.0226,0.911,125.987,4
spotify:track:2sGFufjNzWIVBp5vRR7Sgm,"Shaolin Dreams","Shaolin Dreams","Michael Bibi",2021-07-29,268837,41,false,azvwtt6iohg3hran3hxv47xn6,2021-09-18T07:00:01Z,"tech house,techno,house","Solid Grooves Records",0.782,0.848,11,-4.796,0,0.0454,0.00016,0.503,0.117,0.207,129.013,4
spotify:track:0dlJa9EVy8FhBOzDvcPF0M,"Eve’s Drop","CARE4LIFE","Jaden Thompson",2020-06-12,396850,0,false,azvwtt6iohg3hran3hxv47xn6,2021-09-18T16:18:22Z,"tech house","CARE4LIFE",0.793,0.7,10,-9.018,0,0.0672,0.0000647,0.901,0.0648,0.305,126.994,4
spotify:track:5wojyanOP6dtCtOMjcxI1i,"Pump","Pump","Valentino Khan",2017-05-26,183750,50,false,azvwtt6iohg3hran3hxv47xn6,2021-09-18T16:28:01Z,"bass house,moombahton,g-house","Ministry of Sound Recordings",0.806,0.945,6,-2.378,1,0.0482,0.00188,0.811,0.0662,0.696,127.984,4
spotify:track:5EgXN9OlvcUo9M6ULnyrXS,"The Hypno - Radio","Shuffle Jump Mania","Floorfilla",2012-03-13,226818,54,false,azvwtt6iohg3hran3hxv47xn6,2021-09-18T16:28:23Z,"italo dance,clásica electrónica,electrónica,eurodance","Expanded Music Srl",0.891,0.742,11,-6.52,1,0.0435,0.242,0.595,0.0648,0.114,137.003,4
spotify:track:6r7FXNO57mlZCBY6PXcZZT,"Five Hours","Five Hours","Deorro",2014-10-14,326887,68,false,azvwtt6iohg3hran3hxv47xn6,2021-09-18T18:34:32Z,"melbourne bounce,electro house","Ultra Records, LLC",0.88,0.821,5,-2.545,0,0.118,0.0197,0.661,0.234,0.575,127.907,4
spotify:track:01fVbxyW9y2oKdXvg56uE5,"Soul Sacrifice","Soul Sacrifice","Dombresky",2019-01-24,232211,1,false,azvwtt6iohg3hran3hxv47xn6,2021-09-18T18:35:34Z,"bass house,tech house,disco house,g-house,house","Process Records",0.847,0.934,9,-5.381,1,0.0442,0.00783,0.492,0.0797,0.862,126.035,4
spotify:track:3uP3xlyj70gIv29lGQ0jua,"Fallin for You","Fallin for You","SIDEPIECE",2020-08-21,251843,0,false,azvwtt6iohg3hran3hxv47xn6,2021-09-18T18:36:59Z,"tech house,edm","Solotoko",0.797,0.877,8,-5.539,1,0.0651,0.0097,0.847,0.0763,0.303,125.001,4
spotify:track:6riZ1EvjpzOi6Z0t1ocGOi,"One, Two","Partay","Cloonee",2020-02-14,184335,0,false,azvwtt6iohg3hran3hxv47xn6,2021-09-18T18:37:13Z,"tech house,house","Solotoko",0.829,0.809,7,-10.521,1,0.16,0.0539,0.588,0.115,0.363,125.007,4
spotify:track:1kbilUdwfpN647U3tbePye,"GET IT POPPIN'","GET IT POPPIN'","TREASURE SERIES",2019-12-13,184615,42,true,azvwtt6iohg3hran3hxv47xn6,2021-09-18T18:37:25Z,"tech house,house","TREASURE SERIES",0.845,0.566,11,-13.155,0,0.0804,0.000648,0.303,0.109,0.18,130.007,4
spotify:track:03xSjRVQsSqFxIR794upmX,"Gimme Some Keys","When We Were Young / Gimme Some Keys","Matroda",2021-02-26,169444,0,false,azvwtt6iohg3hran3hxv47xn6,2021-09-18T18:38:10Z,"bass house,tech house,g-house,house,electro house","Insomniac Records",0.802,0.725,11,-5.218,0,0.0521,0.00222,0.819,0.064,0.864,124.992,4
spotify:track:7pizUNCfj7EXV9J4l59kjh,"Puffy (feat. 95 North)","Nothing Else Matters Tracks, Vol. 2: Picked by Danny Howard","Mason Maynard;95 North",2017-12-08,230400,35,false,azvwtt6iohg3hran3hxv47xn6,2021-09-18T18:38:56Z,"tech house,uk garage,funky house","Nothing Else Matters",0.805,0.873,9,-7.084,1,0.0983,0.000263,0.0035,0.598,0.337,125.012,4
spotify:track:4tke9BbjoZSaDL8csRxYPL,"Gunna Be Mine","Gunna Be Mine","Endor",2018-02-02,228114,34,false,azvwtt6iohg3hran3hxv47xn6,2021-09-18T18:39:09Z,"","Endor",0.722,0.82,9,-4.791,0,0.0746,0.0121,0.0962,0.107,0.682,123.003,4
spotify:track:7sgSOyqd5btqkghNXfRIe8,"Shake - Radio Edit","Shake (Radio Edit)","Cloonee",2020-04-24,217514,0,false,azvwtt6iohg3hran3hxv47xn6,2021-09-18T18:39:18Z,"tech house,house","CLNE",0.94,0.464,11,-10.344,0,0.456,0.000962,0.00659,0.342,0.202,128.006,4
spotify:track:4BkV1l61cugb2mOnoPei2H,"Swagon","Swagon","Detlef;Ossey James",2017-01-06,212810,0,false,azvwtt6iohg3hran3hxv47xn6,2021-09-18T18:40:26Z,"tech house","Repopulate Mars",0.801,0.686,4,-7.392,1,0.0539,0.00273,0.626,0.0507,0.465,124.982,4
spotify:track:76XAEIVTSmXwrq41rt2n5G,"Forget It","Forget It","Matroda",2020-12-04,173694,0,false,azvwtt6iohg3hran3hxv47xn6,2021-09-18T18:41:22Z,"bass house,tech house,g-house,house,electro house","Insomniac Records",0.717,0.903,7,-6.042,0,0.141,0.179,0.00532,0.192,0.344,122.986,4
spotify:track:5eG6Wk7H7Oohwal7Z7eYCs,"Let Me Hear You","Let Me Hear You","Chapter & Verse",2021-09-03,212380,14,false,azvwtt6iohg3hran3hxv47xn6,2021-09-18T18:41:32Z,"tech house","Spinnin' Deep",0.604,0.913,7,-6.387,1,0.046,0.00626,0.782,0.185,0.385,125.964,4
spotify:track:4jHiBP6xFggG8uUuc7u0WE,"Bappi","Bappi","Jamie Jones;The Martinez Brothers",2019-10-11,354378,0,false,azvwtt6iohg3hran3hxv47xn6,2021-09-18T18:44:02Z,"house,tech house,deep house,house latino","Hot Creations",0.787,0.842,1,-7.295,1,0.0473,0.0000166,0.86,0.0729,0.127,127.992,4
spotify:track:3VLBjYS5Dhbw2vUd4ku4PU,"Bad Behaviour","Bad Behaviour EP","Dennis Cruz",2016-09-29,407861,43,false,azvwtt6iohg3hran3hxv47xn6,2021-09-18T18:44:09Z,"tech house,house latino,tribal house","Suruba X",0.867,0.539,9,-9.279,1,0.0835,0.000128,0.0962,0.0955,0.62,123.004,4
spotify:track:7J3WsUYMcs2it4XpLNMWFo,"Voodoo Girl - Wade Remix","Voodoo Girl","PAX;Wade",2019-04-26,197760,0,false,azvwtt6iohg3hran3hxv47xn6,2021-09-18T18:44:16Z,"tech house,house latino,techno,techengue","Sola",0.845,0.915,1,-6.142,1,0.0606,0.00111,0.209,0.091,0.665,124.998,4
spotify:track:3bX36CK7B1HCckuLzqIGkG,"If I Can't Get Down - Mousse T.'s Funky Shizzle Mix","My House From All Angles (Remixes)","Mike Dunn;Mousse T.",2020-08-28,227265,0,false,azvwtt6iohg3hran3hxv47xn6,2021-09-18T19:46:41Z,"house de chicago,disco house,funky house,acid house,house","Classic Music Company",0.837,0.934,0,-3.575,1,0.0876,0.0116,0.627,0.38,0.847,124.044,4
spotify:track:7mnKC04ZSLWfgH9BF3hvAZ,"At Night - Peggy Gou's Acid Journey Remix (Mixed)","Defected Worldwide (DJ Mix)","Shakedown;Peggy Gou",2019-12-13,300000,0,false,azvwtt6iohg3hran3hxv47xn6,2021-09-18T19:54:16Z,"disco house,funky house,house","Defected Records",0.707,0.907,1,-7.357,1,0.0617,0.0026,0.577,0.057,0.299,124.006,4
spotify:track:2zEYUJ4WCMx9khD14vcMhl,"Joys - OFFAIAH Club Mix (Mixed)","Defected Worldwide (DJ Mix)","Roberto Surace;OFFAIAH",2019-12-13,263225,0,false,azvwtt6iohg3hran3hxv47xn6,2021-09-18T19:54:16Z,"tech house,disco house","Defected Records",0.796,0.94,1,-7.307,1,0.0644,0.00375,0.466,0.28,0.852,123.994,4
spotify:track:6m9VOKJaXOWND5a5auR3lt,"Let Me Down - Tube & Berger Remix (Mixed)","Defected Worldwide (DJ Mix)","Daniel Steinberg;Tube & Berger",2019-12-13,309677,0,false,azvwtt6iohg3hran3hxv47xn6,2021-09-18T19:54:16Z,"funky house,deep house","Defected Records",0.83,0.615,6,-8.837,0,0.0913,0.0667,0.507,0.0725,0.602,124.005,4
spotify:track:2FZb06CBBPqaBw2Zm4xXUf,"Pump It Up - Extended Mix (Mixed)","Defected Worldwide (DJ Mix)","Endor",2019-12-13,308477,0,false,azvwtt6iohg3hran3hxv47xn6,2021-09-18T19:54:16Z,"","Defected Records",0.946,0.749,1,-9.576,1,0.327,0.068,0.000903,0.143,0.484,128.998,4
spotify:track:1B8mCijpw9ItgJcOqWn2Dq,"Saturation","Saturation EP","Amine Edge & DANCE;Clyde P",2020-12-11,173538,21,false,azvwtt6iohg3hran3hxv47xn6,2021-09-18T19:59:31Z,"tech house,g-house","Saved Records",0.802,0.916,11,-8.495,0,0.0622,0.00136,0.47,0.0298,0.485,130.007,4
spotify:track:18XaSQTiVylPUq0uSyWZAh,"Groove La Afrika","Soul on Ice EP PT1","Melé",2021-03-26,169133,0,false,azvwtt6iohg3hran3hxv47xn6,2021-09-18T20:00:00Z,"tribal house,house latino,tech house,disco house","Club Bad",0.873,0.886,7,-4.53,1,0.357,0.0241,0.864,0.0347,0.274,127.061,4
spotify:track:22fyGp2FlruBrwqs5hoAga,"Wireless High","Cuttin' Headz Presents Boogeyman","Joey Daniel",2020-11-20,417674,0,false,azvwtt6iohg3hran3hxv47xn6,2021-09-18T20:25:35Z,"tech house","Cuttin' Headz",0.806,0.821,9,-11.619,1,0.0703,0.00000346,0.912,0.0831,0.487,129.015,4
spotify:track:4fQnUuqE1TCgg8xZbE1N7S,"Disc Ho","Cuttin' Headz Presents Boogeyman","Jesse Calosso",2020-11-20,404186,0,false,azvwtt6iohg3hran3hxv47xn6,2021-09-18T20:25:43Z,"tech house","Cuttin' Headz",0.807,0.83,6,-10.199,0,0.0609,0.000507,0.766,0.112,0.646,128.497,4
spotify:track:7pf8yZPzdznU4kXyTTAm5M,"Planet Mars","Cuttin' Headz Presents Boogeyman","Aaran D",2020-11-20,428307,0,false,azvwtt6iohg3hran3hxv47xn6,2021-09-18T20:25:54Z,"tech house","Cuttin' Headz",0.803,0.719,6,-8.96,0,0.0942,0.00184,0.922,0.0666,0.173,129.989,4
spotify:track:7o8ygzs06bj5LbwO72N6Nw,"Lumartes (Extended)","Lumartes (Extended)","Seth Troxler",2021-05-24,508604,0,false,azvwtt6iohg3hran3hxv47xn6,2021-09-18T20:27:06Z,"tech house","CircoLoco Records",0.688,0.749,4,-10.037,0,0.0369,0.00241,0.834,0.11,0.143,124.993,4
spotify:track:5wQ4dLsEuY59pBVu6gflQa,"Casablanca Sessions - Vocal Mix","Casablanca Sessions","Kool D",2015-09-11,519894,0,false,azvwtt6iohg3hran3hxv47xn6,2021-09-18T20:27:19Z,"","Tuskegee",0.879,0.558,8,-10.693,0,0.0785,0.000286,0.499,0.185,0.725,126.976,4
spotify:track:1J0jplGmpZp7WIdGbVwXyH,"Allez Ally (Dan Ghenacia Remix)","Allez Ally Remixes","El Prevost;D.Ham;Dan Ghenacia",2014-01-31,421000,6,false,azvwtt6iohg3hran3hxv47xn6,2021-09-18T20:27:48Z,"experimental","Third Ear Recordings",0.797,0.745,4,-8.476,0,0.0451,0.0000194,0.531,0.128,0.632,123.989,4
spotify:track:5Dzhbh4NkYVnkyn3Rw1u33,"Homeland - &ME Remix","Nobody Knows Remixes","Matthew Dear;Joris Voorn;&ME",2015-05-19,544000,30,false,azvwtt6iohg3hran3hxv47xn6,2021-09-18T20:29:05Z,"minimal techno,techno melódico,house melódico,afro house,afro tech,house","Green",0.854,0.847,11,-7.655,1,0.0481,0.00038,0.892,0.337,0.839,120.018,4
spotify:track:1q5XUAzuOJ6GXCFhePKu70,"All I Do","All I Do","Felix Da Housecat;Chris Trucher",2021-01-15,171428,0,false,azvwtt6iohg3hran3hxv47xn6,2021-09-18T20:37:33Z,"electroclash,house de chicago,acid house,disco house","Founders of Filth",0.551,0.985,6,-3.9,1,0.398,0.00125,0.13,0.47,0.242,125.814,4
spotify:track:77VqW84V88aKD8Bi8CzEsP,"You've Done Enough","Olympia","Gorgon City;DRAMA",2021-06-25,212893,61,false,azvwtt6iohg3hran3hxv47xn6,2021-09-18T20:37:37Z,"house,indie soul","Positiva",0.676,0.782,0,-6.639,1,0.0344,0.0147,0.165,0.704,0.519,125.057,4
spotify:track:4XsKkUno6gDfspcUJrYWTI,"Je fonds - Radio Edit","Je fonds","Kim;T.Williams;Dj Traxx",2009-08-16,248033,18,false,azvwtt6iohg3hran3hxv47xn6,2021-09-18T21:09:19Z,"zouk,kompa,kizomba,r&b francés","Traxx Prod",0.542,0.783,7,-4.402,1,0.0599,0.137,0.000319,0.0563,0.452,173.97,4
spotify:track:0WNjZebEUjiPEdVqfYjlcZ,"Losing My Mind","Losing My Mind","Majestic;Nightcrawlers",2021-08-06,204849,39,false,azvwtt6iohg3hran3hxv47xn6,2021-09-18T21:25:52Z,"","Ministry of Sound Recordings",0.601,0.881,1,-3.834,1,0.0291,0.0317,0.0364,0.441,0.86,125.026,4
spotify:track:6RlHX1oWuPOhPkESDxiKFl,"Push The Feeling (feat. Big Narstie)","Push The Feeling (feat. Big Narstie)","Nightcrawlers;John Reid;Big Narstie",2017-12-22,155144,46,false,azvwtt6iohg3hran3hxv47xn6,2021-09-18T21:26:02Z,"grime,uk grime","Relentless Records",0.81,0.86,11,-5.953,0,0.0675,0.0452,0,0.12,0.825,132.088,4
spotify:track:3nOMGGeQppHhfrkQ65VLVQ,"White Noise","White Noise","Disclosure;AlunaGeorge",2013-01-01,340268,0,false,azvwtt6iohg3hran3hxv47xn6,2021-09-20T03:11:41Z,"house","Universal-Island Records Ltd.",0.707,0.881,10,-7.295,0,0.0525,0.00572,0.00151,0.353,0.854,120,4
spotify:track:4KFFv2gYbZyltjKZ5hthIs,"Take My Hand","Take My Hand","LP Giobbi",2021-03-05,188294,25,false,azvwtt6iohg3hran3hxv47xn6,2021-09-20T03:15:28Z,"house","Animal Talk",0.686,0.669,7,-6.778,1,0.303,0.256,0.153,0.125,0.308,125.073,4
spotify:track:3Hq1sl11H1mFTkrou8c7q2,"Can't Get Enough","Can't Get Enough","Maur;Roobinz;FABER",2021-03-19,175357,0,false,azvwtt6iohg3hran3hxv47xn6,2021-09-20T03:15:32Z,"tech house","Sola",0.645,0.971,10,-4.331,0,0.0439,0.0261,0.00237,0.508,0.407,124.998,4
spotify:track:2uhUwHU422WRwRWTSw9CBs,"Keep Loving","The City EP","Swales",2020-11-29,323622,0,false,azvwtt6iohg3hran3hxv47xn6,2021-09-20T03:17:07Z,"lo-fi house,disco house,funky house","Mutombo Records",0.847,0.477,7,-13.607,1,0.0518,0.000481,0.8,0.0433,0.458,122.007,4
spotify:track:2COIOpxJnnqVuo6ClSX2El,"Solaris","The City EP","Swales",2020-11-29,341774,0,false,azvwtt6iohg3hran3hxv47xn6,2021-09-20T03:17:11Z,"lo-fi house,disco house,funky house","Mutombo Records",0.788,0.823,7,-9.063,1,0.0432,0.00998,0.806,0.0551,0.766,124.01,4
spotify:track:5J7aC8oDSMbgEhOMAb6Mug,"Come Together","The City EP","Swales",2020-11-29,409387,0,false,azvwtt6iohg3hran3hxv47xn6,2021-09-20T03:17:16Z,"lo-fi house,disco house,funky house","Mutombo Records",0.814,0.64,0,-11.98,1,0.06,0.0845,0.817,0.0708,0.484,124.005,4
spotify:track:0H9jOqgG6yafIJsx7RcrZd,"Sweller","Loudness War","Fukkk Offf;Cult Classique",2019-07-12,353273,26,false,azvwtt6iohg3hran3hxv47xn6,2021-09-20T03:26:28Z,"electro house,synthwave","Den Haku Records",0.56,0.361,11,-5.029,0,0.389,0.00134,0.365,0.0542,0.365,114.824,4
spotify:track:4vh6Rn6FVG4w79JmlZ5p7d,"Got To Keep On","No Geography","The Chemical Brothers",2019-04-12,316680,57,false,azvwtt6iohg3hran3hxv47xn6,2021-09-20T03:26:49Z,"big beat,dance alternativo,electrónica,breakbeat","EMI",0.721,0.867,6,-6.209,0,0.0528,0.048,0.125,0.0828,0.917,125.005,4
spotify:track:7aPm4LaKyb2EYNyyQlh8tV,"Expressing What Matters","Record Bag","Disclosure",2021-04-07,263213,9,false,azvwtt6iohg3hran3hxv47xn6,2021-09-20T03:36:32Z,"house","UME - Global Clearing House",0.781,0.813,11,-8.164,0,0.0914,0.015,0.844,0.128,0.728,119.995,4
spotify:track:79oMqgTKwehqPBCEGoxF6t,"Fork Fiesta","Loudness War","Fukkk Offf;Cult Classique",2019-07-12,333937,17,false,azvwtt6iohg3hran3hxv47xn6,2021-09-20T18:31:58Z,"electro house,synthwave","Den Haku Records",0.701,0.665,8,-4.658,1,0.0462,0.00185,0.606,0.159,0.388,127.958,4
spotify:track:3TXU98VC2CgMeZlrUJNNB8,"Sing Your Praises","Sing Your Praises","DEMOU",2020-12-11,218250,26,false,azvwtt6iohg3hran3hxv47xn6,2021-09-20T18:47:01Z,"","Nothing Else Matters",0.638,0.921,7,-6.284,0,0.0328,0.0019,0.722,0.0705,0.471,124.994,4
spotify:track:7tRNDdDcUQqrOPHfIIbzGd,"I’ve Been Missing You","I’ve Been Missing You","Jack Back;Guz;Ferreck Dawn",2021-07-23,167340,31,false,azvwtt6iohg3hran3hxv47xn6,2021-09-21T01:53:25Z,"tech house,house","Sink or Swim",0.767,0.748,7,-8.523,1,0.106,0.199,0.000102,0.186,0.443,125.039,4
spotify:track:6pccdjiwLfBpFaDexeVtfK,"Straight From the Heart (feat. Nørskov) - Jaden Thompson Remix","Straight From The Heart (feat. Nørskov) [Jaden Thompson Remix]","Rudimental;Nørskov;Jaden Thompson",2021-07-09,208855,7,false,azvwtt6iohg3hran3hxv47xn6,2021-09-21T12:03:32Z,"tech house","Atlantic Records UK",0.791,0.903,0,-8.03,1,0.0451,0.0229,0.849,0.11,0.666,130.998,4
spotify:track:2PP2wNpzEe7FSisR3Zhbtg,"To The Light","To The Light","Jaden Thompson",2020-09-11,228770,0,false,azvwtt6iohg3hran3hxv47xn6,2021-09-21T12:03:51Z,"tech house","Classic Music Company",0.739,0.852,2,-7.377,1,0.0605,0.000485,0.787,0.0501,0.157,127.972,4
spotify:track:4HslTvBkqPi7E8einCRsTk,"My Way","To The Light","Jaden Thompson",2020-09-11,243770,0,false,azvwtt6iohg3hran3hxv47xn6,2021-09-21T12:04:09Z,"tech house","Classic Music Company",0.804,0.897,5,-7.505,0,0.0611,0.00392,0.768,0.347,0.406,127.997,4
spotify:track:5C2tOkvJS9jwcVpnBsE8ZH,"Bloom","To The Light","Jaden Thompson",2020-09-11,247639,0,false,azvwtt6iohg3hran3hxv47xn6,2021-09-21T12:04:09Z,"tech house","Classic Music Company",0.791,0.953,7,-7.559,1,0.0421,0.000461,0.896,0.0794,0.253,126.028,4
spotify:track:5HwHdYpk3QiOUhsfWKYkFq,"Passionfruit","EP2","Yaeji",2017-11-03,274728,49,false,azvwtt6iohg3hran3hxv47xn6,2021-09-24T17:24:42Z,"","Yaeji",0.606,0.448,8,-13.182,0,0.0356,0.604,0.0825,0.111,0.199,111.889,4
spotify:track:58l9Bv2W9BkKPXH4ARE9qv,"Forget the Girl","Forget the Girl","Route 94",2019-08-20,285309,0,false,azvwtt6iohg3hran3hxv47xn6,2021-10-01T22:54:21Z,"house","Route 94",0.848,0.821,6,-6.249,0,0.0482,0.258,0.241,0.0961,0.708,121.983,4
spotify:track:1KBPJUMJjKd95viVQGy5NK,"Something Fresh","Something Fresh","Amy Lauren;Nicole Fiallo",2021-10-01,172800,0,false,azvwtt6iohg3hran3hxv47xn6,2021-10-07T18:52:18Z,"funky house,tech house,house latino,tribal house","Techne",0.777,0.935,0,-7.889,1,0.0593,0.0139,0.376,0.07,0.704,125.009,4
spotify:track:4O3APpGNhOldqDsPF8IaS5,"Welcome To The People","Welcome To The People","JADED",2021-09-10,160669,65,false,azvwtt6iohg3hran3hxv47xn6,2021-10-07T18:52:46Z,"tech house","Higher Ground",0.716,0.917,6,-5.091,1,0.0331,0.123,0.396,0.0628,0.751,124.032,4
spotify:track:475B0rNgiaycpb5tS8fjzP,"How I Feel - Biscits Remix","How I Feel (Biscits Remix)","Martin Ikin;Hayley May;Biscits",2021-09-03,205000,25,false,azvwtt6iohg3hran3hxv47xn6,2021-10-07T18:53:07Z,"tech house,house","Toolroom",0.684,0.953,10,-6.862,0,0.0624,0.0844,0.363,0.31,0.569,123.984,4
spotify:track:1BoFfCLu2erryMTw2ywQ8A,"Soda Pop - Jaden Thompson Remix","Soda Pop (Jaden Thompson Remix)","Not So French;Jaden Thompson",2021-10-01,243370,2,false,azvwtt6iohg3hran3hxv47xn6,2021-10-08T13:47:08Z,"uk garage,tech house","Three Six Zero Recordings/Sony Music Entertainment",0.808,0.853,6,-9.415,0,0.0574,0.000277,0.902,0.0665,0.647,128.007,4
spotify:track:29OpAJWfsnqXQY5VAEToTI,"Free At Last - Martin Ikin Remix","Free At Last","Wankelmut;Anna Leyne;Martin Ikin",2020-10-30,201368,36,false,azvwtt6iohg3hran3hxv47xn6,2021-10-08T14:08:55Z,"tech house,house","Toolroom",0.708,0.921,5,-5.908,0,0.055,0.000329,0.0297,0.0621,0.456,125.004,4
spotify:track:16h3wrGgYylrFSTLG6yjOx,"Rescue Me","Rescue Me","Matroda",2020-10-16,147970,37,false,azvwtt6iohg3hran3hxv47xn6,2021-10-08T14:08:57Z,"bass house,tech house,g-house,house,electro house","Insomniac Records",0.659,0.939,9,-5.299,0,0.102,0.0817,0.224,0.104,0.226,125.058,4
spotify:track:7K0NRDpluahVsxekmJ3ufu,"Armaghetton - Aeroplane Remix","Armaghetton (Aeroplane Remix)","Marco Faraone;Greeko;Aeroplane",2020-12-11,213826,0,false,azvwtt6iohg3hran3hxv47xn6,2021-10-08T14:08:59Z,"techno,tech house,disco house,funky house,nu disco,house francés,indie dance","Glitterbox Recordings",0.814,0.791,5,-6.794,1,0.0493,0.0405,0.00000304,0.0281,0.899,118.994,4
spotify:track:7tqS7Ywfkz6zVy3aWzip0W,"Jumpin'","Jumpin'","CID;Westend",2021-02-12,155000,0,false,azvwtt6iohg3hran3hxv47xn6,2021-10-08T14:09:00Z,"tech house,house latino,house","Repopulate Mars",0.924,0.69,11,-5.499,0,0.0662,0.00354,0.00435,0.329,0.592,125.959,4
spotify:track:5fR1gKyVaQOFsUe9XWz6Pg,"Riviera","Riviera","Loods",2021-03-12,212313,40,false,azvwtt6iohg3hran3hxv47xn6,2021-10-08T14:09:01Z,"disco house,lo-fi house","Club Sweat",0.722,0.753,2,-6.905,1,0.0347,0.0014,0.849,0.101,0.781,127.018,4
spotify:track:4VJLNHSYjFKpYMt4zTgzcu,"Milkshake","Milkshake","Gettoblaster;Franklyn Watts;Missy",2021-07-16,150476,0,false,azvwtt6iohg3hran3hxv47xn6,2021-10-08T15:53:31Z,"house de chicago,tech house,house latino,techengue,tribal house","Glasgow Underground",0.76,0.925,6,-6.82,0,0.0433,0.00172,0.128,0.0631,0.707,125.974,4
spotify:track:4X0JawZiMgyIclUueaRwI2,"Dazzler","Dazzler","Felix Da Housecat;Gettoblaster;Devon James",2021-09-10,307971,0,false,azvwtt6iohg3hran3hxv47xn6,2021-10-08T15:53:35Z,"electroclash,house de chicago,acid house,tech house","Founders of Filth",0.802,0.904,1,-5.693,1,0.053,0.000685,0.687,0.0849,0.163,125.019,4
spotify:track:0rwcfDbRd4s6aKEsoiDCDg,"Alright Alright","Alright Alright","Gettoblaster",2020-12-03,332000,12,false,azvwtt6iohg3hran3hxv47xn6,2021-10-08T15:53:45Z,"house de chicago,tech house","Spacedisco Records",0.849,0.883,11,-7.046,0,0.046,0.054,0.372,0.151,0.355,125.009,4
spotify:track:7qJ4VRmlOgPVX8QgHRPrtJ,"Wait For You [Mix Cut] - Original Mix","The Sound Of Revealed 2014 (Mixed Version)","Dannic;Shermanology",2014-11-28,322496,0,false,azvwtt6iohg3hran3hxv47xn6,2021-10-08T16:07:48Z,"big room,house progresivo,edm,electro house,tech house,house","Revealed Recordings",0.392,0.896,7,-3.337,1,0.063,0.000067,0.000448,0.232,0.0785,128.078,4
spotify:track:7hlbz0g2tpoBTPvLLEWKWR,"Zero","Zero","Claptone",2021-03-19,191533,31,false,azvwtt6iohg3hran3hxv47xn6,2021-10-08T16:08:38Z,"","Different Recordings",0.623,0.895,1,-5.311,0,0.0342,0.00479,0.0256,0.375,0.677,123.007,4
spotify:track:3RXpeuxTgxqMzqGXVLRiCy,"Forget - Original Mix","Boxed Off","Patrick Topping",2014-04-28,366829,0,false,azvwtt6iohg3hran3hxv47xn6,2021-10-08T16:10:40Z,"tech house","Hot Creations",0.811,0.873,0,-6.71,1,0.0963,0.0474,0.876,0.111,0.911,122.988,4
spotify:track:0mA6S7prjqLkjsDz4zFyxn,"Feel This Way","Feel This Way","Philip George;Dragonette",2016-02-19,237096,50,false,azvwtt6iohg3hran3hxv47xn6,2021-10-08T16:10:48Z,"","All Around The World",0.6,0.883,5,-3.93,0,0.0437,0.0236,0.021,0.709,0.526,124.003,4
spotify:track:7abVGQL6e4jBlasszwLri9,"Nobody","Tell Me It's True","Gorgon City;DRAMA",2021-04-21,199013,13,false,azvwtt6iohg3hran3hxv47xn6,2021-10-08T16:14:13Z,"house,indie soul","EMI",0.696,0.664,1,-8.962,1,0.0275,0.0243,0.0164,0.113,0.263,120.05,4
spotify:track:0rgQp5Pi4C2G8vQrhaTS7b,"The Age Of Love - Jam & Spoon Watch Out For Stella Mix","The Age Of Love","Age Of Love",2009-10-19,408773,0,false,azvwtt6iohg3hran3hxv47xn6,2021-10-08T16:24:02Z,"techno","NEWS",0.737,0.469,1,-15.214,1,0.057,0.0131,0.821,0.0776,0.0956,130.001,4
spotify:track:7yAqzJAp6RaOtiDL4MgKzx,"Canoa","Canoa","DJ Gregory;Gregor Salto",2010,546791,0,false,azvwtt6iohg3hran3hxv47xn6,2021-10-08T16:24:17Z,"tribal house,house latino,funky británico,jazz house,afro tech,afro house,future house","Defected",0.807,0.855,7,-7.001,0,0.062,0.000201,0.836,0.072,0.0575,127.016,4
spotify:track:7yLpUdGa76usENji6lSIHO,"2020 Souls","Dixon Presents Transmoderna Part 2/4","Aaaron",2020-04-10,398897,22,false,azvwtt6iohg3hran3hxv47xn6,2021-10-08T16:32:44Z,"afro tech,house melódico,afro house","Innervisions",0.803,0.742,5,-11.683,1,0.0404,0.00248,0.91,0.145,0.155,121.011,4
spotify:track:5eV4sUsCLKTkrjtNc3eWWV,"Lift Me Up","Lift Me Up","WEISS;Sharlene Hector",2021-06-11,172825,33,false,azvwtt6iohg3hran3hxv47xn6,2021-10-08T16:33:34Z,"house,disco house,drum and bass","Universal-Island Records Ltd.",0.336,0.971,8,-4.758,0,0.0703,0.0516,0.000343,0.124,0.478,122.137,4
spotify:track:7IMwey4zGpmwZviUMUWBLv,"Bando - Endor Radio Remix","Bando (Endor Remix)","ANNA;Endor",2020-06-11,184180,19,false,azvwtt6iohg3hran3hxv47xn6,2021-10-10T18:22:25Z,"trap italiano,concerto","Universal Music Italia srL.",0.795,0.604,9,-9.032,0,0.0878,0.0742,0.683,0.0793,0.5,125.055,4
spotify:track:1bJZQZ0hYcOt1ZhwwvTMtx,"Bando - Endor Club Remix","Bando (Endor Remix)","ANNA;Endor",2020-06-11,338175,17,false,azvwtt6iohg3hran3hxv47xn6,2021-10-10T18:22:33Z,"trap italiano,concerto","Universal Music Italia srL.",0.809,0.667,0,-9.416,1,0.0608,0.00614,0.915,0.0963,0.124,124.998,4
spotify:track:6wWzZ58Bc2aaLeBUsp9UTm,"Low Freq","Metronome EP","Endor",2019-01-18,342977,5,false,azvwtt6iohg3hran3hxv47xn6,2021-10-10T18:24:43Z,"","Simma Black",0.805,0.76,7,-6.156,1,0.0699,0.00195,0.232,0.066,0.568,123.996,4
spotify:track:3rv1hMgpDSEDtbUHOdjYRS,"Never Freak","Never Freak","Endor",2018-12-14,355988,7,false,azvwtt6iohg3hran3hxv47xn6,2021-10-10T18:25:01Z,"","Endor",0.805,0.916,11,-6.016,0,0.0426,0.0000278,0.776,0.0865,0.964,124.988,4
spotify:track:4SlFv02U6SD5nHEfAerD3L,"Dance & Dip - Club VIP","Dance & Dip (Remixes)","Endor",2018-06-08,342525,2,false,azvwtt6iohg3hran3hxv47xn6,2021-10-10T18:25:49Z,"","Strangelove",0.881,0.892,5,-4.008,1,0.0581,0.000576,0.253,0.0582,0.714,124.024,4
spotify:track:2tW2Kn1IGFFVfRVnQE2UaQ,"In My Mind (feat. Georgi Kay) - Axwell Radio Edit","In My Mind (feat. Georgi Kay)","Ivan Gough;Feenixpawl;Georgi Kay;Axwell",2012-05-22,185624,6,false,azvwtt6iohg3hran3hxv47xn6,2021-10-10T20:46:26Z,"edm","Elektra/Big Beat",0.51,0.831,7,-4.514,0,0.0606,0.0435,0.00000314,0.346,0.376,128.025,4
spotify:track:25ZEYUgCJyf3gRxkqYbkIc,"Leave The World Behind - Radio Edit","Leave The World Behind","Axwell;Sebastian Ingrosso;Steve Angello;Laidback Luke;Deborah Cox",2009-05-04,161718,59,false,azvwtt6iohg3hran3hxv47xn6,2021-10-10T20:46:34Z,"edm,house progresivo,big room,electro house,quiet storm","Axtone Records",0.525,0.849,10,-7.727,0,0.0484,0.00232,0.00196,0.322,0.277,128.055,4
spotify:track:1Av5Jjo7q31Iojme6EvBKC,"True Love to the Grave (feat. Claudia Kane)","True Love to the Grave (feat. Claudia Kane)","Maya Jane Coles;Claudia Kane",2021-09-29,191369,0,false,azvwtt6iohg3hran3hxv47xn6,2021-10-11T16:04:21Z,"deep house","I/AM/ME",0.809,0.529,1,-6.167,1,0.0492,0.151,0.162,0.118,0.259,125.979,4
spotify:track:2TETqexWXvMdhbYy7kJrZa,"Nonchalant","Nonchalant","Duck Sauce;A-Trak;Armand Van Helden",2021-08-13,190645,0,false,azvwtt6iohg3hran3hxv47xn6,2021-10-11T16:06:13Z,"disco house","Duck Sauce",0.833,0.895,9,-3.861,0,0.126,0.0055,0.132,0.183,0.78,123.991,4
spotify:track:78Yqfmq11yBeibacqvl4Y4,"Love Reigns","Love Reigns","Mall Grab",2021-07-29,294507,0,false,azvwtt6iohg3hran3hxv47xn6,2021-10-11T16:07:47Z,"lo-fi house","Looking For Trouble, distributed by LG105",0.665,0.865,7,-7.827,1,0.0308,0.000916,0.673,0.233,0.647,132.963,4
spotify:track:5ukTUKLwsaThljUaV6IVAs,"In My Arms (Edit)","Never Enough","Disclosure",2021-08-20,225400,0,false,azvwtt6iohg3hran3hxv47xn6,2021-10-11T16:07:55Z,"house","Disclosure",0.693,0.911,10,-10.002,0,0.0539,0.00355,0.577,0.35,0.147,126.327,4
spotify:track:6FMphYgkefCrVXG5Wd8Xep,"Let's Go Dancing","Let's Go Dancing","Shiba San",2021-03-12,230495,0,false,azvwtt6iohg3hran3hxv47xn6,2021-10-11T16:08:02Z,"g-house,tech house,bass house","Repopulate Mars",0.78,0.627,1,-7.476,1,0.0533,0.00325,0.876,0.0866,0.35,126.021,4
spotify:track:4ZxkCONFfYXeNZ9Dy4G4uT,"My Girls","My Girls","Miane",2021-06-18,213338,0,false,azvwtt6iohg3hran3hxv47xn6,2021-10-11T16:08:48Z,"tech house","Repopulate Mars",0.806,0.97,5,-7.091,0,0.055,0.0272,0.854,0.108,0.81,125.992,4
spotify:track:64HEmeFcnMSiBMLbfah3yx,"Offenbach Anthem","Offenbach Anthem","CINTHIE",2021-06-11,344577,33,false,azvwtt6iohg3hran3hxv47xn6,2021-10-11T16:09:48Z,"acid techno,lo-fi house,disco house","Shall Not Fade",0.632,0.643,0,-7.876,0,0.0475,0.000345,0.926,0.0594,0.755,123.978,4
spotify:track:2nFHaucEPE1dJp6A1AaBgV,"Groove Society","Groove Society","A-Trak;Wongo",2021-08-27,183372,0,false,azvwtt6iohg3hran3hxv47xn6,2021-10-11T16:10:14Z,"disco house,bass house,tech house","Fool's Gold Records",0.845,0.862,1,-7.96,1,0.068,0.0149,0.861,0.103,0.482,129.001,4
spotify:track:46E2xeKBLrxS8hJ37Gq35G,"Billie (loving arms)","Billie (loving arms)","Fred again..",2021-08-31,217265,57,false,azvwtt6iohg3hran3hxv47xn6,2021-10-11T16:10:41Z,"stutter house,house,edm","Atlantic Records UK",0.648,0.775,5,-4.798,1,0.0694,0.0561,0,0.444,0.371,128.072,4
spotify:track:5GiM1m00X51F9MpREgqy23,"19 - Josh Butler Remix","19","Piem;ANNNA;Josh Butler",2021-07-16,186689,0,false,azvwtt6iohg3hran3hxv47xn6,2021-10-11T16:11:06Z,"tech house,deep house,house","DFTD",0.817,0.687,11,-7.272,0,0.0786,0.00205,0.777,0.0685,0.72,125.992,4
spotify:track:7poEAqRqo8n3f7VdtGBI6p,"O Superman - Original","O Superman Remixes - Vinyl 1","M.A.N.D.Y.;Booka Shade;Laurie Anderson",2008-10-01,354160,0,false,azvwtt6iohg3hran3hxv47xn6,2021-10-11T16:52:40Z,"minimal techno,house melódico,techno melódico,electrónica,art pop,avant-garde,art rock,spoken word","Get Physical Music",0.802,0.451,8,-11.606,1,0.101,0.00196,0.836,0.0754,0.234,130.011,4
spotify:track:5ejAJ5T3CGgjwWpr4z7Dy1,"Home - Kollektiv Turmstrasse - Interstellar Mix","Home Remixes (Pt. 2)","M.A.N.D.Y.;Booka Shade;Kollektiv Turmstrasse",2012-02-03,546776,0,false,azvwtt6iohg3hran3hxv47xn6,2021-10-11T16:52:50Z,"minimal techno,house melódico,techno melódico,electrónica","Get Physical Music",0.806,0.519,3,-13.021,0,0.0638,0.000936,0.886,0.0716,0.227,123.005,4
spotify:track:4b93D55xv3YCH5mT4p6HPn,"Ocean Drive","Duality","Duke Dumont",2020-04-17,206320,81,false,azvwtt6iohg3hran3hxv47xn6,2021-10-11T17:50:08Z,"house","EMI",0.67,0.776,8,-4.091,0,0.047,0.00388,0.000184,0.122,0.624,115.034,4
spotify:track:023H4I7HJnxRqsc9cqeFKV,"I Got U","I Got U","Duke Dumont;Jax Jones",2014-01-01,285596,75,false,azvwtt6iohg3hran3hxv47xn6,2021-10-11T17:50:38Z,"house","Blasé Boys Club",0.636,0.761,9,-7.752,0,0.035,0.00377,0.00784,0.0851,0.463,120.837,4
spotify:track:2M2itA0spt6ZXit7l21WMJ,"Lights Go Down","Lights Go Down","Drinks On Me;Why So Low",2021-01-22,151874,51,false,azvwtt6iohg3hran3hxv47xn6,2021-10-11T17:58:12Z,"uk garage,bassline,bass house","BRING THE KINGDOM",0.688,0.707,4,-5.749,0,0.158,0.0999,0.0000937,0.157,0.297,128.032,4
spotify:track:40R6LY6jebfGbcEKp9SnyZ,"High Caliber","High Caliber","Drinks On Me;Event Horizon",2021-06-17,171636,19,false,azvwtt6iohg3hran3hxv47xn6,2021-10-11T17:58:29Z,"uk garage,bassline,bass house,g-house","Monstercat",0.806,0.95,4,-5.342,0,0.0473,0.016,0.425,0.0501,0.54,125.989,4
spotify:track:1EIjtTM4j3veLBfj6gd4Vk,"Won't Look Back","Won’t Look Back","Duke Dumont",2014-01-01,270135,69,false,azvwtt6iohg3hran3hxv47xn6,2021-10-11T18:07:33Z,"house","Blasé Boys Club",0.697,0.879,8,-6.014,0,0.0456,0.00502,0.626,0.171,0.591,124.007,4
spotify:track:4ig58RE2nh8nk8KJNslP7g,"The Power","Duality","Duke Dumont;Zak Abel",2020-04-17,197449,62,false,azvwtt6iohg3hran3hxv47xn6,2021-10-11T18:07:44Z,"house","EMI",0.626,0.829,5,-6.795,0,0.0538,0.00458,0.0597,0.227,0.192,121.943,4
spotify:track:05bUAkDRK3xzvVkZlGU6ee,"Inhale","Inhale","Duke Dumont;Ebenezer",2018-03-15,190730,52,false,azvwtt6iohg3hran3hxv47xn6,2021-10-11T18:07:51Z,"house","EMI",0.741,0.814,2,-4.393,1,0.0646,0.0281,0,0.064,0.476,118.048,4
spotify:track:5v6eZ0jEqgmffx0qGha0yr,"Nightcrawler","Duality","Duke Dumont;Say Lou Lou",2020-04-17,197288,47,false,azvwtt6iohg3hran3hxv47xn6,2021-10-11T18:07:58Z,"house","EMI",0.744,0.699,0,-6.63,1,0.0517,0.00369,0.000234,0.402,0.508,117.99,4
spotify:track:0AlHwHvgbjkRKDaTI6YDHD,"Therapy","Duality","Duke Dumont",2020-04-17,220476,55,false,azvwtt6iohg3hran3hxv47xn6,2021-10-11T18:08:06Z,"house","EMI",0.521,0.888,4,-5.645,0,0.0443,0.00247,0.00108,0.115,0.115,125.986,4
spotify:track:2m3RjRXib3un5AEh08k8Fe,"Recap (with VanJess & Channel Tres)","Recap (with VanJess & Channel Tres)","Kito;VanJess;Channel Tres",2021-02-02,177725,49,true,azvwtt6iohg3hran3hxv47xn6,2021-10-11T19:31:35Z,"r&b alternativo,hip house","Astralwerks",0.771,0.553,11,-8.741,0,0.121,0.0166,0.0000378,0.145,0.484,115.002,4
spotify:track:4Q9NKKycjy7cEDETJfE2EJ,"Tunnel","Cyclorama","Polo & Pan;Channel Tres",2021-06-25,310573,0,false,azvwtt6iohg3hran3hxv47xn6,2021-10-11T19:31:39Z,"indie pop francés,house francés,hip house","Universal Music Division Virgin Records Distribution Deal",0.73,0.505,2,-9.248,1,0.0606,0.119,0.711,0.148,0.38,119.995,4
spotify:track:5dyFpHnCShXfEmDoKIg0J5,"Naked","Naked","TOKiMONSTA;Channel Tres",2021-07-30,218973,0,true,azvwtt6iohg3hran3hxv47xn6,2021-10-11T19:31:43Z,"hip house","Young Art Records",0.868,0.811,1,-5.037,1,0.0358,0.0028,0.000232,0.114,0.791,120.05,4
spotify:track:1WxaFElLjwlqjxVmEZgFIh,"Tunnel - Samaran Remix","Tunnel (Samaran Remix)","Polo & Pan;Channel Tres;Samaran",2021-09-24,290480,0,false,azvwtt6iohg3hran3hxv47xn6,2021-10-11T19:33:08Z,"indie pop francés,house francés,hip house","Universal Music Distribution Deal",0.791,0.566,10,-9.454,0,0.079,0.0159,0.833,0.0995,0.515,126,4
spotify:track:6JxL32LcEK884H0LYmvtp6,"broke down kid interlude","i can't go outside","Channel Tres",2020-12-10,155456,17,true,azvwtt6iohg3hran3hxv47xn6,2021-10-11T19:42:57Z,"hip house","Art For Their Good",0.51,0.426,3,-9.945,1,0.188,0.0292,0.0805,0.101,0.603,104.42,4
spotify:track:3k6dcqiGHWhMNIPqWiWNX8,"skate depot","i can't go outside","Channel Tres",2020-12-10,186423,41,true,azvwtt6iohg3hran3hxv47xn6,2021-10-11T19:42:25Z,"hip house","Art For Their Good",0.89,0.548,0,-9.455,1,0.171,0.136,0.666,0.108,0.706,124.031,4
spotify:track:6nOBTEgsFXbrvLllmya6Jo,"Lekker Flowtje","Ordinary Beats","Klaus Veen",2017-12-14,143543,0,false,azvwtt6iohg3hran3hxv47xn6,2021-10-12T12:44:47Z,"rally house,house","Klaus Veen Records",0.95,0.775,0,-9.003,1,0.396,0.188,0.393,0.0722,0.842,127.126,4
spotify:track:3yTaxxPYCs9OhpToBLzbYa,"Ordinary Days","Ordinary Beats","Klaus Veen",2017-12-14,293802,0,false,azvwtt6iohg3hran3hxv47xn6,2021-10-12T12:44:59Z,"rally house,house","Klaus Veen Records",0.723,0.968,1,-8.136,1,0.164,0.0155,0.772,0.103,0.779,130.685,4
spotify:track:4yeKa9YCe4lUWkPgxlPShj,"Damnson","Pascià","V.I.C.A.R.I.",2016-04-15,374119,8,false,azvwtt6iohg3hran3hxv47xn6,2021-10-14T19:07:58Z,"rally house","Robsoul",0.806,0.948,10,-9.575,0,0.085,0.0000826,0.816,0.0623,0.449,120.033,4
spotify:track:1E3Hiv2sXjQyaevJqgatF9,"911","911","Stan Christ",2021-01-08,293142,0,false,azvwtt6iohg3hran3hxv47xn6,2021-10-20T20:39:10Z,"hard techno,acid techno,techno,tekno,techno hardcore","Revised Records",0.629,0.701,8,-9.598,1,0.0398,0.00325,0.878,0.358,0.0916,140.006,4
spotify:track:5AXjRS3njA9s58KxLfFq9S,"Lethal Zone","Lethal Zone","Stan Christ",2021-04-09,246760,0,false,azvwtt6iohg3hran3hxv47xn6,2021-10-20T20:39:22Z,"hard techno,acid techno,techno,tekno,techno hardcore","Revised Records",0.76,0.988,10,-8.656,0,0.0644,0.000893,0.831,0.104,0.439,142.004,4
spotify:track:7sEwsJK7Ol0J6PFV9nioxu,"Me Provocas","Me Provocas","Dynoro;Fumaratto",2020-04-03,147066,60,false,azvwtt6iohg3hran3hxv47xn6,2021-10-29T08:36:36Z,"guaracha,electrónica","Columbia/B1 Recordings",0.679,0.879,5,-3.321,0,0.0556,0.0115,0.0151,0.343,0.325,126.079,4
spotify:track:4q2azQakSVVyqljRiCZtu3,"Back Tomorrow","Back Tomorrow","Ferreck Dawn;Jem Cooke",2021-10-29,118871,1,false,azvwtt6iohg3hran3hxv47xn6,2021-11-23T21:23:32Z,"tech house,house","Defected Records",0.689,0.791,8,-6.633,1,0.0478,0.0595,0,0.51,0.543,125.012,4
spotify:track:4paaxnKFJoHfL319b7HMTP,"My Own","My Own","Fallon",2021-11-19,201941,0,false,azvwtt6iohg3hran3hxv47xn6,2021-11-23T21:23:48Z,"tech house,house latino,stutter house","Another Rhythm",0.843,0.951,0,-7.296,1,0.142,0.175,0.00291,0.242,0.387,126.03,4
spotify:track:0C3QADQBYFjcSeU8bY7Oex,"Simple Hit","Simple Hit","Dombresky",2019-05-03,219715,0,false,azvwtt6iohg3hran3hxv47xn6,2021-11-24T21:36:39Z,"bass house,tech house,disco house,g-house,house","Insomniac Records",0.631,0.951,5,-6.203,1,0.0439,0.108,0.836,0.173,0.703,124.007,4
spotify:track:4Z6XWYYWSHPvSupNqmbzzE,"Seasons","Night Skanker EP","Lil Silva",2010-05-31,268556,0,false,azvwtt6iohg3hran3hxv47xn6,2021-11-25T19:46:07Z,"funky británico,voguing","Night Slugs",0.743,0.887,0,-3.693,1,0.0403,0.00116,0.822,0.0561,0.573,128.956,4
spotify:track:2TETqexWXvMdhbYy7kJrZa,"Nonchalant","Nonchalant","Duck Sauce;A-Trak;Armand Van Helden",2021-08-13,190645,0,false,azvwtt6iohg3hran3hxv47xn6,2021-11-25T21:25:02Z,"disco house","Duck Sauce",0.833,0.895,9,-3.861,0,0.126,0.0055,0.132,0.183,0.78,123.991,4
spotify:track:3bX36CK7B1HCckuLzqIGkG,"If I Can't Get Down - Mousse T.'s Funky Shizzle Mix","My House From All Angles (Remixes)","Mike Dunn;Mousse T.",2020-08-28,227265,0,false,azvwtt6iohg3hran3hxv47xn6,2021-11-25T21:25:12Z,"house de chicago,disco house,funky house,acid house,house","Classic Music Company",0.837,0.934,0,-3.575,1,0.0876,0.0116,0.627,0.38,0.847,124.044,4
spotify:track:12gAkxV6EmdMJwQI7an4am,"Blessing In This House","Blessing In This House","Picard Brothers",2021-04-30,199789,25,false,azvwtt6iohg3hran3hxv47xn6,2021-11-25T21:29:02Z,"disco house,house francés","Universal-Island Records Ltd.",0.761,0.862,5,-5.942,0,0.267,0.0119,0.0052,0.0866,0.629,121.201,4
spotify:track:7Csd6ozp0Ci3ZDfvRgzrWz,"My Own Way","My Own Way","A-Trak;Ferreck Dawn",2021-01-08,141000,0,false,azvwtt6iohg3hran3hxv47xn6,2021-11-25T21:29:04Z,"disco house,tech house,house","Fool's Gold Records",0.702,0.843,0,-6.292,1,0.0515,0.104,0.014,0.0572,0.227,124.995,4
spotify:track:69yzJe7xXyaTnhAP77Z5sd,"Revolution - Deep In Jersey Mix","Revolution (Deep In Jersey Mix)","Harry Romero",2018-05-18,180020,0,false,azvwtt6iohg3hran3hxv47xn6,2021-11-25T21:29:14Z,"tech house,tribal house","DFTD",0.87,0.839,2,-5.33,1,0.0656,0.0000974,0.344,0.148,0.144,124.014,4
spotify:track:1fKnpml7V0VImOFQA7XXyj,"Funky Town","Funky Town","ACRAZE",2021-02-19,157464,61,false,azvwtt6iohg3hran3hxv47xn6,2021-11-25T21:45:12Z,"tech house","Black Jack Records",0.832,0.904,0,-5.556,1,0.0493,0.00311,0.749,0.311,0.636,124.978,4
spotify:track:1qQt85owTaCya2rQPb52Lv,"Bang Bang","Bang Bang","4B;ACRAZE",2019-11-01,148800,0,true,azvwtt6iohg3hran3hxv47xn6,2021-11-25T21:45:30Z,"jersey club,edm trap,club de baltimore,tech house","Ultra Records",0.811,0.941,9,-2.947,1,0.144,0.0327,0.808,0.868,0.41,150.053,4
spotify:track:1q5XUAzuOJ6GXCFhePKu70,"All I Do","All I Do","Felix Da Housecat;Chris Trucher",2021-01-15,171428,0,false,azvwtt6iohg3hran3hxv47xn6,2021-11-25T21:50:48Z,"electroclash,house de chicago,acid house,disco house","Founders of Filth",0.551,0.985,6,-3.9,1,0.398,0.00125,0.13,0.47,0.242,125.814,4
spotify:track:4V3oJg19fIQCbwhGrBES6Y,"Let It Go (with Marc E. Bassy) - Dom Dolla Remix","Let It Go (with Marc E. Bassy) [Dom Dolla Remix]","Louie Vega;The Martinez Brothers;Marc E. Bassy;Dom Dolla",2020-10-09,279948,0,false,azvwtt6iohg3hran3hxv47xn6,2021-11-25T21:50:53Z,"house de chicago,deep house,house latino,house,disco house,tech house","Defected Records",0.708,0.917,0,-6.481,1,0.0528,0.014,0.0131,0.364,0.741,125.004,4
spotify:track:4xULQ1OH1Rm5EpMhuEWULl,"Your Love","Your Love","SOSA",2020-11-13,165146,59,false,azvwtt6iohg3hran3hxv47xn6,2021-11-25T21:50:59Z,"tech house,house","Ministry of Sound Recordings",0.718,0.86,0,-5.644,0,0.0657,0.0206,0.0915,0.297,0.686,132.04,4
spotify:track:2UjMBCiA9gdDoSguLxrbBP,"Caught In Your Rhythm","Caught In Your Rhythm","GotSome;Clementine Douglas",2020-08-21,191000,45,false,azvwtt6iohg3hran3hxv47xn6,2021-11-25T21:51:02Z,"house latino,techengue,house","Toolroom",0.807,0.519,11,-7.033,1,0.0434,0.0819,0.00885,0.153,0.689,126.988,4
spotify:track:2ZLX6RCcJLp4uoIH2CwivA,"Woodpecker","Woodpecker","Castelle",2020-10-30,206440,39,false,azvwtt6iohg3hran3hxv47xn6,2021-11-25T21:51:03Z,"","ALT:Vision Records",0.807,0.823,11,-9.145,0,0.056,0.000631,0.696,0.305,0.826,122.712,4
spotify:track:0SDs5XBjTMNAbFz5VAUcaJ,"Be Real","KOLTERCAMP, Vol. I","Kolter",2020-07-01,453120,55,false,azvwtt6iohg3hran3hxv47xn6,2021-11-25T21:51:07Z,"house,tech house,lo-fi house","DJOKOCAMP",0.913,0.905,8,-7.608,1,0.138,0.000361,0.666,0.517,0.743,124.992,4
spotify:track:2mhRsvVVfukHWklTrRpnCB,"D.A.N.C.E.","D.A.N.C.E.","Superlover",2021-04-02,275322,0,false,azvwtt6iohg3hran3hxv47xn6,2021-11-25T21:51:08Z,"funky house,disco house,nu disco","Disco Sucks Records",0.825,0.788,10,-8.219,1,0.0528,0.000543,0.9,0.0639,0.764,123.999,4
spotify:track:5fR1gKyVaQOFsUe9XWz6Pg,"Riviera","Riviera","Loods",2021-03-12,212313,40,false,azvwtt6iohg3hran3hxv47xn6,2021-11-25T21:51:12Z,"disco house,lo-fi house","Club Sweat",0.722,0.753,2,-6.905,1,0.0347,0.0014,0.849,0.101,0.781,127.018,4
spotify:track:7tRNDdDcUQqrOPHfIIbzGd,"I’ve Been Missing You","I’ve Been Missing You","Jack Back;Guz;Ferreck Dawn",2021-07-23,167340,31,false,azvwtt6iohg3hran3hxv47xn6,2021-11-25T21:53:02Z,"tech house,house","Sink or Swim",0.767,0.748,7,-8.523,1,0.106,0.199,0.000102,0.186,0.443,125.039,4
spotify:track:5s7nFwGLm6V2PUVhX45Sbi,"Up All Night","Up All Night","OFFAIAH",2021-08-27,161973,0,false,azvwtt6iohg3hran3hxv47xn6,2021-11-25T21:53:07Z,"tech house","DFTD",0.757,0.947,1,-5.388,1,0.0649,0.0311,0.00261,0.148,0.943,122.975,4
spotify:track:7IHKa6nqWvmzXNLYAJlKim,"Vibrating","Vibrating","Redfield",2020-10-09,186235,0,false,azvwtt6iohg3hran3hxv47xn6,2021-11-25T21:53:09Z,"","Ultra Records",0.72,0.837,7,-4.048,1,0.0498,0.0064,0.00000341,0.853,0.414,123.003,4
spotify:track:7BQRqhJtJoXB1pNCvf7VmZ,"Trouble","Trouble","OFFAIAH",2016-07-29,173807,0,false,azvwtt6iohg3hran3hxv47xn6,2021-11-25T21:53:21Z,"tech house","EMI",0.602,0.97,1,-3.492,0,0.0441,0.0133,0.0386,0.138,0.965,124.034,4
spotify:track:302NMTytet6D7F27qHf7SU,"Fuck The System","Fuck The System","Cyberpunkers",2017-07-21,308239,28,false,azvwtt6iohg3hran3hxv47xn6,2021-11-25T22:14:44Z,"electro house,synthwave","High Scream Records",0.664,0.925,1,-4.518,0,0.506,0.00492,0.0000298,0.422,0.258,129.972,4
spotify:track:5PNvgiKSwMdjBsDsgFCFLX,"Slow Down (feat. Jorja Smith) - Vintage Culture & Slow Motion Remix","Slow Down (feat. Jorja Smith) [Vintage Culture & Slow Motion Remix]","Maverick Sabre;Jorja Smith;Vintage Culture;Slow Motion",2020-04-03,181306,73,false,azvwtt6iohg3hran3hxv47xn6,2021-11-26T14:13:01Z,"r&b británico,graves brasileños,electrónica,electro,g-house","Spinnin' Deep",0.881,0.661,11,-7.681,0,0.0343,0.098,0.0187,0.101,0.965,124.023,4
spotify:track:0VdwHBLCTSdrTJFIjWOsEC,"World Hold On (Radio Edit) [Vintage Culture & Dubdogz Remix]","World Hold On (Radio Edit) [Vintage Culture & Dubdogz Remix]","Bob Sinclar;Vintage Culture;Dubdogz;Steve Edwards",2018-05-04,172073,3,false,azvwtt6iohg3hran3hxv47xn6,2021-11-26T14:13:14Z,"house francés,disco house,graves brasileños,electrónica,electro,house","Yellow productions",0.604,0.894,11,-3.796,1,0.199,0.0829,0.000564,0.201,0.669,122.884,4
spotify:track:53ICqRSyTfhrrvNwVSP6am,"Love Tonight (Vintage Culture & Kiko Franco Remix Edit)","Love Tonight (Vintage Culture & Kiko Franco Remix)","Shouse;Vintage Culture;Kiko Franco",2021-03-26,208536,53,false,azvwtt6iohg3hran3hxv47xn6,2021-11-26T14:13:27Z,"graves brasileños,electrónica,electro,afro house","Hell Beach",0.487,0.708,10,-10.38,0,0.0392,0.00019,0.0319,0.2,0.0345,122.917,4
spotify:track:2bbfiUnH4CATlekDS1dxNr,"I Will Find","I Will Find","Vintage Culture;Rooftime",2018-09-28,224733,70,false,azvwtt6iohg3hran3hxv47xn6,2021-11-26T14:13:36Z,"graves brasileños,electrónica,electro","Spinnin' Records",0.922,0.535,6,-8.171,0,0.0484,0.144,0.271,0.552,0.382,123.972,4
spotify:track:1tZC1ktebdhQSlhnFSetLk,"Last Thought (feat. MKLA)","Last Thought (feat. MKLA)","Sonny Fodera;Vintage Culture;MKLA",2021-10-01,238585,36,false,azvwtt6iohg3hran3hxv47xn6,2021-11-26T14:14:03Z,"house,graves brasileños,electrónica,electro,stutter house","Solotoko",0.711,0.656,11,-8.262,0,0.0308,0.00762,0.398,0.121,0.0914,124.005,4
spotify:track:1tSlwo5NzDP6lcNmlA7QKL,"Cigarettes on Patios","Cigarettes on Patios","Öwnboss;Watzgood;SARRIA",2021-02-05,188209,38,false,azvwtt6iohg3hran3hxv47xn6,2021-11-26T14:14:22Z,"graves brasileños,slap house","Youth Energy",0.751,0.817,0,-6.988,1,0.0492,0.00181,0.0303,0.34,0.527,126.03,4
spotify:track:0GTPmh5G40joBg93vcSQNq,"Don't Say Goodbye (feat. Tove Lo)","Don't Say Goodbye (feat. Tove Lo)","Alok;Ilkay Sencan;Tove Lo",2020-09-25,186583,66,false,azvwtt6iohg3hran3hxv47xn6,2021-11-26T14:15:20Z,"graves brasileños,electrónica,slap house,electro house","Columbia/B1 Recordings",0.698,0.719,0,-4.923,0,0.0455,0.00829,0.00000401,0.326,0.364,120.062,4
spotify:track:6fjxgYAEaUc89LnWCmqS34,"Killed by the City","Killed by the City","Bhaskar;Alok",2019-10-11,180000,44,false,azvwtt6iohg3hran3hxv47xn6,2021-11-26T14:15:44Z,"graves brasileños,electrónica,slap house,electro house","Austro Music",0.686,0.763,4,-6.084,0,0.109,0.00766,0.0105,0.397,0.366,123.961,4
spotify:track:31MjSZNfVfzaewXDB5TDv7,"Where’d U Go","Where’d U Go","Bruno Martini;Cat Dealers;Mayra",2021-10-22,162580,21,false,azvwtt6iohg3hran3hxv47xn6,2021-11-26T14:16:45Z,"pop brasileño,graves brasileños,electrónica","Universal Music Ltda.",0.666,0.675,1,-8.325,1,0.046,0.0184,0.0401,0.106,0.136,124.035,4
spotify:track:4RXw5GRcFbOCmWQ85oEguu,"Ghost","Ghost","Bruno Martini",2021-07-16,161951,30,false,azvwtt6iohg3hran3hxv47xn6,2021-11-26T14:17:02Z,"pop brasileño,graves brasileños","Universal Music Ltda.",0.745,0.875,9,-4.589,0,0.0517,0.179,0.000196,0.07,0.905,122.991,4
spotify:track:2V9IXqQbDbfLEZaPtOJPiO,"Attitude","Attitude","Bruno Martini;Kicks",2021-08-27,158109,16,false,azvwtt6iohg3hran3hxv47xn6,2021-11-26T14:17:09Z,"pop brasileño,graves brasileños","Universal Music Ltda.",0.618,0.924,8,-4.62,0,0.222,0.331,0.00105,0.125,0.391,122.903,4
spotify:track:43WYPxyEfIxlIjNlxQGYzc,"Cry About It Later (feat. Luísa Sonza & Bruno Martini)","Cry About It Later (feat. Luísa Sonza & Bruno Martini)","Katy Perry;Luísa Sonza;Bruno Martini",2021-04-23,159285,40,false,azvwtt6iohg3hran3hxv47xn6,2021-11-26T14:17:22Z,"pop,pop brasileño,funk pop,funk brasileño,graves brasileños","Capitol Records",0.676,0.794,2,-4.78,0,0.0366,0.0513,0.000392,0.0723,0.161,125.957,4
spotify:track:6Dy1jexKYriXAVG6evyUTJ,"OUT OUT (feat. Charli XCX & Saweetie)","OUT OUT (feat. Charli XCX & Saweetie)","Joel Corry;Jax Jones;Charli xcx;Saweetie",2021-08-13,162603,74,false,azvwtt6iohg3hran3hxv47xn6,2021-11-26T14:17:41Z,"dance pop,hyperpop,art pop","Atlantic Records UK",0.787,0.833,8,-4.403,1,0.0478,0.018,0.00747,0.0374,0.796,123.97,4
spotify:track:2prnn41CblB8B4yWACDljP,"Love Tonight (David Guetta Remix Edit)","Love Tonight (David Guetta Remix)","Shouse;David Guetta",2021-06-11,158095,76,false,azvwtt6iohg3hran3hxv47xn6,2021-11-26T14:18:09Z,"edm","Hell Beach",0.621,0.989,10,-4.225,0,0.0434,0.015,0.357,0.184,0.0348,126.002,4
spotify:track:5K6Ssv4Z3zRvxt0P6EKUAP,"Heartbreak Anthem (with David Guetta & Little Mix)","Heartbreak Anthem (with David Guetta & Little Mix)","Galantis;David Guetta;Little Mix",2021-05-20,183725,67,false,azvwtt6iohg3hran3hxv47xn6,2021-11-26T14:19:36Z,"edm","Big Beat Records",0.595,0.784,1,-4.878,1,0.102,0.216,0,0.0608,0.479,124.111,4
spotify:track:0siYMEsGrzzzlWLXK5zJfS,"BED","BED","Joel Corry;RAYE;David Guetta",2021-02-26,178087,71,false,azvwtt6iohg3hran3hxv47xn6,2021-11-26T14:19:41Z,"dance pop,edm","Perfect Havoc / Asylum Records",0.671,0.782,6,-4.593,1,0.0341,0.0142,0.00221,0.333,0.618,123.989,4
spotify:track:6feiJqgHqeSvkGUzf11AYs,"Remember (with David Guetta)","Only Honest On The Weekend","Becky Hill;David Guetta",2021-08-27,161386,68,false,azvwtt6iohg3hran3hxv47xn6,2021-11-26T14:19:47Z,"edm","Polydor Records",0.626,0.864,8,-3.12,1,0.0378,0.0682,0,0.087,0.555,123.833,4
spotify:track:1V7bZ9gEIwFQpm8yGxRHNA,"If You Really Love Me (How Will I Know)","If You Really Love Me (How Will I Know)","David Guetta;MistaJam;John Newman",2021-07-02,184390,4,false,azvwtt6iohg3hran3hxv47xn6,2021-11-26T14:19:54Z,"edm","Parlophone UK",0.692,0.883,7,-4.698,1,0.0582,0.0512,0,0.228,0.614,122.984,4
spotify:track:59GJyU1FgV4ApeHE0uvSZV,"Love Is Gone","One More Love","David Guetta;Chris Willis",2010-11-22,186320,37,false,azvwtt6iohg3hran3hxv47xn6,2021-11-26T14:20:19Z,"edm","Parlophone (France)",0.651,0.796,4,-5.303,0,0.0415,0.0108,0.000376,0.466,0.638,127.989,4
spotify:track:1hRFVIy9As8OVRk8B7CrD5,"When Love Takes Over (feat. Kelly Rowland)","One More Love","David Guetta;Kelly Rowland",2010-11-22,191000,60,false,azvwtt6iohg3hran3hxv47xn6,2021-11-26T14:20:32Z,"edm","Parlophone (France)",0.675,0.862,11,-4.614,1,0.0253,0.0165,0.000427,0.169,0.498,129.967,4
spotify:track:0UtQHHHVpQqoW6oHdwyvlG,"On the Dancefloor (feat. will.i.am & apl.de.ap)","One More Love","David Guetta;apl.de.ap;will.i.am",2010-11-22,226320,21,false,azvwtt6iohg3hran3hxv47xn6,2021-11-26T14:20:59Z,"edm,p-pop","Parlophone (France)",0.848,0.864,11,-3.8,0,0.272,0.0252,0.0000822,0.283,0.411,129.998,4
spotify:track:0HLhptvI8NozbOHRLNniFz,"Family (feat. Bebe Rexha, Ty Dolla $ign & A Boogie Wit da Hoodie)","Family (feat. Bebe Rexha, Ty Dolla $ign & A Boogie Wit da Hoodie)","David Guetta;Bebe Rexha;Ty Dolla $ign;A Boogie Wit da Hoodie",2021-10-29,158994,54,false,azvwtt6iohg3hran3hxv47xn6,2021-11-26T14:58:21Z,"edm,trap soul,rap melódico","Atlantic Records",0.687,0.717,11,-6.61,1,0.0755,0.0744,0,0.134,0.685,88.063,4
spotify:track:4laAKIq9ZxBCwf99rauPYb,"Remember","Remember","Becky Hill;David Guetta",2021-06-18,160766,69,false,azvwtt6iohg3hran3hxv47xn6,2021-11-26T14:58:49Z,"edm","Polydor Records",0.612,0.862,8,-2.903,1,0.037,0.041,0,0.0907,0.354,123.849,4
spotify:track:2ttfqpA40dpzzz9QhxnFCv,"Shine Your Light (feat. Akon)","Shine Your Light (feat. Akon)","Master KG;David Guetta;Akon",2021-05-28,189390,50,false,azvwtt6iohg3hran3hxv47xn6,2021-11-26T14:58:58Z,"amapiano,gqom,edm","Elektra France",0.763,0.781,2,-6.004,1,0.0434,0.0267,0.00000961,0.106,0.399,122.989,4
spotify:track:6eIacmhkE82vZlMDnGS7aP,"Bad (feat. Vassy) - Radio Edit","Listen","David Guetta;Showtek;VASSY",2014-11-10,170625,74,false,azvwtt6iohg3hran3hxv47xn6,2021-11-26T14:59:07Z,"edm,hardstyle,big room,electrónica","Parlophone (France)",0.614,0.972,5,-3.927,0,0.088,0.00125,0.0186,0.328,0.411,127.966,4
spotify:track:4cWafPsRizm6woL5j4HNTD,"(It Happens) Sometimes","(It Happens) Sometimes","Jack Back",2018-08-31,202276,1,false,azvwtt6iohg3hran3hxv47xn6,2021-11-26T14:59:32Z,"tech house","Defected Records",0.833,0.886,11,-6.767,1,0.0573,0.000431,0.00451,0.11,0.604,122.025,4
spotify:track:4pD9SWYlUlzj47sUkWtAxp,"Survivor","Survivor / Put Your Phone Down (Low)","Jack Back",2019-03-01,163236,1,false,azvwtt6iohg3hran3hxv47xn6,2021-11-26T14:59:44Z,"tech house","DFTD",0.715,0.87,3,-3.303,1,0.0494,0.00975,0.0927,0.0829,0.305,125.008,4
spotify:track:1h66tR1OkaN8Z4SirC1Dx4,"Just a Little More Love (feat. Chris Willis) - Jack Back 2018 Remix","7","David Guetta;Chris Willis;Jack Back",2018-09-14,204386,38,false,azvwtt6iohg3hran3hxv47xn6,2021-11-26T14:59:59Z,"edm,tech house","Parlophone (France)",0.62,0.86,7,-5.391,1,0.0445,0.00848,0.000141,0.0852,0.0972,127.967,4
spotify:track:7hYvu99xJfuoxIHkNmFrXu,"Gift of Life","Falling / Gift of Life","Emily Nash",2021-11-12,234193,12,false,azvwtt6iohg3hran3hxv47xn6,2021-11-26T15:00:19Z,"","Stress Records",0.777,0.883,6,-7.175,0,0.068,0.0383,0.788,0.0872,0.261,124.041,4
spotify:track:7qY1QnjNuxThxtTz9wMuRo,"Butterflies (feat. Tristan Henry) - Biscits Remix","Butterflies (feat. Tristan Henry) [Biscits Remix]","Vintage Culture;FFLORA;Tristan Henry;Biscits",2021-10-29,214500,23,false,azvwtt6iohg3hran3hxv47xn6,2021-11-26T15:00:29Z,"graves brasileños,electrónica,electro,tech house,tropical house,house","Solotoko",0.799,0.818,6,-7.827,1,0.0485,0.0577,0.393,0.0714,0.918,124.984,4
spotify:track:1239Sq2SqVR55dY3jrDMQx,"Jack Machine","Jack Machine","Dombresky;Noizu",2021-11-05,187086,0,false,azvwtt6iohg3hran3hxv47xn6,2021-11-26T15:00:48Z,"bass house,tech house,disco house,g-house,house","Process Records",0.805,0.958,1,-7.336,1,0.0474,0.0163,0.489,0.039,0.729,127,4
spotify:track:1u2SUX1QkFAlaPKg2nvMbT,"Everybody’s Free (To Feel Good) - Deeper Purpose Remix","Everybody’s Free (To Feel Good) [Deeper Purpose Remix]","Piero Pirupa;Deeper Purpose",2021-05-14,213543,44,false,azvwtt6iohg3hran3hxv47xn6,2021-11-26T15:01:04Z,"tech house,house","Spinnin' Deep",0.76,0.948,9,-4.431,0,0.0413,0.00217,0.895,0.0442,0.713,127.007,4
spotify:track:40TX6kbIsqFfUggyMR3zUW,"Fly","Fly","Dark Heart",2021-11-12,199144,49,false,azvwtt6iohg3hran3hxv47xn6,2021-11-26T15:01:11Z,"deep house","Solotoko",0.877,0.755,1,-4.858,1,0.0533,0.000539,0.829,0.16,0.721,125.001,4
spotify:track:1AB1osCyLLCGVHpQSTfrkE,"Girls Who Like Boys","Girls Who Like Boys","Ali Story",2021-09-24,233194,15,false,azvwtt6iohg3hran3hxv47xn6,2021-11-26T15:01:17Z,"tech house","SIGNAL >> SUPPLY",0.754,0.902,6,-5.26,1,0.0477,0.0446,0.129,0.108,0.791,125.991,4
spotify:track:2cegJfpyiaWXclqj5HRsZG,"Just Feels Tight","Just Feels Tight","FISHER",2021-07-30,197977,2,false,azvwtt6iohg3hran3hxv47xn6,2021-11-26T15:01:25Z,"tech house,house","Catch & Release",0.808,0.994,1,-6.326,1,0.071,0.00153,0.874,0.0686,0.719,127.004,4
spotify:track:2k9kWgFLCiAeRBTmwlGbAv,"What You've Done To Me (feat. Bemendé)","What You've Done To Me (feat. Bemendé)","KREAM;Millean.;Bemendé",2021-09-24,166597,50,false,azvwtt6iohg3hran3hxv47xn6,2021-11-26T15:01:31Z,"techno melódico","Musical Freedom",0.7,0.911,10,-5.414,0,0.056,0.0137,0.65,0.163,0.545,123.996,4
spotify:track:47PaFWNrFixrtForZulyHG,"Reach For Me - Mixed","Jack Back Mixtape (DJ Mix)","Jack Back",2018-09-06,245750,17,false,azvwtt6iohg3hran3hxv47xn6,2021-11-26T15:01:51Z,"tech house","Parlophone (France)",0.812,0.808,2,-9.064,1,0.0587,0.0094,0.485,0.103,0.471,124.998,4
spotify:track:4FKdRSghapt1ikybBAKwJB,"Freedom - Mixed","Jack Back Mixtape (DJ Mix)","David Guetta;CeCe Rogers",2018-09-06,193250,11,false,azvwtt6iohg3hran3hxv47xn6,2021-11-26T15:01:58Z,"edm,house de chicago,acid house,new jack swing","Parlophone (France)",0.682,0.834,7,-9.139,1,0.0683,0.00193,0.677,0.286,0.0618,124.006,4
spotify:track:5sKOZUEnHiETFBENYiXXTg,"Grenade - Mixed","Jack Back Mixtape (DJ Mix)","Jack Back",2018-09-06,220450,9,false,azvwtt6iohg3hran3hxv47xn6,2021-11-26T15:02:05Z,"tech house","Parlophone (France)",0.629,0.83,0,-9.559,1,0.0682,0.0234,0.111,0.256,0.476,124.142,4
spotify:track:41j99qtODS1RjgrDj35Pco,"Inferno - Mixed","Jack Back Mixtape (DJ Mix)","Jack Back",2018-09-06,270850,12,false,azvwtt6iohg3hran3hxv47xn6,2021-11-26T15:02:19Z,"tech house","Parlophone (France)",0.489,0.502,9,-11.393,0,0.0581,0.0171,0.772,0.105,0.262,125.89,4
spotify:track:4Fp8ZgSguu84sc6irLV1la,"Back and Forth - Mixed","Jack Back Mixtape (DJ Mix)","Jack Back",2018-09-06,232950,15,false,azvwtt6iohg3hran3hxv47xn6,2021-11-26T15:02:26Z,"tech house","Parlophone (France)",0.738,0.662,11,-9.13,1,0.0521,0.00607,0.644,0.155,0.645,123.945,4
spotify:track:4JvM2JzkfRjMYy9pexVeRV,"Overtone - Mixed","Jack Back Mixtape (DJ Mix)","Jack Back",2018-09-06,349100,14,false,azvwtt6iohg3hran3hxv47xn6,2021-11-26T15:02:30Z,"tech house","Parlophone (France)",0.698,0.768,0,-8.912,1,0.0325,0.000724,0.843,0.12,0.0581,120.988,4
spotify:track:7vgJ4lyekft94e01rwzx9u,"Pelican - Mixed","Jack Back Mixtape (DJ Mix)","Jack Back",2018-09-06,343400,10,false,azvwtt6iohg3hran3hxv47xn6,2021-11-26T15:02:41Z,"tech house","Parlophone (France)",0.589,0.612,0,-8.554,1,0.0307,0.00121,0.948,0.094,0.198,123.012,3
spotify:track:5lNpPauj0l61lvzCE9ItkZ,"Afterglow - Mixed","Jack Back Mixtape (DJ Mix)","Jack Back",2018-09-06,271450,7,false,azvwtt6iohg3hran3hxv47xn6,2021-11-26T15:02:47Z,"tech house","Parlophone (France)",0.697,0.537,2,-16.052,1,0.0418,0.0351,0.866,0.155,0.032,122.01,4
spotify:track:0x60wfdKqlaepMsHv3BIcb,"Orion - Mixed","Jack Back Mixtape (DJ Mix)","Jack Back",2018-09-06,368100,7,false,azvwtt6iohg3hran3hxv47xn6,2021-11-26T15:02:51Z,"tech house","Parlophone (France)",0.637,0.712,9,-13.386,0,0.0391,0.0438,0.868,0.109,0.137,122.092,4
spotify:track:29XZ8R4Qfh1Tsc5fbK76J2,"Think Think Think - Mixed","Jack Back Mixtape (DJ Mix)","Jack Back",2018-09-06,315700,7,false,azvwtt6iohg3hran3hxv47xn6,2021-11-26T15:03:09Z,"tech house","Parlophone (France)",0.648,0.756,10,-7.484,0,0.0441,0.0131,0.0242,0.093,0.131,128.024,4
spotify:track:24G6NAiI4bsRIfr1BYc2Zp,"What 2 Say - Mixed","Jack Back Mixtape (DJ Mix)","Jack Back",2018-09-06,342800,8,false,azvwtt6iohg3hran3hxv47xn6,2021-11-26T15:03:15Z,"tech house","Parlophone (France)",0.777,0.427,8,-11.98,1,0.0386,0.00384,0.91,0.22,0.225,123.024,4
spotify:track:7mJTL9rv2TUIbWJbSorQcx,"Africa - Jack Back Remix","Africa (Jack Back Remix)","Elephant Heart;Jack Back",2020-04-24,289702,0,false,azvwtt6iohg3hran3hxv47xn6,2021-11-26T15:03:34Z,"tech house","BMG Rights Management (US) LLC",0.769,0.94,3,-5.386,1,0.0488,0.00148,0.804,0.0292,0.499,126.023,4
spotify:track:1sBWIYYhcXxy1fh64LoQJ5,"Superstar DJ","Superstar DJ","Jack Back",2020-03-20,203809,32,false,azvwtt6iohg3hran3hxv47xn6,2021-11-26T15:03:48Z,"tech house","Positiva",0.608,0.98,4,-5.799,0,0.058,0.0217,0.559,0.797,0.0404,126.014,4
spotify:track:1VbEQyxlfq81Y4astMxcie,"Freedom - Low Steppa Remix","Freedom (Low Steppa Remixes)","Jack Back;CeCe Rogers;Low Steppa",2020-01-24,222423,0,false,azvwtt6iohg3hran3hxv47xn6,2021-11-26T15:04:12Z,"tech house,house de chicago,acid house,new jack swing,house","Defected Records",0.684,0.836,4,-7.747,0,0.0708,0.000796,0.0449,0.0957,0.699,124.991,4
spotify:track:5FNUeHVnwf0zII8tqdeWy1,"On Life - Jack Back Remix","On Life (Jack Back Remix)","IDRIS;Jack Back",2019-10-18,250121,13,true,azvwtt6iohg3hran3hxv47xn6,2021-11-26T15:04:24Z,"tech house","7Wallace",0.539,0.773,6,-10.561,0,0.0537,0.0205,0.806,0.0992,0.25,122.974,3
spotify:track:69yJsOLPFJXRoBkJxrsDRJ,"Baianá - Jack Back Remix","Baianá (Jack Back Remix)","Barbatuques;Jack Back",2019-10-04,160374,46,false,azvwtt6iohg3hran3hxv47xn6,2021-11-26T15:04:39Z,"tech house","FFRR",0.65,0.965,2,-4.553,1,0.101,0.00109,0.767,0.107,0.282,124.989,4
spotify:track:09UIve33faNNKL3Kzui0BH,"Put Your Phone Down (Low)","Survivor / Put Your Phone Down (Low)","Jack Back",2019-03-01,177885,0,false,azvwtt6iohg3hran3hxv47xn6,2021-11-26T15:04:57Z,"tech house","DFTD",0.82,0.871,8,-4.203,1,0.0498,0.0115,0.587,0.0751,0.378,126.048,4
spotify:track:73LxMQATrizNqMCTiLvh9u,"2000 Freaks Come Out - Extended Mix","2000 Freaks Come Out","Jack Back;Cevin Fisher",2019-02-22,400625,21,false,azvwtt6iohg3hran3hxv47xn6,2021-11-26T15:05:06Z,"tech house","Toolroom",0.634,0.995,7,-5.292,1,0.0713,0.00155,0.843,0.15,0.563,124.998,4
spotify:track:5TPkN5twDRXvoduqu53HYU,"Overtone","Overtone","Jack Back",2018-08-20,216722,26,false,azvwtt6iohg3hran3hxv47xn6,2021-11-26T15:05:45Z,"tech house","Jack Back",0.627,0.794,0,-6.843,1,0.0341,0.00137,0.725,0.112,0.0479,120.933,4
spotify:track:6ifRfQzeW5HCWEC6hjt4tR,"Cosmic Girl - Original Mix","Cosmic Girl","Jose M;TacoMan;Cool Jei",2018-08-10,398100,3,false,azvwtt6iohg3hran3hxv47xn6,2021-11-26T17:04:46Z,"tech house,house latino,techengue","Blackboard",0.804,0.749,8,-11.215,1,0.0688,0.00543,0.581,0.0865,0.316,126.04,4
spotify:track:2k41cn0Wo2ODitGRQEUNP8,"Hyped Bells - Chus & Ceballos Remix","Algarve 2017 (Compiled by DJ Chus)","Jose M.;Jose M. & Tacoman;Chus & Ceballos",2017-08-25,409427,0,false,azvwtt6iohg3hran3hxv47xn6,2021-11-26T17:05:02Z,"tech house,tribal house","Stereo Productions",0.8,0.748,5,-8.683,0,0.0421,0.00106,0.741,0.113,0.203,122.996,4
spotify:track:0wMZTzTX2RyfpKUelN9HMe,"Paradigm","90's MTV","TacoMan;Raized",2021-04-02,383315,0,false,azvwtt6iohg3hran3hxv47xn6,2021-11-26T17:05:12Z,"tech house","HOTTRAX",0.866,0.803,11,-9.111,1,0.0558,0.00116,0.935,0.0345,0.381,127.001,4
spotify:track:3mcazXNhaAdymoRqJvAai6,"Sunglasses At Night","Sunglasses At Night","Alok;Hollaphonic",2021-07-28,155000,0,false,azvwtt6iohg3hran3hxv47xn6,2021-11-26T17:06:21Z,"graves brasileños,electrónica,slap house,electro house,tech house","CONTROVERSIA",0.722,0.948,11,-5.4,0,0.0566,0.0279,0.664,0.105,0.608,125.029,4
spotify:track:3GWp84cn2f7iCnlOyoRsUO,"Save Me","Save Me","Hollaphonic;Xriss",2020-06-26,200350,22,false,azvwtt6iohg3hran3hxv47xn6,2021-11-26T17:06:36Z,"tech house","Spinnin' Records",0.663,0.833,4,-6.77,1,0.0587,0.0188,0.00371,0.192,0.239,123.964,4
spotify:track:5jzuSWfztaidUHHukaqUs3,"Visions","Visions","Hollaphonic;FFLORA",2021-10-01,163278,0,false,azvwtt6iohg3hran3hxv47xn6,2021-11-26T17:06:46Z,"tech house,graves brasileños,electrónica","CONTROVERSIA",0.677,0.736,1,-7.146,1,0.0531,0.00983,0.0000217,0.189,0.328,122.033,4
spotify:track:2NOmxc48ahVxAqXVSV8gnh,"Together","Together","Hollaphonic",2020-10-27,210483,0,false,azvwtt6iohg3hran3hxv47xn6,2021-11-26T17:06:52Z,"tech house","IN / ROTATION (Insomniac Records)",0.803,0.559,11,-8.332,1,0.0571,0.00192,0.663,0.261,0.524,123.99,4
spotify:track:4w2BwGgNTf5YlX8zbsF4NB,"I'm Every Woman","Masters Series - 90's House Party","Whitney Houston",2009-12-18,286466,16,false,azvwtt6iohg3hran3hxv47xn6,2021-11-26T17:07:23Z,"","Sony Music Entertainment",0.663,0.794,5,-10.372,0,0.0512,0.0223,0.00192,0.169,0.411,119.56,4
spotify:track:6yqVmG8sDSXzLPxe2cbgCA,"Lift Every Voice (Take Me Away) - Classic Boot Mix","Masters Series - 90's House Party","Mass Order",2009-12-18,445733,13,false,azvwtt6iohg3hran3hxv47xn6,2021-11-26T17:07:37Z,"house de chicago","Sony Music Entertainment",0.834,0.578,11,-12.486,1,0.0942,0.00698,0.000337,0.0778,0.833,119.056,4
spotify:track:23MsPptq24Z9wVgLnjcP86,"Where Love Lives - featured on the John Lewis Christmas Advert 2025","Masters Series - 90's House Party","Alison Limerick;Frankie Knuckles;David Morales",2009-12-18,413693,29,false,azvwtt6iohg3hran3hxv47xn6,2021-11-26T17:07:50Z,"house de chicago,acid house,disco house,funky house","Sony Music Entertainment",0.703,0.547,11,-11.175,0,0.037,0.000126,0.024,0.271,0.763,122.007,4
spotify:track:671VhuXGJZhxgtvFR2aeRC,"Moving on Up - M People Master Mix","Masters Series - 90's House Party","M People",2009-12-18,328920,13,false,azvwtt6iohg3hran3hxv47xn6,2021-11-26T17:08:02Z,"","Sony Music Entertainment",0.855,0.743,0,-10.921,0,0.0363,0.0307,0.122,0.14,0.928,125.043,4
spotify:track:0ecW9YapmdOJn2u0pblP0m,"Gallina Cocaina - Club Mix","Gallina Cocaina","Marcos Salas;John Pollõn",2021-10-10,291840,0,true,azvwtt6iohg3hran3hxv47xn6,2021-11-26T17:40:30Z,"tech house","Feynman Records",0.74,0.769,0,-10.016,1,0.05,0.05,0.867,0.599,0.631,124.996,4
spotify:track:5u7uoKVvcijnS1nNwpx83Y,"Don't Call Me Baby - Mousse T. Remix","Don't Call Me Baby (20th Anniversary Edition)","Madison Avenue;Mousse T.",2019-11-15,386000,43,false,azvwtt6iohg3hran3hxv47xn6,2021-11-27T14:25:17Z,"","Vicious",0.786,0.894,10,-7.683,0,0.055,0.171,0.198,0.17,0.53,124.994,4
spotify:track:79qPDRmHmJ5xcU7oyS8CQ1,"Horny - '98 Radio Edit","Horny (Radio Edit's)","Mousse T.;Hot 'N' Juicy",2019-06-21,187826,3,false,azvwtt6iohg3hran3hxv47xn6,2021-11-27T14:25:24Z,"","Peppermint Jam",0.655,0.876,11,-5.929,0,0.0325,0.00017,0.0141,0.0476,0.673,122.862,4
spotify:track:7Fcxck82o0XNDUItzIsO3b,"Do the Boogie","Do the Boogie","Jools Holland;Mousse T.;The Rhythm & Blues Orchestra Horn Section",2021-10-06,213066,8,false,azvwtt6iohg3hran3hxv47xn6,2021-11-27T14:29:00Z,"boogie-woogie,big band,swing","East West Records",0.768,0.806,0,-9.439,1,0.0379,0.222,0.67,0.108,0.743,119.965,4
spotify:track:1eIyOGRRJ2bMn0sy9hfFj1,"Turn Around (Hey What's Wrong With You) - Mousse T.’s Dirty Little Funker Mix","Turn Around (Hey What’s Wrong With You) [Remixes]","Phats & Small;Mousse T.",2020-12-04,176835,5,false,azvwtt6iohg3hran3hxv47xn6,2021-11-27T14:30:05Z,"disco house,funky house","Armada Subjekt",0.757,0.926,1,-4.451,1,0.0569,0.0183,0.626,0.117,0.277,124.984,4
spotify:track:17gnbzWdHVTpyZP6FUvo0E,"Turn Around (Hey What's Wrong With You) - Robosonic Remix","Turn Around (Hey What’s Wrong With You) [Remixes]","Phats & Small;Robosonic",2020-12-04,197243,47,false,azvwtt6iohg3hran3hxv47xn6,2021-11-27T14:30:18Z,"disco house,funky house,tech house","Armada Subjekt",0.759,0.89,1,-10.453,0,0.0465,0.00647,0.476,0.0545,0.721,128.004,4
spotify:track:0MpDjtnKuosWT7Sy7mvwRf,"Turn Around (Hey What's Wrong With You)","Turn Around (Hey What’s Wrong With You) [Remixes]","Phats & Small",2020-12-04,212695,5,false,azvwtt6iohg3hran3hxv47xn6,2021-11-27T14:30:29Z,"disco house,funky house","Armada Subjekt",0.739,0.875,6,-3.645,0,0.0508,0.0044,0.114,0.324,0.928,131.98,4
spotify:track:0Cb30xwhjVKFvNKQyEbWgl,"Turn Around (Hey What's Wrong With You) - Babert Remix","Turn Around (Hey What’s Wrong With You) [Remixes]","Phats & Small;Babert",2020-12-04,207619,5,false,azvwtt6iohg3hran3hxv47xn6,2021-11-27T14:30:36Z,"disco house,funky house,nu disco","Armada Subjekt",0.799,0.856,11,-5.448,1,0.0576,0.0563,0.296,0.361,0.967,126.021,4
spotify:track:571lcLQWO5cclITS1FtCM5,"Hey Hey Hey","Hey Hey Hey","Chemical Surf",2017-05-08,321774,53,false,azvwtt6iohg3hran3hxv47xn6,2021-11-27T18:56:06Z,"graves brasileños,electrónica,electro,g-house","Bunny Tiger",0.797,0.804,2,-7.931,1,0.0712,0.00561,0.858,0.158,0.303,124.004,4
spotify:track:6BdmHmozz9yi5sQFGuefru,"Calypso","Calypso EP","Bauchamp;Round Table Knights",2010-02-22,226574,0,false,azvwtt6iohg3hran3hxv47xn6,2021-11-27T20:45:34Z,"tech house","Made To Play",0.674,0.587,11,-6.655,1,0.407,0.00722,0.929,0.541,0.156,125.996,4
spotify:track:7HLczH4DbnguM9J0c0z5Jg,"Let the Music Play - Alan Fitzpatrick Remix","Let the Music Play (Alan Fitzpatrick Remix)","Shannon;Alan Fitzpatrick",2021-05-14,141369,28,false,azvwtt6iohg3hran3hxv47xn6,2021-12-01T18:37:22Z,"freestyle,hi-nrg,post-disco,techno","UNIDISC MUSIC INC.",0.66,0.714,10,-7.747,0,0.0382,0.0001,0.0682,0.143,0.453,126.009,4
spotify:track:7J4zszAZxAyowZp7gNUIUI,"Bongo Cha Cha Cha","Bongo Cha Cha Cha","Goodboys",2021-05-21,113127,61,false,azvwtt6iohg3hran3hxv47xn6,2021-12-01T18:38:12Z,"","Atlantic Records UK",0.817,0.974,5,-5.703,0,0.0473,0.00664,0.255,0.0651,0.973,126.006,4
spotify:track:77PgWKZzR3KSenmJJ0n9JF,"Money's Gone","Money's Gone","Gamuel Sori",2020-04-17,190435,29,false,azvwtt6iohg3hran3hxv47xn6,2021-12-03T14:08:31Z,"","AFTR:HRS",0.798,0.853,5,-5.598,0,0.0531,0.0368,0.215,0.288,0.395,124.005,4
spotify:track:4bz7uB4edifWKJXSDxwHcs,"Galvanize","Push The Button","The Chemical Brothers;Q-Tip",2005-01-01,393813,73,false,azvwtt6iohg3hran3hxv47xn6,2021-12-03T14:08:51Z,"big beat,dance alternativo,electrónica,breakbeat,hip hop de la costa este","Virgin Records",0.745,0.714,7,-3.681,1,0.0751,0.0141,0.0222,0.363,0.365,104.003,4
spotify:track:6VP67gpEfzgbxgbjsg5Sz6,"Feel The Power","Feel The Power","Will Clarke",2021-03-05,217228,0,false,azvwtt6iohg3hran3hxv47xn6,2021-12-03T14:09:07Z,"tech house,techno","Kneaded Pains",0.541,0.832,11,-8.43,0,0.0361,0.00259,0.823,0.247,0.338,126.007,4
spotify:track:4SH86PVrzO2YbuOGDxzqqs,"Phantom Studies","Phantom Studies","Marcel Dettmann;Ben Klock",2017-01-27,529122,38,false,azvwtt6iohg3hran3hxv47xn6,2021-12-03T19:31:25Z,"minimal techno,techno,dub techno","Ostgut Ton",0.761,0.846,10,-11.08,0,0.0476,0.0108,0.919,0.0986,0.629,129.985,4
spotify:track:2E6WTPlkw9uCQgZ9QzcSBg,"Dawning","Dawning / Deadman Watches The Clock","Marcel Dettmann;Ben Klock",2006-02-20,450826,39,false,azvwtt6iohg3hran3hxv47xn6,2021-12-03T19:31:34Z,"minimal techno,techno,dub techno","Ostgut Ton",0.811,0.481,6,-16.886,0,0.0539,0.0804,0.919,0.0999,0.151,125.006,4
spotify:track:6IxKGyk8csqGtMGLvdvqGU,"October","October","Ben Klock",2008-05-02,524811,23,false,azvwtt6iohg3hran3hxv47xn6,2021-12-03T19:31:42Z,"techno,minimal techno,dub techno","BPitch Control",0.827,0.53,8,-11.348,1,0.126,0.00247,0.789,0.108,0.761,126.003,4
spotify:track:7sgNTIMjlnHb1uUGBR0PlT,"Bad Boy","Phantom Studies","Marcel Dettmann;Ben Klock",2017-01-27,241987,36,false,azvwtt6iohg3hran3hxv47xn6,2021-12-03T19:31:49Z,"minimal techno,techno,dub techno","Ostgut Ton",0.795,0.761,1,-11.779,1,0.0609,0.000152,0.927,0.11,0.738,130.006,4
spotify:track:4MThPR45qHzzS6Tg3WTrwg,"Spatial Sequence Synesthesia","Mixmag Presents Ben Klock","Oscar Mulero",2017-06-23,78786,24,false,azvwtt6iohg3hran3hxv47xn6,2021-12-04T20:28:16Z,"techno,minimal techno,dub techno,acid techno","Mixmag Records",0.793,0.724,11,-9.182,1,0.0698,0.0754,0.854,0.114,0.733,129.995,4
spotify:track:5mgxiAxNIuJtCM8lPnPwXs,"Sentient","Mixmag Presents Ben Klock","Sector Y",2017-06-23,263506,13,false,azvwtt6iohg3hran3hxv47xn6,2021-12-04T20:28:22Z,"acid house","Mixmag Records",0.793,0.733,11,-9.735,0,0.0444,0.28,0.928,0.112,0.196,130.017,4
spotify:track:3Uf8pl64zDJ4rXMHwHCfIl,"Verity Acid","Mixmag Presents Ben Klock","Tin Man",2017-06-23,65586,10,false,azvwtt6iohg3hran3hxv47xn6,2021-12-04T20:28:27Z,"","Mixmag Records",0.339,0.0212,5,-18.951,0,0.0328,0.985,0.948,0.156,0.348,67.742,3
spotify:track:3fNvHHFKHCD8v6Ms777JIF,"The Tenant","Phantom Studies","Marcel Dettmann;Ben Klock",2017-01-27,249328,30,false,azvwtt6iohg3hran3hxv47xn6,2021-12-04T20:28:32Z,"minimal techno,techno,dub techno","Ostgut Ton",0.787,0.492,7,-15.198,1,0.0537,0.00346,0.901,0.107,0.0303,129.014,4
spotify:track:2fHh8rJLuuui0SO4K5pk3A,"Before One - Original Mix","Before One EP","Ben Klock",2009-01-26,444328,28,false,azvwtt6iohg3hran3hxv47xn6,2021-12-04T20:28:37Z,"techno,minimal techno,dub techno","Ostgut Ton",0.839,0.561,7,-14.322,1,0.0453,0.0528,0.845,0.14,0.597,127.996,4
spotify:track:66kwjCn4Iw1IpfinRlAiHG,"Frozen City","Memo 01","Ben Klock",2006-10-06,309200,16,false,azvwtt6iohg3hran3hxv47xn6,2021-12-04T20:28:41Z,"techno,minimal techno,dub techno","BPitch Control",0.91,0.46,3,-10.307,0,0.121,0.0153,0.802,0.0622,0.268,126.995,4
spotify:track:4TGXoru7TEwB4kAXdy7UKS,"A Friend Of A Friend","Ostgut Ton Fünfzehn + 1","Ben Klock;Etapp Kyle",2021-11-05,369320,0,false,azvwtt6iohg3hran3hxv47xn6,2021-12-04T20:28:45Z,"techno,minimal techno,dub techno","Ostgut Ton",0.628,0.529,9,-11.744,0,0.0993,0.128,0.837,0.222,0.431,142.982,4
spotify:track:1BTlAK3TlbGb44ehqhx5qJ,"No One Around","Phantom Studies","Marcel Dettmann;Ben Klock",2017-01-27,274126,30,false,azvwtt6iohg3hran3hxv47xn6,2021-12-04T20:28:49Z,"minimal techno,techno,dub techno","Ostgut Ton",0.648,0.474,7,-13.466,1,0.177,0.145,0.735,0.132,0.413,133.319,4
spotify:track:79pojwWjQoj3z0IbvJrbbJ,"666 Wayz - Instrumental Version","Mixmag Presents Ben Klock","Nick Hook;Vin Sol;MATRiXXMAN",2017-06-23,66800,12,false,azvwtt6iohg3hran3hxv47xn6,2021-12-04T20:29:32Z,"footwork,jersey club,grime,acid house,acid techno,house de chicago,techno,minimal techno","Mixmag Records",0.793,0.824,11,-12.186,1,0.0506,0.0772,0.941,0.116,0.708,130.001,4
spotify:track:098miJhCX9hmJfdv0aG5AC,"Acid Atmosphere","Mixmag Presents Ben Klock","Jordan Fields",2017-06-23,198400,11,false,azvwtt6iohg3hran3hxv47xn6,2021-12-04T20:29:47Z,"house de chicago,acid house","Mixmag Records",0.786,0.582,10,-14.312,0,0.0412,0.268,0.835,0.11,0.26,130.016,4
spotify:track:5bBqTZCP0CgQuXT1nPVdMw,"Trip - Twr72 Remix","Mixmag Presents Ben Klock","Charlotte de Witte;TWR72",2017-06-23,278853,11,false,azvwtt6iohg3hran3hxv47xn6,2021-12-04T20:57:20Z,"techno,acid techno,hard techno,tekno","Mixmag Records",0.781,0.856,1,-6.711,0,0.0401,0.171,0.821,0.093,0.0579,129.995,4
spotify:track:0UHE7hIkFzutOktAPnQKXb,"Untitled","Mixmag Presents Ben Klock","Jeroen Search",2017-06-23,97680,8,false,azvwtt6iohg3hran3hxv47xn6,2021-12-04T20:57:25Z,"","Mixmag Records",0.586,0.684,0,-8.397,1,0.0998,0.263,0.643,0.0988,0.443,129.951,4
spotify:track:6F4XkLwcbqtlb4ZTyUAUtE,"Hardware Jam 4","Mixmag Presents Ben Klock","Truncate",2017-06-23,169333,11,false,azvwtt6iohg3hran3hxv47xn6,2021-12-04T20:57:35Z,"techno,minimal techno,dub techno,acid techno","Mixmag Records",0.789,0.901,4,-7.765,1,0.0621,0.000676,0.869,0.101,0.0369,129.994,4
spotify:track:4Hj5EvSCu8jvmSV0foFUFs,"Patient Zero - Function Remix","Mixmag Presents Ben Klock","Rødhåd;Function",2017-06-23,220200,28,false,azvwtt6iohg3hran3hxv47xn6,2021-12-04T20:57:39Z,"techno,minimal techno,dub techno","Mixmag Records",0.799,0.825,7,-8.741,1,0.0442,0.0144,0.902,0.133,0.556,130.004,4
spotify:track:3hAjFbpxjyUIbbkyQ4wHHu,"Desolate Cities","Mixmag Presents Ben Klock","2AM/FM",2017-06-23,139146,8,false,azvwtt6iohg3hran3hxv47xn6,2021-12-04T20:57:43Z,"acid house","Mixmag Records",0.761,0.947,9,-7.014,1,0.0437,0.000491,0.785,0.208,0.373,130.004,4
spotify:track:0XcDiAXPvYyLErphm1Stkz,"Effect 2","Mixmag Presents Ben Klock","Tensal",2017-06-23,203626,16,false,azvwtt6iohg3hran3hxv47xn6,2021-12-04T20:57:47Z,"acid techno,techno,minimal techno","Mixmag Records",0.62,0.896,11,-9.246,1,0.0466,0.00167,0.866,0.123,0.14,129.997,4
spotify:track:6iCfckA7Tf2rU0SxTcAOHm,"Satellite Type 2","Mixmag Presents Ben Klock","Commix",2017-06-23,228280,9,false,azvwtt6iohg3hran3hxv47xn6,2021-12-04T20:57:52Z,"liquid funk,drum and bass,jungle","Mixmag Records",0.662,0.715,7,-9.101,0,0.0552,0.0392,0.886,0.124,0.212,129.994,4
spotify:track:0zRBXrXneTQPArn9TjrKHm,"Above is Below","Mixmag Presents Ben Klock","Ritzi Lee",2017-06-23,141440,12,false,azvwtt6iohg3hran3hxv47xn6,2021-12-04T20:57:56Z,"techno","Mixmag Records",0.778,0.822,1,-10.868,0,0.0573,0.00578,0.903,0.128,0.175,130.054,4
spotify:track:4mwbuW659PR4YIaXcDgzH0,"Page 1","Mixmag Presents Ben Klock","James Ruskin;DVS1",2017-06-23,189826,29,false,azvwtt6iohg3hran3hxv47xn6,2021-12-04T21:03:56Z,"techno,minimal techno,dub techno","Mixmag Records",0.775,0.657,7,-10.711,1,0.0612,0.000818,0.915,0.228,0.286,130.015,4
spotify:track:6eI1wiWiFy5mInodtPwwll,"Mixmag Presents Ben Klock","Mixmag Presents Ben Klock","Ben Klock",2017-06-23,2568067,14,false,azvwtt6iohg3hran3hxv47xn6,2021-12-04T21:04:01Z,"techno,minimal techno,dub techno","Mixmag Records",0.748,0.753,1,-9.694,1,0.046,0.0246,0.878,0.163,0.143,130,4
spotify:track:62bKCdtXftacQ0geLuwdJd,"The Room","Phantom Studies","Marcel Dettmann;Ben Klock",2017-01-27,287653,15,false,azvwtt6iohg3hran3hxv47xn6,2021-12-04T22:06:58Z,"minimal techno,techno,dub techno","Ostgut Ton",0.645,0.395,7,-10.72,1,0.0598,0.00187,0.909,0.113,0.119,128.033,4
spotify:track:2Z5zO1w26uaSbKoGoJlpZ8,"Prophet Man","Phantom Studies","Marcel Dettmann;Ben Klock",2017-01-27,406947,25,false,azvwtt6iohg3hran3hxv47xn6,2021-12-04T22:07:21Z,"minimal techno,techno,dub techno","Ostgut Ton",0.796,0.55,8,-11.405,0,0.0623,0.00195,0.891,0.106,0.315,127.02,4
spotify:track:307R749wHTGn8xmzkvlb1A,"The World Tonight","Phantom Studies","Marcel Dettmann;Ben Klock",2017-01-27,354742,19,false,azvwtt6iohg3hran3hxv47xn6,2021-12-04T22:07:25Z,"minimal techno,techno,dub techno","Ostgut Ton",0.796,0.48,10,-10.581,0,0.0445,0.0286,0.874,0.107,0.624,130.002,4
spotify:track:6ke8O2qPUt7HYMCvysptzn,"Coney Island - Original Mix","One","Ben Klock",2009-03-09,489813,22,false,azvwtt6iohg3hran3hxv47xn6,2021-12-04T22:07:29Z,"techno,minimal techno,dub techno","Ostgut Ton",0.689,0.78,7,-8.423,1,0.0362,0.168,0.855,0.354,0.0334,126.996,4
spotify:track:6DnCRZW2NCaPZmkPoXzRBB,"Gooldy Sin (feat. Elif Biçer) - Original Mix","One","Ben Klock;Elif Biçer",2009-03-09,462680,17,false,azvwtt6iohg3hran3hxv47xn6,2021-12-04T22:07:33Z,"techno,minimal techno,dub techno","Ostgut Ton",0.762,0.649,8,-11.183,1,0.182,0.106,0.871,0.102,0.346,126.021,4
spotify:track:5BRtUkOocT6qkiJHS46XP7,"Check For Pulse - Original Mix","One","Ben Klock",2009-03-09,381266,19,false,azvwtt6iohg3hran3hxv47xn6,2021-12-04T22:07:36Z,"techno,minimal techno,dub techno","Ostgut Ton",0.846,0.392,6,-12.719,0,0.173,0.0616,0.92,0.112,0.103,127.002,4
spotify:track:5hj0HqaZqLIDlpYMZl3sRK,"Underneath - Original Mix","One","Ben Klock",2009-03-09,297013,28,false,azvwtt6iohg3hran3hxv47xn6,2021-12-04T22:07:40Z,"techno,minimal techno,dub techno","Ostgut Ton",0.818,0.248,9,-22.071,0,0.05,0.884,0.938,0.103,0.249,126.014,4
spotify:track:4Y3PoKFcSQT3vkCTW7RWyz,"Gloaming - Original Mix","One","Ben Klock",2009-03-09,307746,17,false,azvwtt6iohg3hran3hxv47xn6,2021-12-04T22:07:43Z,"techno,minimal techno,dub techno","Ostgut Ton",0.629,0.666,10,-14.269,0,0.0726,0.817,0.886,0.1,0.0567,123.996,4
spotify:track:2hcEh3qobv9sqZPQfCXq1K,"Init One - Original Mix","One","Ben Klock",2009-03-09,177666,19,false,azvwtt6iohg3hran3hxv47xn6,2021-12-04T22:07:47Z,"techno,minimal techno,dub techno","Ostgut Ton",0.35,0.498,8,-22.907,1,0.0617,0.992,0.863,0.161,0.681,120.849,4
spotify:track:0V7cXtm1wGZhHTUzKEXjFq,"Cargo - Original Mix","One","Ben Klock",2009-03-09,299840,7,false,azvwtt6iohg3hran3hxv47xn6,2021-12-04T22:07:50Z,"techno,minimal techno,dub techno","Ostgut Ton",0.541,0.805,7,-12.692,1,0.0648,0.0931,0.953,0.147,0.576,127.98,4
spotify:track:2ZMnmn2vTaPwMwJAVqdnT7,"OK (feat. Elif Biçer) - Original Mix","One","Ben Klock;Elif Biçer",2009-03-09,358186,17,false,azvwtt6iohg3hran3hxv47xn6,2021-12-04T22:07:54Z,"techno,minimal techno,dub techno","Ostgut Ton",0.707,0.404,6,-11.91,1,0.0367,0.199,0.805,0.183,0.489,123.992,4
spotify:track:3TwPZ7h7G6b0QQo5FLar2h,"In A While - Original Mix","One","Ben Klock",2009-03-09,239173,33,false,azvwtt6iohg3hran3hxv47xn6,2021-12-04T22:07:57Z,"techno,minimal techno,dub techno","Ostgut Ton",0.655,0.648,2,-16.227,1,0.0426,0.943,0.934,0.126,0.627,126.987,4
spotify:track:1eSnYNxMj8RlYr5LXXI2lJ,"Init Two - Original Mix","One","Ben Klock",2009-03-09,307570,10,false,azvwtt6iohg3hran3hxv47xn6,2021-12-04T22:08:01Z,"techno,minimal techno,dub techno","Ostgut Ton",0.525,0.78,1,-11.987,1,0.0367,0.812,0.873,0.114,0.45,123.997,4
spotify:track:3B9XvmwuYiiXRVC3cejRmi,"Gold Rush - Original Mix","One","Ben Klock",2009-03-09,403840,7,false,azvwtt6iohg3hran3hxv47xn6,2021-12-04T22:08:04Z,"techno,minimal techno,dub techno","Ostgut Ton",0.703,0.566,0,-10.54,1,0.739,0.0000696,0.463,0.352,0.417,137.961,4
spotify:track:7h5yx3RNlpwSyuMs5mdiLX,"Grip - Original Mix","One","Ben Klock",2009-03-09,295173,23,false,azvwtt6iohg3hran3hxv47xn6,2021-12-04T22:08:07Z,"techno,minimal techno,dub techno","Ostgut Ton",0.798,0.534,6,-12.142,0,0.103,0.0615,0.937,0.111,0.416,124.994,4
spotify:track:5wxhEFhjjWCVRuXOpP2JGL,"Thirteen Rounds - Original Mix","One","Ben Klock",2009-03-09,255960,21,false,azvwtt6iohg3hran3hxv47xn6,2021-12-04T22:08:32Z,"techno,minimal techno,dub techno","Ostgut Ton",0.972,0.428,7,-13.378,1,0.0568,0.00114,0.932,0.109,0.0481,123.003,4
spotify:track:4iEUfCLVDNFbCtMq9NiaJx,"Blank Scenario","Scenario","Marcel Dettmann;Ben Klock",2007-11-26,394946,15,false,azvwtt6iohg3hran3hxv47xn6,2021-12-04T22:08:35Z,"minimal techno,techno,dub techno","Ostgut Ton",0.801,0.674,4,-17.201,0,0.0571,0.0000557,0.972,0.112,0.0363,127.002,4
spotify:track:2qZkbL4xmaT8zsDpNFlfbC,"Renumber","Scenario","Marcel Dettmann;Ben Klock",2007-11-26,341573,23,false,azvwtt6iohg3hran3hxv47xn6,2021-12-04T22:08:38Z,"minimal techno,techno,dub techno","Ostgut Ton",0.797,0.601,7,-15.589,1,0.0482,0.119,0.866,0.111,0.0337,127.01,4
spotify:track:5Zt0iCX1W29hCENBDVyJzL,"Scenario","Scenario","Marcel Dettmann;Ben Klock",2007-11-26,501840,18,false,azvwtt6iohg3hran3hxv47xn6,2021-12-04T22:08:41Z,"minimal techno,techno,dub techno","Ostgut Ton",0.795,0.571,4,-16.356,0,0.0422,0.0307,0.945,0.115,0.163,126.994,4
spotify:track:49PwqHFH5TyrdMHscU01Bh,"Places Like This","Scenario","Marcel Dettmann;Ben Klock",2007-11-26,441666,21,false,azvwtt6iohg3hran3hxv47xn6,2021-12-04T22:08:45Z,"minimal techno,techno,dub techno","Ostgut Ton",0.823,0.336,0,-19.172,0,0.111,0.00392,0.921,0.116,0.581,127.012,4
spotify:track:717oS3MsrcXiJJh3cYXdO4,"Dawning Revisited","Scenario","Marcel Dettmann;Ben Klock",2007-11-26,536173,32,false,azvwtt6iohg3hran3hxv47xn6,2021-12-04T22:08:48Z,"minimal techno,techno,dub techno","Ostgut Ton",0.822,0.538,1,-12.245,1,0.233,0.0529,0.895,0.111,0.0959,125.001,4
spotify:track:4XYN1DvuS6Gs5hXX92JJMa,"Viscoplastic","Tracks from 07","Ben Klock",2011-02-07,373413,15,false,azvwtt6iohg3hran3hxv47xn6,2021-12-04T22:08:51Z,"techno,minimal techno,dub techno","Deeply Rooted House",0.932,0.407,1,-13.083,1,0.1,0.0262,0.887,0.0794,0.243,124.03,4
spotify:track:2O33npvS2GUWQ4OLQtkjaS,"Red Alert","Tracks from 07","Ben Klock",2011-02-07,404253,6,false,azvwtt6iohg3hran3hxv47xn6,2021-12-04T22:08:54Z,"techno,minimal techno,dub techno","Deeply Rooted House",0.749,0.722,7,-6.978,1,0.0886,0.00239,0.8,0.116,0.104,128.004,4
spotify:track:66bfuV2IIz3uLUACAtMh7b,"Compression Session 1","Compression Session","Ben Klock",2010-11-22,378425,13,false,azvwtt6iohg3hran3hxv47xn6,2021-12-04T22:08:57Z,"techno,minimal techno,dub techno","Ostgut Ton",0.784,0.729,1,-10.018,1,0.198,0.101,0.547,0.102,0.0745,127.011,4
spotify:track:1LTjvn73AYdhSxxEC4BtJT,"Static Test","Compression Session","Ben Klock",2010-11-22,327209,4,false,azvwtt6iohg3hran3hxv47xn6,2021-12-04T22:09:00Z,"techno,minimal techno,dub techno","Ostgut Ton",0.795,0.846,6,-12.752,0,0.0743,0.00011,0.878,0.0848,0.211,129.011,4
spotify:track:5bpdvIly00nP9wSlkqRqQ5,"Compression Session 2","Compression Session","Ben Klock",2010-11-22,330232,5,false,azvwtt6iohg3hran3hxv47xn6,2021-12-04T22:09:04Z,"techno,minimal techno,dub techno","Ostgut Ton",0.706,0.653,10,-11.53,0,0.0524,0.0203,0.943,0.0967,0.451,128.995,4
spotify:track:5aTlPUJkxvyh3Z2ggyLDZT,"Goodly Sin feat. Elif Biçer - Robert Hood Remix","Remixes","Ben Klock;Elif Biçer",2009-08-24,450000,8,false,azvwtt6iohg3hran3hxv47xn6,2021-12-04T22:09:07Z,"techno,minimal techno,dub techno","Ostgut Ton",0.579,0.867,1,-10.103,1,0.12,0.0126,0.496,0.176,0.203,129.038,4
spotify:track:5UrqauAXLNly3howCvXTCF,"Subzero - Function-Regis aka Sandwell District Remix","Remixes","Ben Klock",2009-08-24,369000,17,false,azvwtt6iohg3hran3hxv47xn6,2021-12-04T22:09:11Z,"techno,minimal techno,dub techno","Ostgut Ton",0.782,0.543,1,-13.425,0,0.0675,0.00482,0.878,0.0933,0.527,124.997,4
spotify:track:6eD1DCwDEqHiPWT4OZ46jW,"OK feat. Elif Biçer - Kenny Larkin Remix","Remixes","Ben Klock;Elif Biçer",2009-08-24,499000,5,false,azvwtt6iohg3hran3hxv47xn6,2021-12-04T22:09:22Z,"techno,minimal techno,dub techno","Ostgut Ton",0.862,0.493,5,-10.119,0,0.136,0.000147,0.849,0.134,0.43,124.998,4
spotify:track:6sra73ZyIjgYFRJpRaAH7j,"Napoleon Hill - Original Mix","Before One EP","Ben Klock",2009-01-26,358469,27,false,azvwtt6iohg3hran3hxv47xn6,2021-12-04T22:09:26Z,"techno,minimal techno,dub techno","Ostgut Ton",0.866,0.837,6,-10.712,0,0.0905,0.041,0.718,0.0885,0.412,124.013,4
spotify:track:4lXRQfKeOTonGF0Nr08S0L,"Init Two - Original Mix","Before One EP","Ben Klock",2009-01-26,307570,14,false,azvwtt6iohg3hran3hxv47xn6,2021-12-04T22:09:31Z,"techno,minimal techno,dub techno","Ostgut Ton",0.525,0.78,1,-11.987,1,0.0367,0.812,0.873,0.114,0.45,123.997,4
spotify:track:6FUYdRxGA1Dawu0aUc6nKM,"Similarity","October","Ben Klock",2008-05-02,426656,6,false,azvwtt6iohg3hran3hxv47xn6,2021-12-04T22:09:34Z,"techno,minimal techno,dub techno","BPitch Control",0.798,0.589,7,-14.987,1,0.0607,0.0594,0.938,0.11,0.038,125.014,4
spotify:track:04hqKnRI6zx4E5BRf6S9DJ,"Czeslawa","Czeslawa / Warszawa","Ben Klock",2007-02-05,454813,6,false,azvwtt6iohg3hran3hxv47xn6,2021-12-04T22:09:37Z,"techno,minimal techno,dub techno","Ostgut Ton",0.807,0.683,6,-14.397,0,0.0654,0.546,0.866,0.106,0.075,124.978,4
spotify:track:49StxBVUyIXTNzQcNgXZYZ,"Warszawa","Czeslawa / Warszawa","Ben Klock",2007-02-05,452026,14,false,azvwtt6iohg3hran3hxv47xn6,2021-12-04T22:09:41Z,"techno,minimal techno,dub techno","Ostgut Ton",0.808,0.869,10,-11.924,1,0.0552,0.194,0.93,0.105,0.571,126.014,4
spotify:track:76wHn3Fky2rBq5DfnVnKQx,"Earthquake","Memo 01","Ben Klock",2006-10-06,378093,6,false,azvwtt6iohg3hran3hxv47xn6,2021-12-04T22:09:44Z,"techno,minimal techno,dub techno","BPitch Control",0.782,0.501,0,-12.369,1,0.0618,0.00643,0.854,0.111,0.226,127.965,4
spotify:track:5p7Q0L9T5eZU8v7FrPeYhO,"Lumo","Memo 01","Ben Klock",2006-10-06,317173,1,false,azvwtt6iohg3hran3hxv47xn6,2021-12-04T22:09:47Z,"techno,minimal techno,dub techno","BPitch Control",0.802,0.685,10,-10.805,0,0.0721,0.00124,0.82,0.0955,0.629,130.002,4
spotify:track:1B6dnuCfCaPAc9crQcG2p2,"Land of Milk & Honey","Memo 01","Ben Klock",2006-10-06,320186,2,false,azvwtt6iohg3hran3hxv47xn6,2021-12-04T22:09:50Z,"techno,minimal techno,dub techno","BPitch Control",0.805,0.586,7,-12.134,1,0.141,0.0953,0.861,0.087,0.195,127.013,4
spotify:track:4QTIiFH7GpVWSlenpj2qlZ,"Back","Memo 02","Ben Klock",2006-10-06,392186,4,false,azvwtt6iohg3hran3hxv47xn6,2021-12-04T22:09:54Z,"techno,minimal techno,dub techno","BPitch Control",0.8,0.553,7,-14.458,1,0.0862,0.0793,0.865,0.101,0.0408,126.042,4
spotify:track:1xxIDggN8DA8ldNjHdi2B1,"Radio City","Memo 02","Ben Klock",2006-10-06,336786,2,false,azvwtt6iohg3hran3hxv47xn6,2021-12-04T22:09:57Z,"techno,minimal techno,dub techno","BPitch Control",0.799,0.675,11,-14.171,0,0.0892,0.00402,0.883,0.0688,0.188,128.01,4
spotify:track:5RzUACjiuFfPtVzGsW3S3h,"Journey","Memo 02","Ben Klock",2006-10-06,398280,15,false,azvwtt6iohg3hran3hxv47xn6,2021-12-04T22:10:01Z,"techno,minimal techno,dub techno","BPitch Control",0.708,0.604,4,-14.249,1,0.0678,0.114,0.875,0.115,0.565,128.023,3
spotify:track:2o6upmB7ZEmbfUQWEYluhr,"Arjuna","Memo 02","Ben Klock",2006-10-06,378080,5,false,azvwtt6iohg3hran3hxv47xn6,2021-12-04T22:10:04Z,"techno,minimal techno,dub techno","BPitch Control",0.787,0.581,6,-13.114,0,0.0588,0.000062,0.643,0.0897,0.336,130.023,4
spotify:track:1FSF0Cv2WE4mVCHxj6CzBN,"Big Time","Big Time","Ben Klock",2006-10-06,440293,9,false,azvwtt6iohg3hran3hxv47xn6,2021-12-04T22:10:07Z,"techno,minimal techno,dub techno","BPitch Control",0.819,0.598,1,-9.834,1,0.0846,0.00652,0.725,0.104,0.236,128.001,4
spotify:track:0ISSggBbg4coYOncyC6mxK,"Point Blank","Big Time","Ben Klock",2006-10-06,440773,6,false,azvwtt6iohg3hran3hxv47xn6,2021-12-04T22:10:10Z,"techno,minimal techno,dub techno","BPitch Control",0.812,0.584,6,-12.378,0,0.0584,0.00757,0.785,0.0997,0.319,126.994,4
spotify:track:4zFgbD83Pe4uD0LHPrQjzb,"Dead Man Watches The Clock","Dawning / Deadman Watches The Clock","Marcel Dettmann;Ben Klock",2006-02-20,446026,19,false,azvwtt6iohg3hran3hxv47xn6,2021-12-04T22:10:14Z,"minimal techno,techno,dub techno","Ostgut Ton",0.783,0.646,7,-12.02,1,0.0439,0.000766,0.88,0.0931,0.167,127.974,4
spotify:track:69J66Ql5iuImUQXbhilIij,"Glow","Glow","Ben Klock",2003,291026,1,false,azvwtt6iohg3hran3hxv47xn6,2021-12-04T22:10:17Z,"techno,minimal techno,dub techno","BPitch Control",0.853,0.368,5,-8.636,1,0.0545,0.00404,0.831,0.11,0.63,129.98,4
spotify:track:2j0s2m0r6qtD68teHcGMuV,"Captain Future","Glow","Ben Klock",2003,309466,4,false,azvwtt6iohg3hran3hxv47xn6,2021-12-04T22:10:20Z,"techno,minimal techno,dub techno","BPitch Control",0.797,0.533,8,-10.588,1,0.085,0.0295,0.886,0.109,0.56,131.032,4
spotify:track:0pPy1Ttiuuswi6R3oeTXPD,"Tag der Arbeit","Tag der Arbeit","Ben Klock",2003,372920,14,false,azvwtt6iohg3hran3hxv47xn6,2021-12-04T22:10:24Z,"techno,minimal techno,dub techno","BPitch Control",0.797,0.544,8,-10.62,1,0.0457,0.00379,0.927,0.0935,0.578,133.002,4
spotify:track:6KsanuhSJURqEIDCjdQ0ck,"Invasion","Tag der Arbeit","Ben Klock",2003,372893,12,false,azvwtt6iohg3hran3hxv47xn6,2021-12-04T22:10:27Z,"techno,minimal techno,dub techno","BPitch Control",0.85,0.528,0,-9.381,1,0.0525,0.0107,0.748,0.105,0.628,128.005,4
spotify:track:2C5XYi3CzJzmwFBOzZFi12,"Sweat (On The Walls)","Sweat (On The Walls)","John Tejada",2017-11-10,349520,0,false,azvwtt6iohg3hran3hxv47xn6,2021-12-10T18:35:45Z,"minimal techno,lo-fi house,idm","Defected Records",0.807,0.622,2,-9.285,1,0.063,0.00072,0.899,0.101,0.614,126.989,4
spotify:track:11LPEAMF3f6tqSga1QYHCr,"Running","Klockworks 05","DVS1",2009-09-01,479999,26,false,azvwtt6iohg3hran3hxv47xn6,2021-12-10T18:35:52Z,"minimal techno,techno,dub techno","Klockworks",0.539,0.655,1,-11.447,0,0.0971,0.0686,0.945,0.104,0.473,135.078,4
spotify:track:1NSuao7JfgbZB0cE85M87h,"Exile 007 B2","EXILE 007","Johannes Heil",2017-04-27,419351,36,false,azvwtt6iohg3hran3hxv47xn6,2021-12-10T18:35:56Z,"techno,acid techno,dub techno,minimal techno","EXILE",0.802,0.588,10,-11.046,0,0.0595,0.0299,0.878,0.0822,0.0506,128.989,4
spotify:track:2sW7CSAb02YOAF32uRXBbX,"Black Russian","Klockworks 13","DVS1",2014-07-15,391611,34,false,azvwtt6iohg3hran3hxv47xn6,2021-12-10T19:18:15Z,"minimal techno,techno,dub techno","Klockworks",0.818,0.549,6,-10.481,0,0.0592,0.109,0.869,0.109,0.416,130.009,4
spotify:track:5l3TZLe5uEk7vdXbHghZZW,"Rej","Rej EP","Âme",2005,488920,45,false,azvwtt6iohg3hran3hxv47xn6,2021-12-10T19:18:27Z,"minimal techno,house melódico,techno melódico","Engoli",0.784,0.771,1,-7.954,1,0.05,0.0198,0.902,0.105,0.312,125.009,4
spotify:track:0pzgYMgjpOJPVSvGMA89l1,"BX 3 - Original Mix","Berghain 03 - Part II","Len Faki",2009-05-04,554635,30,false,azvwtt6iohg3hran3hxv47xn6,2021-12-10T19:18:31Z,"techno,minimal techno,acid techno,dub techno","Ostgut Ton",0.783,0.507,7,-10.833,1,0.159,0.00437,0.785,0.107,0.18,124.975,4
spotify:track:1zGGH6DQDHxQzN2ZOzuC1h,"Break Away","Klockworks 08","DVS1",2011-12-01,338279,21,false,azvwtt6iohg3hran3hxv47xn6,2021-12-10T19:18:35Z,"minimal techno,techno,dub techno","Klockworks",0.799,0.69,5,-7.636,0,0.0514,0.00105,0.716,0.0926,0.506,135.003,4
spotify:track:73dMZj7FhAQpeSR8nKydHw,"Hexagon","Fernweh","Heiko Laux",2014-12-12,355935,25,false,azvwtt6iohg3hran3hxv47xn6,2021-12-10T19:21:10Z,"dub techno,minimal techno,techno,acid techno","Kanzleramt Music",0.797,0.608,1,-8.149,1,0.0618,0.0245,0.892,0.0774,0.262,127.987,4
spotify:track:6zaqxHMrQC3w03wQBPMqXV,"Target Line","Anxious","Rødhåd;Vril",2017-11-24,485458,0,false,azvwtt6iohg3hran3hxv47xn6,2021-12-10T19:21:20Z,"techno,minimal techno,dub techno,idm,ambient","Dystopian",0.605,0.74,10,-10.426,0,0.0313,0.000713,0.695,0.112,0.0657,128,4
spotify:track:3pGVUxEMd499IevQvhJBiu,"Electric","Berghain 07, Pt. II","DVS1",2015-05-18,444755,27,false,azvwtt6iohg3hran3hxv47xn6,2021-12-10T19:21:24Z,"minimal techno,techno,dub techno","Ostgut Ton",0.771,0.473,6,-11.977,0,0.0709,0.462,0.939,0.105,0.12,130.016,4
spotify:track:5WsDRf1ldzeP97rs7lhSDi,"Pain In The Ass - Original Mix","Pain In The Ass","Nina Kraviz",2009-12-06,400373,0,true,azvwtt6iohg3hran3hxv47xn6,2021-12-10T19:26:24Z,"techno,minimal techno","Rekids",0.84,0.453,1,-10.828,1,0.0612,0.00146,0.419,0.0799,0.353,119.004,4
spotify:track:5YDbSfN5oKWBoeyf9nBA38,"Rave","Satellite","Sam Paganini",2014-09-29,405699,1,false,azvwtt6iohg3hran3hxv47xn6,2021-12-10T19:26:42Z,"techno,minimal techno,acid techno","Drumcode",0.763,0.807,5,-7.399,0,0.044,0.000137,0.909,0.295,0.33,124.989,4
spotify:track:3zeKlJgRl8Igg7ofkNqqSK,"Atol - 2014 Remaster","Surgeon (2014 Remaster)","Surgeon",2014-09-15,273546,29,false,azvwtt6iohg3hran3hxv47xn6,2021-12-10T19:27:06Z,"minimal techno,techno,idm,dub techno,acid techno","SRX",0.784,0.936,1,-9.272,1,0.0813,0.000206,0.888,0.104,0.369,127.935,3
spotify:track:51BVOKoQ8BN4aWnsNySkqP,"A Lost Era","Variations","Gesaffelstein",2010-11-09,560809,27,false,azvwtt6iohg3hran3hxv47xn6,2021-12-10T19:28:17Z,"","Turbo Recordings",0.786,0.958,11,-4.15,0,0.0445,0.00159,0.833,0.0848,0.155,125.099,4
spotify:track:2f2Fn2fHW3B2lUxMHWiW3G,"The Wall","Béton Brut","Rødhåd",2013-09-02,451154,0,false,azvwtt6iohg3hran3hxv47xn6,2021-12-10T19:34:46Z,"techno,minimal techno,dub techno","Dystopian",0.715,0.334,9,-11.793,0,0.105,0.0106,0.953,0.101,0.353,128.002,4
spotify:track:0LG0XwV3KdCgHsGrqN1u4u,"Marionette","Marionette","Mathew Jonson",2005-02-01,682922,35,false,azvwtt6iohg3hran3hxv47xn6,2021-12-10T19:41:04Z,"minimal techno","Freedom Engine",0.598,0.514,11,-12.906,1,0.0339,0.378,0.79,0.103,0.577,128.898,4
spotify:track:5bizN7qm3pYun8T8Bh8Anm,"Protocol","The XX Files","MATRiXXMAN",2013-07-23,365669,0,false,azvwtt6iohg3hran3hxv47xn6,2021-12-10T19:41:12Z,"acid techno,techno,acid house,minimal techno","Fifth Wall Records",0.794,0.957,7,-11.417,1,0.0775,0.0000743,0.961,0.133,0.0307,127.001,4
spotify:track:54UKFQNl4WPxiQMUdKDrcq,"Spastik (Dubfire Rework)","Nostalgik.3","Plastikman;Richie Hawtin;Dubfire",2007-11-15,570853,25,false,azvwtt6iohg3hran3hxv47xn6,2021-12-10T19:41:36Z,"minimal techno,acid house,idm,acid techno,dub techno,techno,tech house","Minus",0.792,0.952,11,-8.272,1,0.049,0.0000392,0.9,0.059,0.0419,127.989,4
spotify:track:76hOvPvs6Fvd98IbKg8Iym,"Stranger (To Stability) - Len Faki Podium Mix","Stranger (To Stability)","Dustin Zahn;Len Faki",2019-09-27,547103,0,false,azvwtt6iohg3hran3hxv47xn6,2021-12-10T19:41:48Z,"techno,minimal techno,acid techno,dub techno","Rekids",0.607,0.816,6,-6.718,0,0.05,0.0000167,0.869,0.1,0.222,125.018,4
spotify:track:5ccfh8VwYQZK9SYOBpvaOz,"Sakura","Klockworks 16","Etapp Kyle",2015-11-24,309220,36,false,azvwtt6iohg3hran3hxv47xn6,2021-12-10T19:41:54Z,"dub techno,minimal techno,techno","Klockworks",0.632,0.688,3,-16.725,0,0.0462,0.912,0.92,0.0999,0.662,126.993,1
spotify:track:3o7UOxDjEoR4OlZDlMRHXG,"Acid Morning","Acid Morning","Boston 168",2015-05-15,414406,27,false,azvwtt6iohg3hran3hxv47xn6,2021-12-10T19:41:57Z,"acid techno,techno,acid house,minimal techno","Enemy Records",0.629,0.901,10,-9.656,0,0.0588,0.399,0.901,0.141,0.111,125.002,3
spotify:track:7q52c0D6HcEqyTqAb5XAed,"Control","Control","Shifted",2011,426780,31,false,azvwtt6iohg3hran3hxv47xn6,2021-12-10T19:42:10Z,"dub techno,minimal techno,techno","Mote Evolver",0.703,0.846,7,-8.661,1,0.0794,0.146,0.897,0.117,0.43,127.001,4
spotify:track:0ISxyAhfop0MoMeAUw72RN,"The Bells","SIGHT SOUND AND SPACE","Jeff Mills",2019-09-23,285413,54,false,azvwtt6iohg3hran3hxv47xn6,2021-12-10T19:42:14Z,"techno,minimal techno","Axis Records",0.616,0.995,7,-3.647,1,0.114,0.000372,0.952,0.112,0.772,137.514,4
spotify:track:6X6HG13dquCcvynTTiUlDu,"Everywhere You Go - Villalobos Celestial Voice Amnesia Resurrection Mix","Everywhere You Go","Mari Kvien Brunvoll;Ricardo Villalobos",2014-03-24,1712000,37,false,azvwtt6iohg3hran3hxv47xn6,2021-12-10T19:42:18Z,"minimal techno,dub techno","Jazzland Recordings",0.809,0.362,1,-15.965,0,0.164,0.00012,0.885,0.135,0.407,120.002,1
spotify:track:6OtbkUGEyNg4NcCMZXE0Kr,"Unconditional Beauty","Background","Luigi Madonna",2014-12-08,391679,0,false,azvwtt6iohg3hran3hxv47xn6,2021-12-10T19:42:21Z,"techno,minimal techno","Drumcode",0.781,0.555,0,-11.976,1,0.0473,0.0241,0.903,0.178,0.0751,125.01,4
spotify:track:1wc5DeitmD2Bu8bl1s6WIJ,"L'esperanza - Ame Reinterpretation","L'esperanza Reinterpretation","Sven Väth;Âme",2014-11-03,515759,27,false,azvwtt6iohg3hran3hxv47xn6,2021-12-10T19:42:32Z,"techno,minimal techno,house melódico,techno melódico","Cocoon Recordings",0.658,0.467,2,-14.039,1,0.0477,0.00211,0.926,0.316,0.121,122.969,4
spotify:track:59sBN8LdpJZJfowqgFeQLi,"Zu Fuss","Soopertrack","Extrawelt",2005-06-13,358853,31,false,azvwtt6iohg3hran3hxv47xn6,2021-12-10T19:42:36Z,"minimal techno,techno","Border Community",0.743,0.568,8,-12.176,1,0.499,0.0624,0.614,0.127,0.367,133.917,3
spotify:track:2y7lv2n5z2AoMuNXy0XCCQ,"Low Blow (Bug vs. Hawtin)","Low Blow (Bug vs. Hawtin)","Steve Bug;Richie Hawtin",2002-05-08,483960,19,false,azvwtt6iohg3hran3hxv47xn6,2021-12-10T19:42:39Z,"minimal techno,dub techno,acid house,acid techno,idm,techno","Minus",0.817,0.403,10,-11.359,0,0.0732,0.0177,0.942,0.104,0.113,121.999,4
spotify:track:697HW34FLNURvRAbSieICv,"Your Body","Your Body","Biscits",2021-06-18,207000,0,false,azvwtt6iohg3hran3hxv47xn6,2021-12-10T19:51:02Z,"tech house,house","Solotoko",0.833,0.744,4,-6.735,0,0.0886,0.168,0.458,0.615,0.917,126.987,4
spotify:track:05QGJav2nGJ9qdQ3vG9A9t,"Ask Me","Ask Me / Mesmerize","Duck Sauce;A-Trak;Armand Van Helden",2021-03-05,193795,2,false,azvwtt6iohg3hran3hxv47xn6,2021-12-10T19:51:04Z,"disco house","Duck Sauce",0.803,0.935,4,-4.915,0,0.032,0.0145,0.191,0.296,0.738,124.008,4
spotify:track:3GDFm4F14CjlSZsN2FZync,"Deep End - Black V Neck Remix","Deep End (Black V Neck Remix)","John Summit;Black V Neck",2020-08-07,220507,0,false,azvwtt6iohg3hran3hxv47xn6,2021-12-10T19:51:05Z,"house,tech house","Defected Records",0.739,0.822,7,-5.336,1,0.0348,0.00443,0.185,0.0648,0.402,122.994,4
spotify:track:0tZFL2LU8XSThRttMJif6Q,"Soopertrack","Extra Welt Hits","Extrawelt",2020-10-30,482266,45,false,azvwtt6iohg3hran3hxv47xn6,2021-12-10T19:54:27Z,"minimal techno,techno","Cocoon Recordings",0.767,0.76,1,-9.554,1,0.0416,0.000389,0.945,0.0742,0.065,130.006,4
spotify:track:0Qgs6zkdRXT7nAf6q61LmV,"8000","Extra Welt Hits","Extrawelt",2020-10-30,404674,30,false,azvwtt6iohg3hran3hxv47xn6,2021-12-10T19:54:37Z,"minimal techno,techno","Cocoon Recordings",0.756,0.92,6,-8.692,0,0.0585,0.052,0.893,0.108,0.0698,129.994,4
spotify:track:3sI8NYm4cWUgYrrv0ZkQX2,"Dark Side of My Room","Schöne Neue Extrawelt","Extrawelt",2008-10-24,458160,41,false,azvwtt6iohg3hran3hxv47xn6,2021-12-10T19:54:43Z,"minimal techno,techno","Cocoon Recordings",0.851,0.425,1,-12.978,1,0.0949,0.141,0.9,0.196,0.161,128.013,4
spotify:track:0Jq6SrwaQzhF8UOWxR8KYY,"8000","Schmedding 8000","Extrawelt",2006-12-04,403733,38,false,azvwtt6iohg3hran3hxv47xn6,2021-12-10T19:54:49Z,"minimal techno,techno","TRAUM Schallplatten",0.734,0.888,6,-9.736,0,0.0526,0.0646,0.885,0.108,0.0846,130.016,4
spotify:track:6uIIzEdxQLpg9vCKECRitZ,"The Leopard - Extrawelt Remix","The Leopard Rmx","Minilogue;Extrawelt",2007-01-08,418866,40,false,azvwtt6iohg3hran3hxv47xn6,2021-12-10T19:54:58Z,"minimal techno,dub techno,techno","TRAUM Schallplatten",0.774,0.625,8,-11.539,0,0.0787,0.281,0.874,0.106,0.217,125.006,4
spotify:track:2I7MqAcKDbCrmfDR60EUV4,"Creepin","Klockworks 13","DVS1",2014-07-15,415370,24,false,azvwtt6iohg3hran3hxv47xn6,2021-12-10T19:58:52Z,"minimal techno,techno,dub techno","Klockworks",0.773,0.62,0,-14.665,1,0.0829,0.0307,0.867,0.0741,0.515,131.994,4
spotify:track:62fws3c183n5QptNMgWT21,"Behind Lines","Klockworks 08","DVS1",2011-12-01,396613,9,false,azvwtt6iohg3hran3hxv47xn6,2021-12-10T19:59:53Z,"minimal techno,techno,dub techno","Klockworks",0.739,0.847,2,-12.47,1,0.0452,0.117,0.956,0.102,0.148,136.005,4
spotify:track:7v29WSP0MpsgbGt8b8OTok,"Confused","Klockworks 08","DVS1",2011-12-01,413727,31,false,azvwtt6iohg3hran3hxv47xn6,2021-12-10T19:59:57Z,"minimal techno,techno,dub techno","Klockworks",0.77,0.375,10,-11.516,0,0.0814,0.736,0.935,0.111,0.201,130.989,4
spotify:track:5wXcrGxaH3ujlPxD30Ko2X,"Spying","Klockworks 13","DVS1",2014-07-15,301796,14,false,azvwtt6iohg3hran3hxv47xn6,2021-12-10T20:00:09Z,"minimal techno,techno,dub techno","Klockworks",0.717,0.802,1,-9.905,0,0.033,0.017,0.933,0.296,0.144,130.025,4
spotify:track:0Kk56hNXWGksDmJtbOysXt,"Searching","Klockworks 05","DVS1",2009-09-01,335844,24,false,azvwtt6iohg3hran3hxv47xn6,2021-12-10T20:00:22Z,"minimal techno,techno,dub techno","Klockworks",0.728,0.644,10,-11.652,0,0.0507,0.538,0.932,0.111,0.177,134.925,4
spotify:track:40pIoYM4ACf7G5oKXXdlc3,"Floating","Klockworks 05","DVS1",2009-09-01,321038,22,false,azvwtt6iohg3hran3hxv47xn6,2021-12-10T20:00:25Z,"minimal techno,techno,dub techno","Klockworks",0.758,0.421,10,-13.426,0,0.0681,0.0779,0.923,0.0871,0.397,134.861,4
spotify:track:0LNIBPbFYzht5cChzzSNh2,"Polyphonic Love - Original Mix","Love Under Pressure","Zak Khutoretsky;DVS1",2010-06-07,539670,0,false,azvwtt6iohg3hran3hxv47xn6,2021-12-10T20:03:26Z,"minimal techno,techno,dub techno","Transmat",0.782,0.312,0,-24.308,1,0.0607,0.002,0.926,0.101,0.116,133.001,4
spotify:track:4uXphB7v0sIY6esNqz5p9A,"Pressure - Original Mix","Love Under Pressure","Zak Khutoretsky;DVS1",2010-06-07,455843,0,false,azvwtt6iohg3hran3hxv47xn6,2021-12-10T20:03:30Z,"minimal techno,techno,dub techno","Transmat",0.733,0.322,7,-22.576,1,0.056,0.355,0.935,0.11,0.0592,133.985,4
spotify:track:3GDFm4F14CjlSZsN2FZync,"Deep End - Black V Neck Remix","Deep End (Black V Neck Remix)","John Summit;Black V Neck",2020-08-07,220507,0,false,azvwtt6iohg3hran3hxv47xn6,2021-12-10T20:07:47Z,"house,tech house","Defected Records",0.739,0.822,7,-5.336,1,0.0348,0.00443,0.185,0.0648,0.402,122.994,4
spotify:track:10bmUjdCwAcLNMaFs6BLNO,"Thin Line","Thin Line","John Summit;Guz",2020-10-30,188180,1,false,azvwtt6iohg3hran3hxv47xn6,2021-12-10T20:07:48Z,"house,tech house","D4 D4NCE",0.767,0.818,10,-6.224,0,0.0458,0.0288,0.00243,0.0732,0.365,124.968,4
spotify:track:2mhRsvVVfukHWklTrRpnCB,"D.A.N.C.E.","D.A.N.C.E.","Superlover",2021-04-02,275322,0,false,azvwtt6iohg3hran3hxv47xn6,2021-12-10T20:07:52Z,"funky house,disco house,nu disco","Disco Sucks Records",0.825,0.788,10,-8.219,1,0.0528,0.000543,0.9,0.0639,0.764,123.999,4
spotify:track:4f3boNz24gG32cajPw9Nlr,"No More Looking Back (feat. Steffanie Christi'an)","No More Looking Back (feat. Steffanie Christi'an)","IDRIS;Inner City;Steffanie Christi'an",2021-02-05,203068,0,false,azvwtt6iohg3hran3hxv47xn6,2021-12-10T20:07:53Z,"acid house,house de chicago","Defected Records",0.743,0.784,6,-7.29,1,0.0542,0.000307,0.000135,0.162,0.63,123.018,4
spotify:track:0NsJctED4AqKlnFQS46D7M,"Call It What You Want","Call It What You Want","Richie Hawtin",1995-10-01,604827,0,false,azvwtt6iohg3hran3hxv47xn6,2021-12-17T20:18:24Z,"minimal techno,acid house,acid techno,idm,techno,dub techno","Plus 8 Records",0.59,0.948,10,-7.447,0,0.0659,0.012,0.907,0.358,0.419,128.569,3
spotify:track:6sbbE5qQhhr8flL6D3rnap,"Psyk","Artifakts (BC)","Plastikman",1998-11-03,510533,0,false,azvwtt6iohg3hran3hxv47xn6,2021-12-17T20:21:14Z,"minimal techno,acid house,idm,acid techno,dub techno,techno","Minus",0.681,0.34,5,-21.498,0,0.0576,0.207,0.938,0.105,0.163,119.454,4
spotify:track:6080hlBbZmuMCP0jnCOEn9,"Wide Open - Len Faki Dj-Edit","Len Faki Dj-Edits Volume I","DJ Hyperactive;Len Faki",2012-07-16,435571,0,false,azvwtt6iohg3hran3hxv47xn6,2021-12-18T15:34:12Z,"techno,house de chicago,minimal techno,acid techno,dub techno","Figure",0.886,0.616,7,-7.105,1,0.0836,0.0000774,0.885,0.0987,0.0949,128.016,4
spotify:track:53sm3veyB0i1tK3HAtsw7e,"Can’t Let Go - Obskür Remix","Can’t Let Go","BURNS;Obskür",2021-04-30,215119,53,false,azvwtt6iohg3hran3hxv47xn6,2021-12-18T15:34:16Z,"rally house,house","FFRR",0.667,0.817,10,-7.599,0,0.0573,0.0186,0.823,0.104,0.35,125.996,4
spotify:track:33VrQvOZ7dyytQV3xCMolM,"Lose Control","Lose Control","Fallon",2021-05-28,186200,0,false,azvwtt6iohg3hran3hxv47xn6,2021-12-18T16:35:19Z,"tech house,house latino,stutter house","Another Rhythm",0.867,0.646,6,-6.472,0,0.063,0.0257,0.00849,0.267,0.366,125.986,4
spotify:track:10bmUjdCwAcLNMaFs6BLNO,"Thin Line","Thin Line","John Summit;Guz",2020-10-30,188180,1,false,azvwtt6iohg3hran3hxv47xn6,2021-12-18T16:41:03Z,"house,tech house","D4 D4NCE",0.767,0.818,10,-6.224,0,0.0458,0.0288,0.00243,0.0732,0.365,124.968,4
spotify:track:4V3oJg19fIQCbwhGrBES6Y,"Let It Go (with Marc E. Bassy) - Dom Dolla Remix","Let It Go (with Marc E. Bassy) [Dom Dolla Remix]","Louie Vega;The Martinez Brothers;Marc E. Bassy;Dom Dolla",2020-10-09,279948,0,false,azvwtt6iohg3hran3hxv47xn6,2021-12-18T16:41:16Z,"house de chicago,deep house,house latino,house,disco house,tech house","Defected Records",0.708,0.917,0,-6.481,1,0.0528,0.014,0.0131,0.364,0.741,125.004,4
spotify:track:78EQ5LZGgviMU9k0zrqv1r,"Omen - Radio Edit","Omen (Radio Edit)","Disclosure;Sam Smith",2015-07-27,196817,63,false,azvwtt6iohg3hran3hxv47xn6,2021-12-18T16:42:04Z,"house,pop suave","Universal-Island Records Ltd.",0.671,0.786,8,-4.857,1,0.14,0.115,0,0.363,0.621,106.057,4
spotify:track:4CanBdgpe7SkperJ9SUoLN,"Gegen","Gegen","Paula Temple",2014-12-22,302769,32,false,azvwtt6iohg3hran3hxv47xn6,2021-12-19T00:08:04Z,"techno,hard techno,acid techno","Noise Manifesto",0.713,0.849,11,-9.613,0,0.0796,0.00114,0.86,0.117,0.0327,130.005,4
spotify:track:4ASOMWcJUrwEpjJy4GEijz,"California Dreamin' (feat. High Jinx)","California Dreamin' (feat. High Jinx)","Chris Lorenzo;High Jinx",2021-10-08,196899,70,false,azvwtt6iohg3hran3hxv47xn6,2021-12-21T17:04:38Z,"bass house,bassline,house,tech house,g-house,electroclash","Astralwerks",0.685,0.911,9,-4.977,1,0.144,0.00552,0.0247,0.285,0.351,128.02,4
spotify:track:1NMmSM6DYwhAf7027fowmD,"I Need You","Red Alert","Maxinne;HAYLA",2021-07-30,236129,37,false,azvwtt6iohg3hran3hxv47xn6,2021-12-21T17:05:56Z,"tech house","Toolroom",0.796,0.95,3,-3.982,0,0.0562,0.0118,0.063,0.0577,0.648,123.995,4
spotify:track:1gsE1eNiDb5CghKgbMgWJx,"Isolator","Isolator","SOSA",2021-11-19,243809,27,false,azvwtt6iohg3hran3hxv47xn6,2021-12-21T17:06:01Z,"tech house,house","Revival New York",0.802,0.71,4,-8.962,0,0.0633,0.00299,0.595,0.0997,0.195,126.003,3
spotify:track:61eRcJsVERA029H1ZXXfwT,"Do Yo Dance - Edit","Do Yo Dance EP","Shermanology;Conquer Jones",2021-11-12,235275,18,false,azvwtt6iohg3hran3hxv47xn6,2021-12-21T17:06:33Z,"tech house,house","Do Not Sleep",0.868,0.672,1,-7.161,1,0.0954,0.00417,0.0735,0.0936,0.684,126.978,4
spotify:track:2VCZrkZkplD4wG8AFozNoh,"Step-Grandma","Step-Grandma","Salvatore Ganacci",2021-07-09,160685,53,false,azvwtt6iohg3hran3hxv47xn6,2021-12-21T17:06:39Z,"moombahton","Zatara Recordings",0.804,0.881,10,-5.94,0,0.0633,0.034,0.509,0.0634,0.734,121.017,4
spotify:track:33VrQvOZ7dyytQV3xCMolM,"Lose Control","Lose Control","Fallon",2021-05-28,186200,0,false,azvwtt6iohg3hran3hxv47xn6,2021-12-21T18:40:40Z,"tech house,house latino,stutter house","Another Rhythm",0.867,0.646,6,-6.472,0,0.063,0.0257,0.00849,0.267,0.366,125.986,4
spotify:track:2I0EV5B4RgDQPcSuDGzz2N,"Freedom (You Bring Me)","Freedom (You Bring Me)","Snakehips;Armand Van Helden",2021-07-23,188920,28,false,azvwtt6iohg3hran3hxv47xn6,2021-12-21T18:40:56Z,"disco house","Never Worry Records",0.642,0.958,5,-4.786,0,0.0958,0.000551,0.0127,0.271,0.82,125.035,4
spotify:track:3E7ZwUMJFqpsDOJzEkBrQ7,"Can't Get You out of My Head","Fever","Kylie Minogue",2002-11-19,230640,87,false,azvwtt6iohg3hran3hxv47xn6,2022-01-01T18:22:20Z,"dance pop","Parlophone UK",0.766,0.563,9,-7.516,0,0.0339,0.0263,0.683,0.115,0.964,126.007,4
spotify:track:7M13FwBAKWNa2jqcZeUhL6,"Love Generation - Radio Edit","Love Generation (Radio Edit)","Bob Sinclar;Gary Pine",2005-06-20,204798,5,false,azvwtt6iohg3hran3hxv47xn6,2022-01-01T18:22:31Z,"house francés,disco house","Yellow productions",0.723,0.872,1,-3.617,1,0.0586,0.192,0.000154,0.0814,0.544,128.038,4
spotify:track:0Qn0i8df7Q76ej3RAXAtI2,"Rock This Party - Everybody Dance Now","Rock This Party (Everybody Dance Now)","Bob Sinclar;Cutee B.;DollarMan;Big Ali;Makedah",2006-08-22,245466,6,false,azvwtt6iohg3hran3hxv47xn6,2022-01-01T18:22:35Z,"house francés,disco house","Yellow productions",0.893,0.823,5,-3.708,0,0.122,0.0714,0,0.0509,0.902,128.009,4
spotify:track:1c0zagykmGPDYuxJeDqZhJ,"World Hold on (Children of the Sky) [Radio Edit]","World Hold on (Children of the Sky) [Radio Edit]","Bob Sinclar;Steve Edwards",2006-06-06,204230,5,false,azvwtt6iohg3hran3hxv47xn6,2022-01-01T18:22:52Z,"house francés,disco house,house","Yellow productions",0.738,0.932,8,-1.898,0,0.0959,0.074,0.000121,0.0623,0.624,126.994,4
spotify:track:4rFCPjKfgbEeNvs1Ku4nbd,"Yo Quiero Bailar","Yo Quiero Bailar","Sonia Y Selena",2001-01-01,213066,57,false,azvwtt6iohg3hran3hxv47xn6,2022-01-09T01:49:50Z,"","Universal Music Spain S.L.",0.628,0.948,11,-5.982,1,0.0828,0.161,0.000166,0.316,0.909,133.952,4
spotify:track:2xeXLuW9d7i0QSdr7GDuQn,"Glob - Ben Klock Remix 1","Glob - Remixes","Kenny Larkin;Ben Klock",2010-06-02,404720,6,false,azvwtt6iohg3hran3hxv47xn6,2022-01-09T01:59:47Z,"acid house,minimal techno,idm,techno,house de chicago","Planet E Communications",0.854,0.667,10,-12.485,0,0.118,0.00798,0.937,0.0584,0.552,125.008,4
spotify:track:4IEAQJg4ZMFxGRvkrVbsfy,"Miniluv - Original Mix","Berghain 04 - Part I","Martyn",2010-06-14,410447,24,false,azvwtt6iohg3hran3hxv47xn6,2022-01-09T02:00:03Z,"funky británico,breakbeat,dub techno,idm","Ostgut Ton",0.807,0.792,10,-8.94,0,0.0482,0.000257,0.884,0.918,0.323,129.99,4
spotify:track:6b2K37XlkFQlfioMRXNVLS,"Loop 04","Musik 4 Life !","STL",2008,62999,0,false,azvwtt6iohg3hran3hxv47xn6,2022-01-09T02:00:07Z,"dub techno,minimal techno,dub","Something",0.682,0.696,11,-11.22,0,0.0367,0.00366,0.902,0.325,0.521,133.27,4
spotify:track:4ADVWehTRyTzq9SY2greWv,"Michigan Lake","Berghain 04 - Pt. III","Jonas Kopp",2010-07-19,464749,4,false,azvwtt6iohg3hran3hxv47xn6,2022-01-09T02:00:14Z,"minimal techno,techno,dub techno","Ostgut Ton",0.809,0.565,9,-10.065,0,0.116,0.000246,0.87,0.133,0.282,126.003,4
spotify:track:12A4DafrNhXeOWZTdCmHUJ,"Confused","Klockworks 08","DVS1",2012-05-02,413727,0,false,azvwtt6iohg3hran3hxv47xn6,2022-01-09T02:00:18Z,"minimal techno,techno,dub techno","Klockworks",0.77,0.375,10,-11.516,0,0.0814,0.736,0.935,0.111,0.201,130.989,4
spotify:track:3PxI10OJhF7y9txEcEMukZ,"Rhythm of Vision","Minimal Nation","Robert Hood",1994,257826,28,false,azvwtt6iohg3hran3hxv47xn6,2022-01-14T18:03:25Z,"minimal techno,techno,acid house,dub techno","M-Plant",0.786,0.985,8,-9.398,1,0.0594,0.565,0.934,0.0775,0.427,135.388,4
spotify:track:7Fbx8mVJy36dsVq9IYTRXu,"Sextacy","Sextacy","SIDEPIECE",2022-01-14,153600,51,false,azvwtt6iohg3hran3hxv47xn6,2022-01-17T16:10:00Z,"tech house,edm","FFRR",0.809,0.953,1,-4.793,0,0.048,0.00439,0.312,0.312,0.873,125.008,4
spotify:track:6EJuJAg1Ydjkoj9SCwMUyN,"La candela viva","La candela viva","HUGEL;Jude & Frank;Twolate",2022-01-07,174600,42,false,azvwtt6iohg3hran3hxv47xn6,2022-01-17T16:10:05Z,"house latino,afro house,techengue,house,tribal house,tech house","Spinnin' Records",0.579,0.987,9,-4.069,0,0.0706,0.000243,0.744,0.129,0.343,125.021,4
spotify:track:632paTWO6lWhhkpSPvlKiG,"Backfire","Backfire","Shermanology;Jay Colin",2022-01-14,199384,32,false,azvwtt6iohg3hran3hxv47xn6,2022-01-17T16:10:15Z,"tech house,house","D'EAUPE",0.829,0.631,11,-9.682,0,0.1,0.00316,0.0329,0.0884,0.539,129.979,4
spotify:track:74svMcorgPABViSTZka4yw,"No Diggity","No Diggity","HÄWK;BEYGE",2022-01-07,218880,0,false,azvwtt6iohg3hran3hxv47xn6,2022-01-17T16:10:19Z,"tech house,stutter house,house latino","Élite",0.809,0.777,6,-8.677,0,0.0498,0.016,0.83,0.0721,0.436,125.034,4
spotify:track:5LBALrbr55bXfJNb8dsWb1,"Soul System","ISOLAT003","Michael Bibi",2021-12-22,223384,0,false,azvwtt6iohg3hran3hxv47xn6,2022-01-17T16:10:35Z,"tech house,techno,house","ISO LAT",0.837,0.839,4,-5.87,0,0.1,0.00427,0.0771,0.0675,0.689,130.001,4
spotify:track:5nQox2m73rp3d5jFmhCcrR,"Physically","Overtime / Physically","JADED",2021-12-03,175611,18,false,azvwtt6iohg3hran3hxv47xn6,2022-01-17T16:11:15Z,"tech house","Club Sweat",0.763,0.962,11,-7.084,0,0.0571,0.000744,0.887,0.33,0.34,125.001,4
spotify:track:3NeSlNBRvB4BMrxhA88Zke,"Dancing Cliché","Dancing Cliché","LF SYSTEM",2021-10-22,152669,51,false,azvwtt6iohg3hran3hxv47xn6,2022-01-17T16:11:37Z,"house","Warner Records",0.806,0.92,11,-5.271,0,0.0882,0.000174,0.0659,0.07,0.935,128.04,4
spotify:track:0aImqoSegIewvO67JpSjVP,"Thrill Seeker","Thrill Seeker","Black Caviar;Your Favourite Garçon;Jaki Nelson",2021-10-22,226745,23,false,azvwtt6iohg3hran3hxv47xn6,2022-01-17T16:11:41Z,"tech house","Nervous Records",0.805,0.889,4,-6.402,0,0.0661,0.00154,0.178,0.0515,0.944,128.039,4
spotify:track:2Zp0oCiV6xQZjLHUzrTJxv,"White Rabbit - Moxy Club Mix","White Rabbit (Moxy Club Mix)","Darius Syrossian",2021-12-03,164878,0,false,azvwtt6iohg3hran3hxv47xn6,2022-01-17T16:12:24Z,"tech house,house","Defected Records",0.745,0.848,0,-5.577,0,0.03,0.00495,0.00599,0.401,0.637,127.009,4
spotify:track:5XCJndUuktaxfVruAek3mT,"Deeper","Deeper","Riton;MNEK;House Gospel Choir",2017-10-13,248494,37,false,azvwtt6iohg3hran3hxv47xn6,2022-01-17T16:12:55Z,"house","Ministry of Sound Recordings",0.69,0.878,11,-3.978,0,0.0472,0.00971,0,0.138,0.781,123.978,4
spotify:track:71NOmiKvk7s5R7dUurNjuy,"You Little Beauty","You Little Beauty","FISHER",2019-05-10,206587,1,false,azvwtt6iohg3hran3hxv47xn6,2022-01-17T16:12:59Z,"tech house,house","Catch & Release",0.926,0.953,6,-5.531,0,0.0911,0.00235,0.442,0.313,0.927,123.983,4
spotify:track:2ONRkpOJ6X91GMXMthtT0M,"Ride It - Jonas Blue Remix","Ride It (Jonas Blue Remix)","Regard;Jonas Blue",2019-11-01,182400,61,false,azvwtt6iohg3hran3hxv47xn6,2022-01-17T16:13:04Z,"tropical house","Ministry of Sound Recordings",0.689,0.946,7,-3.814,0,0.0397,0.00658,0.00189,0.262,0.392,125.037,4
spotify:track:3y5CViHFm8yTsRjs0Wnbs1,"Private Show - Re-Edit","Private Show","OFFAIAH",2020-03-13,197520,0,false,azvwtt6iohg3hran3hxv47xn6,2022-01-17T16:13:18Z,"tech house","Defected Records",0.778,0.885,1,-5.193,1,0.126,0.000049,0.101,0.136,0.658,123.027,4
spotify:track:6cx06DFPPHchuUAcTxznu9,"Head & Heart (feat. MNEK)","Head & Heart (feat. MNEK)","Joel Corry;MNEK",2020-07-03,166028,78,false,azvwtt6iohg3hran3hxv47xn6,2022-01-17T16:13:24Z,"dance pop","Atlantic Records UK",0.734,0.874,8,-3.158,1,0.0662,0.168,0.0000114,0.0489,0.905,122.953,4
spotify:track:13G1BMWSGvu6Tx1gN2Nwls,"Baby Boy","Baby Boy","Menrva",2020-07-03,151148,37,false,azvwtt6iohg3hran3hxv47xn6,2022-01-17T16:13:38Z,"","Insanity Records",0.692,0.873,8,-3.808,1,0.0501,0.0207,0.0000515,0.0626,0.635,124.01,4
spotify:track:1dK5t2UGFfEAY7vBDb75Gz,"Lose CTRL (feat. Sash Sings)","Lose CTRL (feat. Sash Sings)","PBH & Jack;Sash Sings",2020-11-13,180967,0,false,azvwtt6iohg3hran3hxv47xn6,2022-01-17T16:13:43Z,"","HELDEEP Records",0.705,0.744,8,-5.871,1,0.0417,0.017,0.309,0.283,0.726,124.002,4
spotify:track:1J2OlTIPluzOmf3RX8eKhT,"Turn Back Time","Turn Back Time","Diplo;Sonny Fodera",2020-11-20,147260,55,false,azvwtt6iohg3hran3hxv47xn6,2022-01-17T16:13:48Z,"moombahton,house","FFRR",0.751,0.786,10,-7.974,0,0.0333,0.181,0.000935,0.114,0.407,124,4
spotify:track:410sU1dPbilSPUqx9A6Ir1,"Break This Habit","Break This Habit","Oliver Heldens",2020-08-28,172733,0,false,azvwtt6iohg3hran3hxv47xn6,2022-01-17T16:13:52Z,"future house,house","HELDEEP Records",0.711,0.927,4,-6.114,0,0.0632,0.104,0.0518,0.296,0.299,123.98,4
spotify:track:2ibNMhzfjR0Sdegp9RvBzA,"Lose My Breath","Lose My Breath","Moreno Pezzolato",2020-10-16,149032,0,false,azvwtt6iohg3hran3hxv47xn6,2022-01-17T16:14:00Z,"tech house","Glasgow Underground",0.802,0.829,10,-8.063,0,0.1,0.000187,0.606,0.026,0.498,124,4
spotify:track:1ld3ibWlGwo4oBFPb6pmKk,"Heal Me - Biscits Remix","Heal Me","FARR;Biscits",2020-10-09,177142,58,false,azvwtt6iohg3hran3hxv47xn6,2022-01-17T16:14:04Z,"tech house,house","Selected.",0.809,0.807,4,-6.491,0,0.115,0.0462,0.155,0.676,0.635,126.031,4
spotify:track:14xLP7Bj28rxOi2dueNyup,"So Hooked On Your Lovin - Gorgon City Remix","So Hooked On Your Lovin (Gorgon City Remix)","Selace;Gorgon City",2020-10-23,235752,0,false,azvwtt6iohg3hran3hxv47xn6,2022-01-17T16:14:07Z,"house","Defected Records",0.731,0.704,7,-8.024,1,0.0361,0.0281,0.633,0.142,0.403,124.017,4
spotify:track:1TwBpstXJvqY8KZ4Yk6rh1,"From the Start - Sonny Fodera Remix","From the Start (Sonny Fodera Remix)","Biscits;Sonny Fodera",2020-08-14,235769,0,false,azvwtt6iohg3hran3hxv47xn6,2022-01-17T16:14:11Z,"tech house,house","Solotoko",0.678,0.856,10,-5.533,1,0.0293,0.0431,0.000238,0.189,0.468,124.983,4
spotify:track:7cX5H82DTZ5iHRLbewBEBd,"Born To Love (feat. SHELLS)","Born To Love (feat. SHELLS)","MEDUZA;SHELLS",2020-02-14,162295,55,false,azvwtt6iohg3hran3hxv47xn6,2022-01-17T16:14:15Z,"deep house,stutter house","Intercord",0.722,0.856,1,-6.392,0,0.0338,0.0305,0.0597,0.231,0.827,121.99,4
spotify:track:06nCnkVALuvvNcBwVRNTUS,"Me & U","Me & U","Biscits",2020-11-27,213230,0,false,azvwtt6iohg3hran3hxv47xn6,2022-01-17T16:14:18Z,"tech house,house","Thrive Music, LLC",0.72,0.778,10,-8.447,1,0.0436,0.107,0.24,0.0349,0.0786,125.93,4
spotify:track:4FUFk1uJuPtUJrDQ8ZSylK,"Afraid (feat. HARLEE)","Afraid","James Hype;HARLEE",2020-09-18,142971,55,false,azvwtt6iohg3hran3hxv47xn6,2022-01-17T16:14:26Z,"house,tech house","Universal-Island Records Ltd.",0.744,0.78,10,-3.631,0,0.0529,0.101,0.00000436,0.184,0.762,125.997,4
spotify:track:0yOkjMhbLQxE0JOCf6Btc1,"My House - VIP Mix","My House (VIP Mix)","Elderbrook",2020-07-17,181935,36,true,azvwtt6iohg3hran3hxv47xn6,2022-01-17T16:14:30Z,"","Parlophone UK",0.856,0.605,6,-7.691,0,0.048,0.0202,0.833,0.0661,0.6,123.998,4
spotify:track:77RCVBDD1mzH4i6qX5Idt6,"Naked - Club Mix","Naked (Club Mix)","Jonas Blue;MAX",2020-07-10,241935,28,false,azvwtt6iohg3hran3hxv47xn6,2022-01-17T16:14:58Z,"tropical house","Positiva",0.811,0.711,11,-5.005,1,0.0525,0.014,0.0000278,0.0444,0.49,124,4
spotify:track:7CH8J4ulT49UfZwSDSkSZA,"i miss u (with Au/Ra)","i miss u (with Au/Ra)","Jax Jones;Au/Ra",2020-10-09,172143,58,false,azvwtt6iohg3hran3hxv47xn6,2022-01-17T16:15:01Z,"","Polydor Records",0.668,0.726,9,-7.512,1,0.0468,0.0387,0,0.134,0.453,124.075,4
spotify:track:0fEowZULrTsT0lxtrwyR3X,"Doin Ya Thang","Doin Ya Thang","Oliver Dollar",2011-04-25,415417,0,true,azvwtt6iohg3hran3hxv47xn6,2022-01-17T16:15:15Z,"","Play It Down",0.821,0.902,9,-4.691,1,0.127,0.00265,0.0527,0.0637,0.631,123.997,4
spotify:track:2jzmiQmmiO9M1uudbgdSM1,"Medicine","Medicine","Marcus Cito",2021-03-26,155520,23,false,azvwtt6iohg3hran3hxv47xn6,2022-01-17T16:15:18Z,"","Big Smile Records",0.887,0.785,8,-6.871,0,0.173,0.0832,0.00576,0.0964,0.493,125.024,4
spotify:track:5oo2DBFD4qqUCGMK7X9ckk,"Mine (feat. Dawty Music, Preston Harris & Sophia Sugarman)","Mine (feat. Dawty Music, Preston Harris & Sophia Sugarman)","HUGEL;Dawty;Sophia Sugarman;Preston Harris",2021-04-02,167750,29,false,azvwtt6iohg3hran3hxv47xn6,2022-01-17T16:15:29Z,"house latino,afro house,techengue,house","Musical Freedom",0.852,0.828,0,-6.565,1,0.093,0.178,0.00989,0.352,0.603,119.974,4
spotify:track:5ngvxZxDHlytSsaaPcVQ73,"Grounded","Down Like That EP","George Kwali",2019-12-06,226560,16,false,azvwtt6iohg3hran3hxv47xn6,2022-01-17T16:15:33Z,"","Etiquette",0.831,0.741,2,-6.806,1,0.0768,0.000826,0.748,0.346,0.732,125.023,4
spotify:track:0g8OoQiNrkmAQJVM7utvKV,"That Makes Me Love You - Re-Edit","That Makes Me Love You","OFFAIAH",2020-04-24,177226,29,false,azvwtt6iohg3hran3hxv47xn6,2022-01-17T16:15:36Z,"tech house","Incorrect Music",0.796,0.87,1,-5.004,1,0.0604,0.0000807,0.731,0.471,0.44,124.981,4
spotify:track:5FDdviWQzhw7NWH2TiDl9d,"Closer (feat. Lilly Ahlberg)","Closer (feat. Lilly Ahlberg)","Sonny Fodera;Just Kiddin;Lilly Ahlberg",2021-04-30,169901,45,false,azvwtt6iohg3hran3hxv47xn6,2022-01-17T16:15:40Z,"house,stutter house","Positiva",0.7,0.782,3,-4.631,1,0.0542,0.449,0,0.143,0.68,124.969,4
spotify:track:3Yq5gzeXWSszeI9T3aPSz2,"Off My Mind","Off My Mind","Sllash & Doppe",2021-04-16,187255,17,false,azvwtt6iohg3hran3hxv47xn6,2022-01-17T16:15:45Z,"tribal house,house latino,tech house,afro house","Toolroom",0.614,0.984,6,-4.648,0,0.0364,0.0137,0.0178,0.332,0.675,123.974,4
spotify:track:3nx2eGZwRFcO0iJcC3khHe,"VIP (feat. BLOODLINE)","VIP (feat. BLOODLINE)","HUGEL;BLOODLINE",2021-05-14,144790,32,false,azvwtt6iohg3hran3hxv47xn6,2022-01-17T16:15:49Z,"house latino,afro house,techengue,house","WM Germany",0.794,0.695,3,-5.998,0,0.0451,0.185,0.00000439,0.0796,0.695,123.018,4
spotify:track:6OufwUcCqo81guU2jAlDVP,"Love Tonight (Edit)","Love Tonight","Shouse",2017-12-14,241970,69,false,azvwtt6iohg3hran3hxv47xn6,2022-01-17T16:15:52Z,"","Hell Beach",0.727,0.681,5,-7.114,0,0.0265,0.00214,0.000307,0.0861,0.448,123.028,4
spotify:track:51JKSTZ1bJjfpV9z8vp9Oi,"Ain't Nobody (feat. LaShun Pace)","Ain't Nobody (feat. LaShun Pace)","Bakermat;LaShun Pace",2021-05-28,174103,39,false,azvwtt6iohg3hran3hxv47xn6,2022-01-17T16:15:55Z,"tropical house,góspel,góspel tradicional","Columbia/B1 Recordings",0.676,0.812,2,-5.673,0,0.0418,0.0213,0.0165,0.666,0.393,120.006,4
spotify:track:3sGy9TKEpZZCEgbpSMlOKK,"Yup - Radio Edit","Yup","Fallon",2020-02-26,188500,41,false,azvwtt6iohg3hran3hxv47xn6,2022-01-17T16:15:58Z,"tech house,house latino,stutter house","Atlantic Records/Asylum",0.838,0.863,6,-7.139,0,0.21,0.0182,0.00019,0.359,0.562,123.995,4
spotify:track:1YtunxXssdmetIJ9vt8396,"Natalie Don't - Punctual Remix","Natalie Don’t (Punctual Remix)","RAYE;Punctual",2020-08-14,256288,36,false,azvwtt6iohg3hran3hxv47xn6,2022-01-17T16:16:01Z,"","Polydor Records",0.815,0.697,0,-9.089,1,0.108,0.144,0.614,0.681,0.517,124.009,4
spotify:track:1vq1KgeHuDaS3qyhwfpF0P,"How Could I Ever (feat. Shungudzo)","How Could I Ever (feat. Shungudzo)","KUU;Alex Metric;Riton;Shungudzo",2020-07-17,247831,44,false,azvwtt6iohg3hran3hxv47xn6,2022-01-17T16:16:07Z,"house","Warner Records",0.732,0.662,9,-6.525,0,0.0388,0.229,0.626,0.0778,0.559,124.005,4
spotify:track:4guB6v3HBK1TJUhrn8Wtb9,"PARADISE","ISOLAT002","Michael Bibi;Kitty Got Claws",2021-06-15,216744,0,false,azvwtt6iohg3hran3hxv47xn6,2022-01-17T16:16:10Z,"tech house,techno,house","ISO LAT",0.828,0.702,9,-7.125,0,0.0397,0.00966,0.363,0.0927,0.534,128.995,4
spotify:track:4w32zUZvPhQ75Tq0cJGZqE,"Wonderland","Wonderland","NightFunk",2021-04-23,215109,0,false,azvwtt6iohg3hran3hxv47xn6,2022-01-17T16:16:25Z,"tech house","Black Book Records, LLC",0.956,0.517,7,-5.73,1,0.423,0.00591,0.00856,0.0974,0.746,130.017,4
spotify:track:7dk9EBvTbbKBbFxjCAJpwK,"Hear Me Say","Hear Me Say","Jonas Blue;LÉON",2021-05-28,190772,55,false,azvwtt6iohg3hran3hxv47xn6,2022-01-17T16:16:29Z,"tropical house","Positiva",0.697,0.836,5,-5.005,1,0.0437,0.133,0.00000446,0.0754,0.631,121.977,4
spotify:track:0aL4JgT8A6v2iuWrIovPVu,"Ain't Got No","Ain't Got No","David Penn;KPD",2020-03-06,199024,45,false,azvwtt6iohg3hran3hxv47xn6,2022-01-17T16:16:36Z,"funky house,disco house,tech house","Kontor Records",0.916,0.851,0,-6.134,1,0.0463,0.047,0.4,0.0698,0.534,123.002,4
spotify:track:4mlU3k6pztdXl37uga8EEc,"Touch - MNI Remix","Touch (MNI Remix)","Moodshift;Oliver Nelson;Lucas Nord;flyckt;MNI",2021-04-02,173746,1,false,azvwtt6iohg3hran3hxv47xn6,2022-01-17T16:17:02Z,"nu disco,stutter house,slap house","Moodshift",0.752,0.878,11,-6.178,1,0.0513,0.00119,0.0406,0.179,0.912,122,4
spotify:track:7K7njgwPk7FPoSnGBqJw9G,"Slow Down","Slow Down","Tom Budin;Kastelo",2021-07-09,188852,20,false,azvwtt6iohg3hran3hxv47xn6,2022-01-17T16:17:05Z,"tech house,future house,house latino,house,slap house","The Myth of NYX",0.69,0.801,0,-7.263,0,0.0469,0.0106,0.54,0.201,0.489,121.98,4
spotify:track:0pIiCv0GdhtsOjCJ5Y7zHj,"Morenita","Morenita","HUGEL;Cumbiafrica",2021-06-25,176491,74,false,azvwtt6iohg3hran3hxv47xn6,2022-01-17T16:17:09Z,"house latino,afro house,techengue,house,tech house,tribal house","Cr2 Records",0.639,0.769,1,-5.077,1,0.0383,0.000701,0.742,0.0553,0.177,123.983,4
spotify:track:6joEpIEWpZYrezVvqrbvxy,"Give It to Me","Give It to Me","Matt Sassari",2021-06-04,210000,56,false,azvwtt6iohg3hran3hxv47xn6,2022-01-17T16:17:12Z,"tech house","Cr2 Records",0.838,0.664,6,-8.126,1,0.0484,0.00132,0.035,0.131,0.545,126.047,4
spotify:track:1t0Jmqg1pKVBbxjQFZebeR,"Marea (we’ve lost dancing)","Marea (we’ve lost dancing)","Fred again..;The Blessed Madonna",2021-02-22,285375,68,false,azvwtt6iohg3hran3hxv47xn6,2022-01-17T16:17:15Z,"stutter house,house,edm","Atlantic Records UK",0.761,0.781,5,-6.778,0,0.141,0.0681,0.108,0.0607,0.473,123.023,4
spotify:track:5KGn7C4GflN0EFMNqDmUY9,"Hold Up","Hold Up","Late Replies",2020-11-13,228571,0,false,azvwtt6iohg3hran3hxv47xn6,2022-01-17T16:17:25Z,"tech house","Sola",0.805,0.904,8,-6.717,0,0.0507,0.00785,0.9,0.0396,0.501,126,4
spotify:track:5nbq4CyzheTl7BLPR3caJY,"Body","Body","Elderbrook",2021-03-26,163308,47,false,azvwtt6iohg3hran3hxv47xn6,2022-01-17T16:17:29Z,"","Parlophone UK",0.73,0.754,2,-6.921,0,0.0385,0.00584,0.0645,0.113,0.418,122.004,4
spotify:track:10QfPYzfVK5ghTIModvmcf,"Heat Waves - Sonny Fodera Remix","Heat Waves (Expansion Pack)","Glass Animals;Sonny Fodera",2021-02-05,191537,0,false,azvwtt6iohg3hran3hxv47xn6,2022-01-17T16:17:33Z,"house","Polydor Records",0.609,0.869,9,-7.493,1,0.0347,0.0513,0.00571,0.254,0.662,125.007,4
spotify:track:5Y7kHWJgIklRuPxH04qYgq,"Tuk Tuk (feat. ÄTNA)","Nobody Is Not Loved","Solomun;ÄTNA",2021-05-28,253825,0,false,azvwtt6iohg3hran3hxv47xn6,2022-01-17T16:17:36Z,"techno melódico,minimal techno,techno,house melódico","BMG Rights Management GmbH",0.861,0.774,6,-6.177,0,0.0755,0.0116,0.0322,0.0534,0.777,122.008,4
spotify:track:6b3slD2eokEWF4DRvNcVDH,"Summertime","Summertime","Lewis Boardman",2021-03-04,398048,11,false,azvwtt6iohg3hran3hxv47xn6,2022-01-17T16:17:39Z,"tech house","Moon Harbour",0.851,0.801,1,-7.423,1,0.0563,0.000279,0.726,0.111,0.232,122.999,4
spotify:track:5kPQGgOW49RufSbHGymfWA,"Can't Buy Love (feat. Baby E)","Can't Buy Love (feat. Baby E)","B-Case;Robin Schulz;Baby E",2021-07-23,156510,31,false,azvwtt6iohg3hran3hxv47xn6,2022-01-17T16:17:43Z,"tropical house","Mentalo Music/WM Germany",0.742,0.834,4,-5.398,0,0.0865,0.104,0.00000209,0.434,0.372,120.013,4
spotify:track:7mOh2jNEHDEUTAE7ACZ9bt,"Miss U","Miss U","Whisper Machine",2021-05-21,271904,12,false,azvwtt6iohg3hran3hxv47xn6,2022-01-17T16:17:46Z,"tech house","Be Rich Records",0.792,0.823,10,-8.476,0,0.048,0.00104,0.807,0.141,0.475,128.026,4
spotify:track:6ugxqc0sSfujZUVmJpK9DW,"Need U (Edit)","Need U","Generik;Fourcès",2020-09-18,184320,8,false,azvwtt6iohg3hran3hxv47xn6,2022-01-17T16:17:49Z,"future house","You Do You",0.621,0.803,2,-9.51,1,0.0398,0.0385,0.811,0.141,0.124,125.005,4
spotify:track:0xfMlIW8lS40qvpsUw1l0X,"Never Going Home","Never Going Home","Kungs",2021-05-21,169944,67,false,azvwtt6iohg3hran3hxv47xn6,2022-01-17T16:17:53Z,"","Universal Music Division Polydor France",0.836,0.846,0,-4.673,1,0.0392,0.0907,0.047,0.057,0.942,122.042,4
spotify:track:41Xpl03WEZiMayIl03hp9f,"Antibodies - Dombresky & Boston Bun Remix","Antibodies (Dombresky & Boston Bun Remix)","Tensnake;Dombresky;Boston Bun;Cara Melín",2021-08-20,175281,0,false,azvwtt6iohg3hran3hxv47xn6,2022-01-17T16:17:56Z,"nu disco,deep house,disco house,bass house,tech house,g-house,house,house francés","Kontor Records",0.735,0.898,10,-4.913,1,0.0461,0.0131,0.0648,0.0164,0.646,123.003,4
spotify:track:2odfKlY77Ng9g6XbK1qhtS,"No More Looking Back (feat. Steffanie Christi'an) - David Penn Remix","No More Looking Back (feat. Steffanie Christi'an) [David Penn Remix]","IDRIS;Inner City;Steffanie Christi'an;David Penn",2021-08-06,185375,0,false,azvwtt6iohg3hran3hxv47xn6,2022-01-17T16:18:03Z,"acid house,house de chicago,funky house,disco house,tech house","Defected Records",0.788,0.871,8,-5.065,0,0.0633,0.000206,0.00213,0.0951,0.558,123.012,4
spotify:track:2XgL3CivHKwIMmrlP2uqad,"Good Luck (feat. Pia Mia) - VIP Remix","Good Luck (VIP Remix)","James Hype;Pia Mia",2021-07-30,207619,27,false,azvwtt6iohg3hran3hxv47xn6,2022-01-17T16:18:08Z,"house,tech house","Universal-Island Records Ltd.",0.839,0.916,0,-6.751,1,0.0451,0.00376,0.0399,0.0916,0.755,125.982,4
spotify:track:6jddphHdLbKJ8T1uaQ2Snb,"How We Do - Raffa FL Radio Edit","How We Do : The Remixes 2021","Raffa Fl;Mr. V",2021-02-19,209751,0,false,azvwtt6iohg3hran3hxv47xn6,2022-01-17T16:18:12Z,"house latino,tech house,techengue,funky house","Criminal Hype",0.736,0.898,7,-7.773,1,0.0346,0.000195,0.757,0.127,0.835,123.008,4
spotify:track:4Qe4rliV6waetev54wQYxH,"High On You","Jack The House 2","Matroda",2021-08-20,163275,13,false,azvwtt6iohg3hran3hxv47xn6,2022-01-17T16:18:15Z,"bass house,tech house,g-house,house,electro house","Terminal Underground",0.803,0.968,5,-4.145,0,0.0741,0.00252,0.623,0.0393,0.773,125,4
spotify:track:76awYqhevx7JdT5psrhJP5,"All Over Again - Deeper Purpose Remix","All Over Again (Deeper Purpose Remix)","Saffron Stone;Deeper Purpose",2021-08-13,214500,7,false,azvwtt6iohg3hran3hxv47xn6,2022-01-17T16:18:19Z,"tech house,house","Lovejuice Records",0.732,0.959,7,-5.344,1,0.0638,0.0103,0.74,0.054,0.843,126.995,4
spotify:track:4ip0qLoYmHJiDEj4f5MnOp,"House Music Forever","House Music Forever","Sidney Samson;Jules Brand;Sjaak",2021-08-06,194400,12,false,azvwtt6iohg3hran3hxv47xn6,2022-01-17T16:18:32Z,"","BassElektro Records",0.612,0.995,3,-5.095,1,0.0867,0.00191,0.552,0.34,0.696,125.021,4
spotify:track:6FIMkyHbGmBwdTTLexMb9h,"Sometimes","Sometimes","Martin Ikin",2021-07-16,205511,0,false,azvwtt6iohg3hran3hxv47xn6,2022-01-17T16:18:35Z,"tech house,house","Ultra Records",0.803,0.958,0,-5.982,1,0.0556,0.0159,0.148,0.303,0.711,126.985,4
spotify:track:7lSLxfk2ojN6y6L85s0qbz,"Moving Blind - Biscits Remix","Moving Blind (Remixes)","Sonny Fodera;Dom Dolla;Biscits",2020-09-10,221428,0,false,azvwtt6iohg3hran3hxv47xn6,2022-01-17T16:18:38Z,"house,tech house","Solotoko",0.816,0.868,8,-8.791,1,0.0981,0.0484,0.701,0.0514,0.834,126.012,4
spotify:track:1JfryJlUV7RuCdTOSSVbwN,"LO*E DR*G","L*VE DR*G","PAX",2021-03-19,181417,28,true,azvwtt6iohg3hran3hxv47xn6,2022-01-17T16:18:45Z,"tech house","Off The Key",0.864,0.974,9,-6.923,1,0.0702,0.0272,0.0476,0.064,0.326,126.992,4
spotify:track:5WqCyo6sRW3xP5gz6lPgaq,"Transition","Transition","Biscits",2020-10-30,205148,30,false,azvwtt6iohg3hran3hxv47xn6,2022-01-17T16:18:51Z,"tech house,house","Good Company",0.83,0.724,10,-8.772,0,0.0743,0.245,0.339,0.0519,0.823,125.968,4
spotify:track:2u61hhtXuS0oGUjmmJpIBp,"Shaki's Theme","Shaki's Theme","Wild Dogs",2020-08-26,345600,5,false,azvwtt6iohg3hran3hxv47xn6,2022-01-17T16:19:00Z,"tech house","Independent",0.681,0.998,6,-4.278,0,0.0668,0.00374,0.853,0.104,0.325,124.986,4
spotify:track:0yvPTNzH1e1V2rdbUGrVFp,"Elevate","Elevate","Deeper Purpose",2020-09-25,211653,0,false,azvwtt6iohg3hran3hxv47xn6,2022-01-17T16:19:03Z,"tech house,house","Catch & Release",0.738,0.868,9,-8.902,0,0.0611,0.12,0.863,0.156,0.124,126.994,4
spotify:track:1gvSRXRT2q1tKzkOXrmpJi,"Take It","Take It","Dom Dolla",2018-10-12,234440,0,false,azvwtt6iohg3hran3hxv47xn6,2022-01-17T16:19:06Z,"house,tech house","Spinnin' Deep",0.851,0.742,0,-6.126,1,0.0377,0.0259,0.256,0.111,0.236,123.033,4
spotify:track:2hKn5LZODyRfDNo9HiHHOq,"Feels Good","Feels Good","Marc Volt;Elliot Fitch",2020-05-01,279510,3,false,azvwtt6iohg3hran3hxv47xn6,2022-01-17T16:19:09Z,"tech house,disco house","Club Sweat",0.733,0.899,2,-8.764,1,0.0463,0.00072,0.795,0.0502,0.471,124.014,4
spotify:track:66yik17dX3eiuS5PetLJ0X,"More Life","More Life","Torren Foot",2019-11-22,201598,30,false,azvwtt6iohg3hran3hxv47xn6,2022-01-17T16:19:13Z,"tech house","Club Sweat",0.675,0.928,8,-3.756,1,0.0946,0.00124,0.811,0.395,0.525,125.037,4
spotify:track:438nT6rY9pcGs1EOZK8bEu,"2AM (feat. Carla Monroe) - Martin Ikin Remix","2AM (Remixes) (feat. Carla Monroe)","MK;Carla Monroe;Martin Ikin",2020-09-18,201411,15,false,azvwtt6iohg3hran3hxv47xn6,2022-01-17T16:19:16Z,"house,tech house","Columbia",0.738,0.924,2,-6.249,0,0.0437,0.0013,0.9,0.0831,0.236,123.996,4
spotify:track:3eYNX0OgRjzfQkkXPe2tJJ,"Sketches - Shlomi Aber Version","Sketches","Kenny Larkin;Shlomi Aber",2009-06-15,456877,4,false,azvwtt6iohg3hran3hxv47xn6,2022-01-20T14:49:33Z,"acid house,minimal techno,idm,techno,house de chicago,acid techno","Be As One",0.806,0.821,6,-7.826,1,0.0568,0.00102,0.869,0.111,0.413,127.003,4
spotify:track:3aLsMcZZTLgQqjpWgeWMMM,"Liquor Store","Liquor Store","Joel Corry",2022-02-02,201868,1,true,azvwtt6iohg3hran3hxv47xn6,2022-02-06T15:06:04Z,"dance pop","D4 D4NCE",0.803,0.932,0,-7.123,1,0.0912,0.0225,0.581,0.078,0.726,124.963,4
spotify:track:3MK2rvp7XjarzRKFrPGMOb,"Disconnected","Disconnected","James Hype;Tita Lau",2021-12-10,194523,54,false,azvwtt6iohg3hran3hxv47xn6,2022-02-06T15:10:47Z,"house,tech house","Solotoko",0.842,0.811,2,-6.476,1,0.109,0.00579,0.176,0.0702,0.594,125.995,4
spotify:track:630fy1dTAKtfY1DJXLYyds,"Alley Rave","Alley Rave","Andrea Oliva",2022-01-14,364099,0,false,azvwtt6iohg3hran3hxv47xn6,2022-02-06T15:12:26Z,"tech house,afro house,house,house melódico","Trick",0.804,0.967,7,-7.469,1,0.0612,0.00253,0.93,0.0627,0.673,127.979,4
spotify:track:3I10tZ5MgEMo4WryCNJkZQ,"Won't Forget You (Edit)","Won't Forget You","Shouse",2022-02-04,230945,63,false,azvwtt6iohg3hran3hxv47xn6,2022-02-06T15:16:23Z,"","Hell Beach",0.656,0.655,7,-6.766,0,0.024,0.02,0.00816,0.103,0.555,127.001,4
spotify:track:3orvoGKOfx3H2WB0qYbHs7,"Do It All Night","Do It All Night","DJ Minx",2022-01-28,466733,24,false,azvwtt6iohg3hran3hxv47xn6,2022-02-06T15:17:13Z,"","Planet E Communications",0.685,0.844,1,-6.623,1,0.0563,0.00000519,0.727,0.0266,0.448,125.044,4
spotify:track:77uXlUY5qtAxiN1UCtAcyF,"Garden","Garden","Emily Nash",2022-01-14,215645,34,false,azvwtt6iohg3hran3hxv47xn6,2022-02-06T15:23:32Z,"","Ministry of Sound Recordings",0.664,0.874,4,-5.918,0,0.0378,0.00999,0.256,0.189,0.729,127.971,4
spotify:track:6f6BSEmjqw43GVwTrArNgU,"Devoted (feat. Byron Stingily)","Devoted (feat. Byron Stingily)","Martin Ikin;Byron Stingily",2021-12-03,203149,0,false,azvwtt6iohg3hran3hxv47xn6,2022-02-06T15:28:33Z,"tech house,house,house de chicago,funky house,disco house","Ultra Records",0.767,0.864,3,-5.903,1,0.0469,0.0075,0.19,0.276,0.343,127.013,4
spotify:track:1efNXameWDHwW1Bx0jgG0j,"On My Mind","On My Mind","Mashd N Kutcher",2021-10-29,131637,0,false,azvwtt6iohg3hran3hxv47xn6,2022-02-06T15:40:48Z,"","Universal Music Australia Pty. Ltd.",0.632,0.943,6,-3.302,0,0.161,0.00597,0.00145,0.0827,0.909,124.09,4
spotify:track:4WbSbQyu0PXzlKZ9mVDRX8,"That Girl","That Girl","Phil Fuldner",2022-01-07,148583,54,false,azvwtt6iohg3hran3hxv47xn6,2022-02-06T15:40:52Z,"disco house,funky house","Armada Subjekt",0.732,0.969,5,-3.812,0,0.0576,0.000764,0.074,0.177,0.675,122.05,4
spotify:track:132fXaozCi3EKmNgTnWmiW,"O Retha","O Retha","LP Giobbi;Crush Club",2021-10-08,228407,0,false,azvwtt6iohg3hran3hxv47xn6,2022-02-06T15:40:57Z,"house","D4 D4NCE",0.703,0.968,9,-2.851,0,0.0619,0.0124,0.442,0.0461,0.499,123.988,4
spotify:track:6k19FYu008ZPoZmLs3nd25,"Soul & Flavour","Soul & Flavour","Marvin Aloys",2021-12-10,232258,0,false,azvwtt6iohg3hran3hxv47xn6,2022-02-06T15:54:36Z,"disco house,funky house,nu disco","1st Strike",0.785,0.84,10,-7.063,1,0.0366,0.000415,0.908,0.0951,0.318,124,4
spotify:track:6Foy9l2sUmvya0zZOe1wI6,"Higher","Higher","Felix Leiter;LEFTI;The Melody Men",2022-01-07,185806,28,false,azvwtt6iohg3hran3hxv47xn6,2022-02-06T15:54:41Z,"house,disco house,nu disco,funky house,tech house","Let There Be House Records",0.721,0.926,5,-3.989,0,0.0954,0.00466,0.00735,0.335,0.503,123.99,4
spotify:track:4vWWE2y8Gk7KgXtewmTFLg,"Roots","Roots EP","Damian Rausch",2021-09-01,343647,13,false,azvwtt6iohg3hran3hxv47xn6,2022-02-06T15:58:50Z,"lo-fi house,deep house","Monologues Records",0.839,0.643,11,-8.929,0,0.188,0.108,0.528,0.0787,0.627,124.013,4
spotify:track:6jLjRDCcNBlmckqvf9tfKL,"You Don't Know Me","You Don’t Know Me","Duane Harden;House Gospel Choir",2021-12-17,215231,0,false,azvwtt6iohg3hran3hxv47xn6,2022-02-08T17:54:09Z,"future house","Ultra Records",0.659,0.913,5,-4.687,0,0.122,0.178,0.00000612,0.261,0.927,129.983,4
spotify:track:1kXTAsPAd5R8ynSVD6qRDd,"Back Tomorrow - Extended Mix","Back Tomorrow","Ferreck Dawn;Jem Cooke",2021-10-29,355317,0,false,azvwtt6iohg3hran3hxv47xn6,2022-02-08T17:54:14Z,"tech house,house","Defected Records",0.85,0.637,8,-7.338,1,0.0812,0.00839,0.000369,0.0709,0.645,125.007,4
spotify:track:66HB3QjqHIl9VF4O7ojyEB,"Slow Down","Slow Down","TS7",2022-01-14,191953,43,false,azvwtt6iohg3hran3hxv47xn6,2022-02-08T17:54:19Z,"bassline,drum and bass,bass house,uk garage","TS7",0.698,0.87,4,-5.278,0,0.039,0.0683,0.147,0.1,0.398,127.937,4
spotify:track:6WarP4oMloYg0Z8H8IHeDq,"Love Again","Love Again","CHANEY;Nu-La",2022-01-21,190512,50,false,azvwtt6iohg3hran3hxv47xn6,2022-02-08T17:54:25Z,"disco house,funky house,drum and bass","Toolroom",0.678,0.877,0,-4.86,0,0.0547,0.0889,0,0.245,0.379,125.978,4
spotify:track:2I8xBxd5peNvfQF7XhfoOV,"Perfect","Perfect","Westend",2021-11-12,161000,0,false,azvwtt6iohg3hran3hxv47xn6,2022-02-08T17:54:50Z,"stutter house","D4 D4NCE",0.665,0.969,9,-3.829,0,0.0408,0.0163,0.012,0.299,0.899,124.995,4
spotify:track:0VVsLXAYnzm3njaefKmOhC,"Dance with That Groove","Dance with That Groove","SKIY;Deeperlove",2021-11-12,173565,20,false,azvwtt6iohg3hran3hxv47xn6,2022-02-08T17:54:55Z,"techno melódico,hipertechno","A BIRD CALLED PETER",0.731,0.972,1,-4.276,1,0.0699,0.00812,0.0226,0.206,0.675,125.017,4
spotify:track:2H39iFssrfIvFm66Bm43AR,"Do It All Night - Honey Dijon Remix [Radio Edit]","Do It All Night (Honey Dijon Remix [Radio Edit])","DJ Minx;Honey Dijon",2022-01-12,252720,17,false,azvwtt6iohg3hran3hxv47xn6,2022-02-08T17:55:10Z,"voguing","Planet E Communications",0.737,0.894,1,-7.553,1,0.0611,0.000157,0.573,0.186,0.135,124.954,4
spotify:track:1yxKIMxQkcq9oBw90osPzw,"Stupidisco (David Penn Remix)","Stupidisco (David Penn Remix)","Junior Jack;David Penn",2021-07-09,191562,48,false,azvwtt6iohg3hran3hxv47xn6,2022-02-08T17:55:14Z,"disco house,funky house,house francés,tech house","Tinted Records",0.729,0.955,5,-5.474,0,0.0518,0.0254,0.562,0.052,0.927,123.027,4
spotify:track:2sTEiEN6OTO9Xi7ZE2DFs0,"Save Our Soul - Rework 2021","Save Our Soul (Rework 2021)","Bob Sinclar",2021-10-29,156189,0,false,azvwtt6iohg3hran3hxv47xn6,2022-02-09T19:14:39Z,"house francés,disco house","Yellow productions",0.658,0.987,3,-4.697,0,0.0821,0.000537,0.912,0.736,0.156,126.019,4
spotify:track:0F3dDjUap1EI7YtAFQ9UZu,"Best Kinda Love","Best Kinda Love","Kim Kaey",2021-09-10,141411,22,false,azvwtt6iohg3hran3hxv47xn6,2022-02-09T19:15:53Z,"house latino","SPRS",0.709,0.948,4,-5.261,0,0.0701,0.0065,0.397,0.221,0.225,123.96,4
spotify:track:1oLcBdX94CvaIRzdpTJA8u,"Soul Searcher","Soul Searcher","Wh0;Kideko",2021-09-03,188160,45,false,azvwtt6iohg3hran3hxv47xn6,2022-02-09T19:15:57Z,"disco house,funky house,tech house,house","Toolroom",0.697,0.914,9,-4.559,0,0.117,0.0045,0.0000635,0.0928,0.491,124.992,4
spotify:track:1uRkLJG9sdMFIB8Hb18uGx,"Lost Myself Again","Lost Myself Again","JADED",2022-01-21,172826,41,false,azvwtt6iohg3hran3hxv47xn6,2022-02-09T19:16:01Z,"tech house","Sink or Swim",0.803,0.823,2,-5.968,1,0.0598,0.00596,0.0012,0.336,0.769,124.998,4
spotify:track:2LvBuNhDu3SWaPudMo2zGq,"2001","2001","Daniel Steinberg",2022-01-14,219028,16,false,azvwtt6iohg3hran3hxv47xn6,2022-02-09T19:16:06Z,"funky house","ARMS & LEGS",0.804,0.932,7,-5.899,1,0.0942,0.000359,0.504,0.035,0.304,124.989,4
spotify:track:1PN4EVmC90dAcehimdPbrz,"Belter","Belter","Ben Delay",2021-11-19,129000,18,false,azvwtt6iohg3hran3hxv47xn6,2022-02-09T19:16:09Z,"","Toolroom Trax",0.712,0.966,2,-4.171,1,0.0478,0.103,0.399,0.271,0.245,124.016,4
spotify:track:12RAnp0xkdW22UGfgejElE,"Feel The Vibe","Feel The Vibe","Martin Ikin;Astrotrax;Shola Phillips",2022-01-07,185193,38,false,azvwtt6iohg3hran3hxv47xn6,2022-02-09T19:16:17Z,"tech house,house,house melódico","Toolroom",0.699,0.962,7,-5.848,1,0.0743,0.00105,0.501,0.185,0.531,127.041,4
spotify:track:5nIL1etglKhsfxRPcVhbjq,"Who Am I","Who Am I","Alinka",2021-12-10,232500,0,false,azvwtt6iohg3hran3hxv47xn6,2022-02-09T19:16:29Z,"house de chicago,acid house,indie dance","Bambossa",0.726,0.855,0,-7.386,1,0.0418,0.00858,0.72,0.163,0.566,128.01,4
spotify:track:14laWj2VYgjR5IaHMc6jWV,"Jam #1","Jam #1","Demuja",2022-01-07,271627,0,false,azvwtt6iohg3hran3hxv47xn6,2022-02-09T19:16:35Z,"lo-fi house,jazz house,disco house","MUJA",0.796,0.787,10,-7.97,0,0.0517,0.0171,0.864,0.0736,0.403,129.006,4
spotify:track:3HJr6Bql5OLIqMfg2qm990,"Eros","Eros","Dusky",2021-10-06,284460,23,false,azvwtt6iohg3hran3hxv47xn6,2022-02-09T20:54:41Z,"deep house,house","17 Steps",0.758,0.735,10,-6.45,1,0.0542,0.00342,0.848,0.121,0.176,130.002,4
spotify:track:6htMsGNmVTAuo17L6qnrsn,"Cloud 9","Cloud 9","Joshwa",2022-01-21,200930,22,false,azvwtt6iohg3hran3hxv47xn6,2022-02-09T20:54:45Z,"tech house,house,house latino","Lovejuice Records",0.776,0.878,10,-7.132,0,0.0874,0.116,0.609,0.0617,0.355,129.001,4
spotify:track:7KJwlAWtpbQzTGkJSrBbnk,"Honey Bee - Edit","Honey Bee","Ninetoes",2021-12-10,263931,0,false,azvwtt6iohg3hran3hxv47xn6,2022-02-09T20:54:49Z,"house latino,tech house","Head To Toe",0.801,0.745,9,-8.886,0,0.0439,0.0375,0.684,0.0884,0.761,128.006,4
spotify:track:0JducI21bTS9MDBp7Npgmd,"Pioneer Housing Area","Pioneer Housing Area","Lauer",2021-12-10,324801,12,false,azvwtt6iohg3hran3hxv47xn6,2022-02-09T20:54:53Z,"disco italiana,indie dance,nu disco","AVA. Records",0.62,0.773,7,-8.099,0,0.047,0.00343,0.659,0.0761,0.891,125.998,4
spotify:track:47szONa0oxehaQzrCvUEn1,"The Ride - Radio-Edit","The Ride","Dompe",2021-12-03,232784,3,false,azvwtt6iohg3hran3hxv47xn6,2022-02-09T20:54:57Z,"funky house,tech house","Jackfruit Recordings",0.803,0.95,7,-7.578,1,0.114,0.00336,0.806,0.325,0.568,124.022,4
spotify:track:4zZaEwf8Ss9cJWNiFBRT8I,"Can't Stop Now (feat. Anelisa Lamola)","Can't Stop Now (feat. Anelisa Lamola)","MistaJam;Anelisa Lamola",2021-11-05,140192,0,false,azvwtt6iohg3hran3hxv47xn6,2022-02-09T20:55:01Z,"","D4 D4NCE",0.513,0.947,4,-5.325,0,0.0457,0.0145,0.0444,0.286,0.592,127.989,4
spotify:track:3OZUrZBtQCiMmpoZquu0BS,"Work (feat. Dave Giles II, Cor.Ece & Mike Dunn)","Work (feat. Dave Giles II, Cor.Ece & Mike Dunn)","Honey Dijon;Dave Giles II;Cor.Ece;Mike Dunn",2022-01-21,181801,0,true,azvwtt6iohg3hran3hxv47xn6,2022-02-09T20:55:24Z,"voguing,hip house,house de chicago,disco house,funky house,acid house,house","Classic Music Company",0.762,0.707,10,-7.306,0,0.0437,0.00251,0.00685,0.073,0.717,124.956,4
spotify:track:7efhzLb9d7Sp7xcYna8LGF,"Show Girl","Show Girl","Superlover",2021-12-10,263709,0,false,azvwtt6iohg3hran3hxv47xn6,2022-02-09T20:55:27Z,"funky house,disco house,nu disco","Superlover Music",0.854,0.817,5,-7.964,0,0.122,0.00106,0.679,0.0948,0.848,123.974,4
spotify:track:3HsNg9KNJ7FPmFxemLgJiG,"Call Me - CINTHIE Remix","Call Me (CINTHIE Remix)","Tensnake;HËXĖ;CINTHIE",2021-12-10,204197,11,false,azvwtt6iohg3hran3hxv47xn6,2022-02-09T20:55:31Z,"nu disco,deep house,disco house,acid techno,lo-fi house","Armada Music",0.645,0.909,9,-6.714,0,0.0348,0.0145,0.661,0.222,0.4,124.007,4
spotify:track:3Ncgj12Qf2bmw6FAStRUB4,"Underground Is My Home - Crazibiza Remix","Underground Is My Home (Remix)","Dennis Ferrer;Tyrone Ellis;Crazibiza",2021-05-14,360960,0,false,azvwtt6iohg3hran3hxv47xn6,2022-02-09T20:55:35Z,"funky británico,deep house,funky house,house,afro house,disco house,nu disco,house latino","King Street Sounds",0.87,0.954,0,-5.918,1,0.0502,0.000335,0.85,0.0504,0.456,124.993,4
spotify:track:3uqsEcdRWuZWkgQdhxwaxU,"Get This Feeling","Get This Feeling","Mark Knight;Darius Syrossian;Prospect Park",2021-11-05,170039,35,false,azvwtt6iohg3hran3hxv47xn6,2022-02-09T20:55:44Z,"tech house,house,disco house,funky house,house progresivo,nu disco","Armada Subjekt",0.68,0.989,0,-2.891,0,0.126,0.0171,0.167,0.463,0.288,126.969,4
spotify:track:5WN9wAj9Bn8Rf8i4cesLmJ,"After All This Time","Chicago 87","VIGI",2021-03-12,379200,26,false,azvwtt6iohg3hran3hxv47xn6,2022-02-09T20:55:48Z,"disco house,nu disco,funky house","NDYD Records",0.836,0.6,10,-9.211,0,0.0804,0.0098,0.2,0.093,0.0444,125.044,4
spotify:track:2DYmcRx3H4gZqI9bIpj4yQ,"Deadbeat","Deadbeat","Deeperlove;Two and Eight",2021-08-20,146740,8,false,azvwtt6iohg3hran3hxv47xn6,2022-02-09T20:55:51Z,"hipertechno","Playbox Music",0.632,0.949,11,-5.34,1,0.0519,0.000597,0.9,0.712,0.608,125.046,4
spotify:track:6phdl1bFmpw10p5zyrkGfn,"Fire in Da House","Fire in Da House","ManyFew",2022-01-28,141904,0,false,azvwtt6iohg3hran3hxv47xn6,2022-02-11T17:36:08Z,"deep house","ManyFew Records",0.596,0.896,7,-5.416,1,0.0402,0.000593,0.0441,0.0709,0.726,125.978,4
spotify:track:6ZqWXWIh6yy2tfJwX0xnO3,"Love Boy","Love Boy","J. Worra",2022-02-11,156895,28,false,azvwtt6iohg3hran3hxv47xn6,2022-02-11T17:36:31Z,"house,tech house","Sink or Swim",0.789,0.793,3,-7.868,0,0.109,0.0252,0.00132,0.194,0.78,123.972,4
spotify:track:4LW9Va0bKfmHTruw5WoSsM,"Take You There","Take You There","ESSEL",2022-02-11,252000,23,false,azvwtt6iohg3hran3hxv47xn6,2022-02-11T17:37:10Z,"tech house","Solotoko",0.623,0.879,8,-6.162,1,0.0312,0.00692,0.9,0.251,0.466,123.987,4
spotify:track:4HoFpxq4jASORRn0eluKI6,"Don't Matter","Don't Matter","Glen Horsborough;Karmina Dai",2022-02-04,232919,20,false,azvwtt6iohg3hran3hxv47xn6,2022-02-11T17:37:25Z,"funky house,disco house,nu disco","Milk & Sugar Recordings",0.819,0.846,5,-5.453,0,0.0562,0.00342,0.0943,0.0393,0.603,124.041,4
spotify:track:1tOtlPvPgbb7inIrLx3K4j,"Love My Own Way - Dub Mix","Love My Own Way","Andy Bach;Suki Soul",2022-02-04,402540,0,false,azvwtt6iohg3hran3hxv47xn6,2022-02-11T17:37:28Z,"nu disco,funky house,disco house,indie dance","King Street Sounds",0.744,0.88,10,-7.846,1,0.0348,0.0000731,0.823,0.172,0.806,121.997,4
spotify:track:47BXQXlud1OcAxXixZJEnr,"Tribe","Tribe","Shermanology",2022-02-04,225000,30,false,azvwtt6iohg3hran3hxv47xn6,2022-02-11T17:38:41Z,"tech house,house","D'EAUPE",0.804,0.81,11,-7.238,0,0.0866,0.00408,0.0423,0.149,0.735,128.014,4
spotify:track:5Vdav4n7fApxwSy3inYJDJ,"Rainbow Jones","Rainbow","Dompe",2021-09-10,337920,9,false,azvwtt6iohg3hran3hxv47xn6,2022-02-11T17:39:18Z,"funky house,tech house","Jackfruit Recordings",0.671,0.763,7,-6.693,0,0.0429,0.00169,0.94,0.213,0.337,125.01,4
spotify:track:2jxWnAWHZTWd04lrEkyZcC,"Soul on Fire","Soul on Fire","Babert;Nathalie Miranda",2021-10-08,175750,13,false,azvwtt6iohg3hran3hxv47xn6,2022-02-11T17:39:22Z,"disco house,nu disco,funky house","Milk & Sugar Recordings",0.818,0.949,0,-3.65,0,0.0753,0.0613,0.0135,0.0649,0.912,123.998,4
spotify:track:5cGkRI7JWsi2BTQJVIeKBj,"Higher Ground","Picture: Johannes Brecht","Johannes Brecht",2021-12-10,241951,0,false,azvwtt6iohg3hran3hxv47xn6,2022-02-11T17:39:26Z,"techno melódico,house melódico","Diynamic Music",0.624,0.869,10,-8.687,0,0.0353,0.00392,0.78,0.187,0.249,122.994,4
spotify:track:603pPHCZn9Ng9K9woYdWEd,"Blackpool Boulevard - Edit","Blackpool Boulevard","Anish Kumar;Barry Can't Swim",2021-11-18,215768,55,false,azvwtt6iohg3hran3hxv47xn6,2022-02-11T17:39:29Z,"disco house,jazz house","Technicolour",0.598,0.907,0,-7.13,0,0.0371,0.0123,0.868,0.219,0.393,121.998,4
spotify:track:6BdxOTJdmtiy19FgivFqht,"Heaven or Hell","Heaven or Hell","Quantic",2021-10-08,209345,33,false,azvwtt6iohg3hran3hxv47xn6,2022-02-11T17:39:33Z,"nu jazz,trip hop,downtempo,electrocumbia,música alternativa latina,acid jazz","Aus Music",0.81,0.703,11,-7.901,0,0.0709,0.179,0.741,0.138,0.254,124.067,4
spotify:track:0ouFThIkQRyW52ELPVjtdQ,"All Of The Time - DJ Streaks Remix","All Of The Time (DJ Streaks Remix)","Jungle;Dj Streaks",2021-10-06,286312,0,false,azvwtt6iohg3hran3hxv47xn6,2022-02-11T17:39:36Z,"lo-fi house,disco house","Caiola Records",0.83,0.674,11,-7.886,0,0.0694,0.00199,0.9,0.122,0.748,123.992,4
spotify:track:3SJbebaJkjDISKkFW8l8JS,"25 Hundred Friends","Music for Friends","Coeo",2021-09-24,339776,39,false,azvwtt6iohg3hran3hxv47xn6,2022-02-11T17:39:40Z,"jazz house,disco house,funky house,nu disco,lo-fi house","Toy Tonics",0.783,0.789,6,-7.488,1,0.0395,0.00102,0.753,0.0689,0.886,124.986,4
spotify:track:2YCqJlMoBo5wrVUHtLCLfV,"In My Arms","In My Arms","Disclosure",2021-08-16,369466,0,false,azvwtt6iohg3hran3hxv47xn6,2022-02-11T17:39:49Z,"house","Disclosure",0.743,0.941,10,-10.058,0,0.0562,0.00228,0.703,0.335,0.285,126.315,4
spotify:track:1pMvhKoPZUS2GGsXHWv4C7,"Reasons","Band of Acid","Matrefakt",2021-05-21,410500,21,false,azvwtt6iohg3hran3hxv47xn6,2022-02-11T17:39:58Z,"acid house","Abandon Silence",0.687,0.819,11,-8.461,1,0.0413,0.0264,0.917,0.0792,0.0737,128.009,4
spotify:track:16LMJP0ci9YHA0kmNUjE1H,"Everybody Everybody (TCTS Remix) - Edit","All Blessed (Deluxe)","Faithless;TCTS",2021-11-05,209280,0,false,azvwtt6iohg3hran3hxv47xn6,2022-02-11T17:40:01Z,"trip hop,deep house,house latino","BMG Rights Management (UK) Limited",0.731,0.903,8,-5.157,1,0.0813,0.00142,0.0498,0.0851,0.699,125.019,4
spotify:track:5sbwAHGWXe6HHRKFSmHvbT,"Innadadance (feat. Suli Breaks & Jazzie B) - (Claptone Remix) [Edit]","Innadadance (feat. Suli Breaks & Jazzie B) [Claptone Remix] [Edit]","Faithless;Suli Breaks;Jazzie B.;Claptone",2021-08-03,192239,0,false,azvwtt6iohg3hran3hxv47xn6,2022-02-11T17:40:14Z,"trip hop,spoken word","BMG Rights Management (UK) Limited",0.67,0.95,11,-5.28,0,0.0428,0.0146,0.305,0.528,0.505,124.968,4
spotify:track:4P5PgzROl9jfv7mHTjS2MM,"Sunset Jam","Sunset Jam","Baltra",2021-07-23,281824,25,false,azvwtt6iohg3hran3hxv47xn6,2022-02-11T17:40:23Z,"lo-fi house","Shall Not Fade",0.757,0.832,2,-5.21,0,0.0475,0.33,0.313,0.104,0.48,123.976,4
spotify:track:2Q4nScd22kJ70CqQbQqWFD,"Palm Beach Banga","Palm Beach Banga","FISHER",2022-02-11,233836,0,false,azvwtt6iohg3hran3hxv47xn6,2022-02-22T17:41:28Z,"tech house,house","Catch & Release",0.766,0.799,0,-6.37,1,0.116,0.00918,0.00197,0.165,0.645,125.999,4
spotify:track:4AkpGE7ndYDXH192s9vQTU,"Back Tomorrow - GUZ Remix","Back Tomorrow (GUZ Remix)","Ferreck Dawn;Jem Cooke;Guz",2022-02-11,158688,0,false,azvwtt6iohg3hran3hxv47xn6,2022-02-22T17:41:40Z,"tech house,house","Defected Records",0.685,0.939,10,-4.576,1,0.0672,0.0717,0.000519,0.25,0.626,124.051,4
spotify:track:1AH6GkZnybM0R5WZZTj7GF,"Back Tae Ayr","Back Tae Ayr","Ewan McVicar",2021-11-19,332931,29,false,azvwtt6iohg3hran3hxv47xn6,2022-02-22T17:43:14Z,"","KOOKOO RECORDS",0.769,0.923,7,-6.146,1,0.142,0.00157,0.697,0.505,0.817,129.992,4
spotify:track:5e3EF3niG5U2ycCFc0seOL,"Sweat","Sweat","Redlight",2021-11-26,176372,19,false,azvwtt6iohg3hran3hxv47xn6,2022-02-22T17:43:17Z,"funky británico,bass house,bassline,house","Lobster Boy",0.746,0.893,4,-8.426,0,0.0782,0.00342,0.0624,0.359,0.443,127.975,4
spotify:track:6EEcPi3jwGYlG7BdMlnf42,"Typerope - Original Mix","Typerope EP","Mathew Jonson",2013-11-04,490983,35,false,azvwtt6iohg3hran3hxv47xn6,2022-02-22T18:33:49Z,"minimal techno","ITISWHATITIS Recordings",0.801,0.958,1,-10.959,1,0.0526,0.0000407,0.943,0.11,0.874,130.478,4
spotify:track:7eJholoRepkkrXmXmPTo4g,"Feels","Feels EP","Wh0;Just Aaron;Jinadu",2022-01-07,237600,0,false,azvwtt6iohg3hran3hxv47xn6,2022-02-24T18:49:07Z,"disco house,funky house,tech house,liquid funk","Wh0 Plays",0.722,0.954,8,-4.169,1,0.0764,0.0054,0.942,0.651,0.845,124.983,4
spotify:track:2U3wtVL8IfMeOpXuY37iR8,"I'm Coming","I'm Coming","Wh0",2021-06-11,220800,45,false,azvwtt6iohg3hran3hxv47xn6,2022-02-24T18:49:11Z,"disco house,funky house,tech house","Musical Freedom",0.81,0.915,8,-3.928,1,0.0657,0.0337,0.00000769,0.108,0.844,126.012,4
spotify:track:3PdLMTut7spFf9leWqBrjK,"Better Day (feat. Nile Rodgers & Josh Barry)","Better Day (feat. Nile Rodgers & Josh Barry)","Wh0;Nile Rodgers;Josh Barry",2021-03-26,149760,0,false,azvwtt6iohg3hran3hxv47xn6,2022-02-24T18:49:15Z,"disco house,funky house,tech house","Thrive Music, LLC",0.714,0.866,8,-5.483,0,0.09,0.00406,0.0178,0.292,0.646,125.072,4
spotify:track:7KTcpv7wPJ4r6lR5SLzurh,"Reaching Out","Reaching Out","Dillon Francis;Bow Anderson",2021-08-20,134584,32,false,azvwtt6iohg3hran3hxv47xn6,2022-02-24T18:50:24Z,"moombahton,edm","Mad Decent",0.782,0.748,0,-4.32,1,0.0523,0.0629,0,0.1,0.571,123.937,4
spotify:track:0VXiQyEzp4bLiFLGDW3Svt,"Get This Feeling","Get This Feeling","Mark Knight;Darius Syrossian;Prospect Park",2021-11-05,170039,5,false,azvwtt6iohg3hran3hxv47xn6,2022-02-24T18:56:47Z,"tech house,house,disco house,funky house,house progresivo,nu disco","Armada Subjekt",0.68,0.989,0,-2.891,0,0.125,0.0167,0.203,0.462,0.295,126.968,4
spotify:track:2qUxPDSr0zbKESfRqORTIs,"Experiment - Ant LaRock's Get Down On The Get Down","ANTICODON... THE STORY SO FAR (THE REMIXES)","Agency;ANT LaROCK",2021-12-17,334426,1,true,azvwtt6iohg3hran3hxv47xn6,2022-02-24T18:56:52Z,"house orgánico,tribal house,deep house","Anticodon",0.759,0.786,0,-8.52,1,0.125,0.0139,0.0403,0.0655,0.84,122.016,4
spotify:track:6yXiMkFRZAHWNW5mcsXE50,"House is a Feeling - Paola Shea Remix","House is a Feeling (Paola Shea Remix)","Todd Terry;SAX;Paola Shea",2022-02-11,186480,5,false,azvwtt6iohg3hran3hxv47xn6,2022-02-24T18:56:58Z,"house de chicago,house,hip house,melbourne bounce,bounce","InHouse Records",0.673,0.798,1,-9.512,1,0.153,0.00719,0.857,0.103,0.152,125.048,4
spotify:track:6CNtmwzn2ErISMZf3MJkdt,"Lego","Rollercoaster TLV","Adam Ten;Mita Gami",2021-10-22,386256,0,false,azvwtt6iohg3hran3hxv47xn6,2022-02-24T18:57:02Z,"indie dance,house melódico,tech house","Diynamic Music",0.81,0.654,7,-10.486,1,0.0551,0.0001,0.947,0.0817,0.151,120.01,4
spotify:track:3v9xkZchkv4I2bCQM8YAux,"Check Out The Groove","Check Out The Groove","Soul Avengerz;Odyssey Inc.",2020-01-06,368225,31,false,azvwtt6iohg3hran3hxv47xn6,2022-02-24T18:58:23Z,"disco house,funky house,nu disco","Springbok Records",0.715,0.952,2,-2.365,1,0.0717,0.0119,0.547,0.0648,0.847,124.005,4
spotify:track:1esotkXrQ69qWz5kNapOBw,"Don't Let The Morning Come","Don't Let The Morning Come","Soul Avengerz;Javine",2006-01-01,187236,22,false,azvwtt6iohg3hran3hxv47xn6,2022-02-24T18:58:30Z,"disco house,funky house,nu disco,r&b británico","Positiva/Virgin",0.708,0.873,4,-4.105,0,0.0387,0.027,0.000203,0.89,0.782,127.008,4
spotify:track:10nAcod21q3CCIYXRSk7AZ,"Get on the Beers","Get on the Beers","Mashd N Kutcher;Dan Andrews",2020-10-26,193593,0,false,azvwtt6iohg3hran3hxv47xn6,2022-02-24T18:59:37Z,"","Brewery Records",0.687,0.961,1,-4.684,0,0.231,0.0325,0,0.356,0.686,123.952,4
spotify:track:2Zas2J5jmKyH2xZC8hGUap,"Need Me - Jesse Bloch Remix","Need Me (The Remixes)","Mashd N Kutcher;Sammi Constantine;Jesse Bloch",2018-03-26,187500,41,false,azvwtt6iohg3hran3hxv47xn6,2022-02-24T18:59:43Z,"hipertechno","Universal Music Australia Pty. Ltd.",0.676,0.823,11,-5.272,0,0.0543,0.0127,0,0.054,0.388,128.089,4
spotify:track:4mVKdnUMkuQlGQ7cRqcAPY,"Don’t Stop Believin’","Don’t Stop Believin’","Mashd N Kutcher;Addison",2018-07-06,175351,35,false,azvwtt6iohg3hran3hxv47xn6,2022-02-24T18:59:46Z,"","Universal Music Australia Pty. Ltd.",0.566,0.804,2,-4.231,1,0.033,0.0286,0,0.293,0.354,125.972,4
spotify:track:38rau7v1Q8RX4ZYmpdFUpn,"My Sunshine","My Sunshine","Mashd N Kutcher",2015-12-11,174882,35,false,azvwtt6iohg3hran3hxv47xn6,2022-02-24T18:59:51Z,"","WM Australia",0.699,0.811,4,-2.886,1,0.0467,0.0112,0.000275,0.137,0.592,125.964,4
spotify:track:0NPDoArWeGDBcGzO5m7g4t,"Organ (DJ-Kicks) - Edit","Organ","CINTHIE",2022-03-03,216774,23,false,azvwtt6iohg3hran3hxv47xn6,2022-03-04T21:17:38Z,"acid techno,lo-fi house,disco house","!K7 Records",0.763,0.732,5,-8.85,0,0.108,0.0206,0.346,0.0341,0.488,124.01,4
spotify:track:1twVQMXsjV9VhyhWgXDILE,"Lowcut","Higher Love","Albert Vogt;Mac-Kee",2022-02-17,342345,2,false,azvwtt6iohg3hran3hxv47xn6,2022-03-04T21:17:43Z,"lo-fi house","Soul Pattern",0.801,0.517,1,-8.804,0,0.0821,0.000708,0.641,0.0571,0.911,124.003,4
spotify:track:4aXij4j5BNOKKNrxgA6wc6,"Togetherness","Togetherness","LP Giobbi;hermixalot",2022-03-04,220952,0,false,azvwtt6iohg3hran3hxv47xn6,2022-03-04T21:17:48Z,"house","Insomniac Records",0.712,0.868,10,-5.618,1,0.08,0.00355,0.0117,0.035,0.779,126.018,4
spotify:track:3fvsxmytTns1ApIWBqfANZ,"Temptation (feat. Poppy Baskcomb)","Temptation (feat. Poppy Baskcomb)","Jess Bays;Poppy Baskcomb",2022-02-18,172197,59,false,azvwtt6iohg3hran3hxv47xn6,2022-03-04T21:18:04Z,"house","Good Company",0.744,0.703,3,-8.111,0,0.048,0.0195,0.00449,0.141,0.819,125.023,3
spotify:track:1xLQkOUvCKqAlFt974GTfn,"Can't Stop Thinking About","Can't Stop Thinking About","Logic1000",2022-02-24,208760,29,false,azvwtt6iohg3hran3hxv47xn6,2022-03-04T21:18:09Z,"lo-fi house","Therapy",0.803,0.791,4,-9.13,1,0.0605,0.00785,0.822,0.111,0.624,126.982,4
spotify:track:4naueqYpTPhMq2Ed5ZclZU,"You & I","You & I","Kim Kaey",2022-03-04,158709,12,false,azvwtt6iohg3hran3hxv47xn6,2022-03-04T21:18:21Z,"house latino","SPRS",0.582,0.87,11,-5.112,0,0.338,0.0517,0,0.638,0.675,124.022,4
spotify:track:5KUsaLMIpvXUlgvsEgOGJg,"Don't Wanna Hear It - Radio Edit","Don't Wanna Hear It","Tilman",2022-02-18,233200,23,false,azvwtt6iohg3hran3hxv47xn6,2022-03-04T21:18:39Z,"lo-fi house,disco house,funky house","KOOKOO RECORDS",0.807,0.833,10,-6.888,0,0.0369,0.0000376,0.332,0.0763,0.826,124.005,4
spotify:track:3nitglQHOlSpNpSV3R0XLG,"Gunny (In The Arms Of House)","Gunny (In The Arms Of House)","Dale Howard;Kevin Knapp",2022-03-04,200740,0,false,azvwtt6iohg3hran3hxv47xn6,2022-03-04T21:18:50Z,"tech house,house","Repopulate Mars",0.732,0.915,10,-6.853,0,0.0651,0.00697,0.0207,0.077,0.725,125.012,4
spotify:track:6BRJxAgTCr7zCOmTkZuY2Q,"You Wanna?","CircoLoco Records & NEZ Present CLR 002","NEZ",2022-02-25,215624,0,false,azvwtt6iohg3hran3hxv47xn6,2022-03-04T21:19:09Z,"","CircoLoco Records",0.872,0.714,9,-6.559,0,0.0739,0.00657,0.00109,0.0791,0.337,126.968,4
spotify:track:1of7LeashUaSrgqoa0XZHR,"I Don't Wanna Run","I Don't Wanna Run","D.O.D;RIELL",2021-08-06,187301,37,false,azvwtt6iohg3hran3hxv47xn6,2022-03-20T18:14:21Z,"house","Armada Music",0.732,0.801,6,-6.009,1,0.0363,0.0911,0.000727,0.0459,0.275,124.975,4
spotify:track:55vxJOfCXlkiFzELyNTYQm,"All Mine","All Mine","D.O.D",2021-05-14,151500,56,false,azvwtt6iohg3hran3hxv47xn6,2022-03-20T18:14:27Z,"house","Armada Music",0.777,0.746,6,-5.715,0,0.0382,0.0139,0.0805,0.0973,0.263,121.99,4
spotify:track:5qpKrG0B24tgBzg1aDNkM7,"According To Me - La Cumbia Cienaguera","According To Me","D.O.D",2019-02-22,182917,40,false,azvwtt6iohg3hran3hxv47xn6,2022-03-20T18:14:31Z,"house","Axtone Records",0.839,0.965,1,-0.131,1,0.0809,0.118,0.212,0.0873,0.0392,123.975,4
spotify:track:4lYCwQD1GjKmk7MpKSd5d9,"Lose My Mind (feat. Taylor Moody)","Lose My Mind (feat. Taylor Moody)","J. Worra;Taylor Moody",2022-03-25,196075,0,false,azvwtt6iohg3hran3hxv47xn6,2022-03-25T19:47:12Z,"house,tech house","D4 D4NCE",0.749,0.892,10,-6.074,0,0.0375,0.247,0.69,0.0257,0.907,124.044,4
spotify:track:2kq6IXx6doWendNFwa0rrl,"La Danza - Extended Mix","La Danza","John Summit",2022-03-11,339067,0,false,azvwtt6iohg3hran3hxv47xn6,2022-03-25T19:47:27Z,"house,tech house","Defected Records",0.801,0.884,6,-6.328,0,0.0419,0.00113,0.842,0.0604,0.386,125.998,4
spotify:track:09zjn22K3nWiiHU0JVxFDq,"Right 2 Left (feat. Busta Rhymes)","Diplo","Diplo;Melé;Busta Rhymes",2022-03-04,154011,20,false,azvwtt6iohg3hran3hxv47xn6,2022-03-25T19:47:31Z,"moombahton,tribal house,house latino,tech house,disco house,hip hop de la costa este","FFRR",0.822,0.872,1,-4.672,1,0.0592,0.0209,0.567,0.0845,0.351,127.017,4
spotify:track:1jfPDwDLutoomycodZ5Ylc,"Odyssey","Odyssey","Kolter",2022-03-25,348564,11,false,azvwtt6iohg3hran3hxv47xn6,2022-03-25T19:48:16Z,"house,tech house,lo-fi house","Shall Not Fade",0.785,0.975,4,-8.353,0,0.0573,0.000289,0.771,0.143,0.811,127.994,4
spotify:track:5ccNrAjwlxc3bJrmEjW18y,"Your Love","Your Love","Jay Robinson;The Melody Men",2022-03-04,194407,0,false,azvwtt6iohg3hran3hxv47xn6,2022-03-25T19:48:27Z,"","D4 D4NCE",0.797,0.863,0,-4.586,1,0.0656,0.016,0.107,0.0653,0.82,125.026,4
spotify:track:3MGrUBzPOmOGlxs0a5db3x,"Let's Go","Let's Go","Mark Hawkins",2022-03-25,433336,5,false,azvwtt6iohg3hran3hxv47xn6,2022-03-25T19:48:36Z,"lo-fi house","Aus Music",0.677,0.505,11,-10.611,0,0.0488,0.074,0.782,0.103,0.577,124.97,4
spotify:track:5hM4F7T6hEJUHdoVgukAiq,"Try","Try","ESSEL",2022-03-25,189120,36,false,azvwtt6iohg3hran3hxv47xn6,2022-03-25T19:48:39Z,"tech house","Toolroom",0.658,0.941,4,-4.26,0,0.119,0.0239,0.852,0.364,0.296,125.003,4
spotify:track:6aVk0HYYYJKcIDeh16kOvk,"Couple Bandz","Couple Bandz EP","Snakehips;Promnite",2022-03-18,224287,24,false,azvwtt6iohg3hran3hxv47xn6,2022-03-25T19:48:49Z,"","Never Worry Records",0.694,0.955,11,-3.436,0,0.0816,0.0034,0.676,0.387,0.748,121.961,4
spotify:track:17JX2K2JGzVBX4ApkfRoHk,"Money Can't Buy","Money Can't Buy","The Aston Shuffle;Fabich",2022-03-03,186266,0,false,azvwtt6iohg3hran3hxv47xn6,2022-03-25T19:48:57Z,"","Potion Records",0.859,0.704,0,-8.526,1,0.228,0.00724,0.0734,0.0912,0.642,125.055,4
spotify:track:0CEui1Dh1RtgE3kVHEvS4J,"Talking Walls - Dub","Talking Walls","Seth Troxler;Jaden Thompson",2022-03-25,399146,0,false,azvwtt6iohg3hran3hxv47xn6,2022-03-25T19:49:07Z,"tech house","Crosstown Rebels",0.801,0.799,11,-9.013,1,0.0489,0.0000221,0.902,0.0433,0.585,125.998,4
spotify:track:06QVgBw4YniTUvk1bcdoBk,"I Can Still Fly","I Can Still Fly","James Curd",2022-03-04,376190,0,false,azvwtt6iohg3hran3hxv47xn6,2022-03-25T19:49:12Z,"nu disco","Desert Hearts Records",0.783,0.786,10,-5.961,1,0.0639,0.00812,0.814,0.135,0.446,126.009,4
spotify:track:0bsdfTgzxOPN4RcZcGJJ3t,"It's A Killa","It's A Killa","Shermanology;FISHER",2022-03-11,200028,40,false,azvwtt6iohg3hran3hxv47xn6,2022-04-08T20:04:43Z,"tech house,house","Good Company",0.78,0.914,7,-5.282,1,0.0433,0.00353,0.00659,0.151,0.818,125.986,4
spotify:track:0b18g3G5spr4ZCkz7Y6Q0Q,"Rasputin","Rasputin","Majestic;Boney M.",2021-02-26,186209,83,false,azvwtt6iohg3hran3hxv47xn6,2022-04-12T20:41:02Z,"disco","NITRON music",0.758,0.913,6,-2.926,0,0.113,0.00364,0.0000692,0.193,0.658,128.04,4
spotify:track:5B4gUqNKYgU38ULSWP5Bzj,"Sete","Sete","BLOND:ISH;Francis Mercier;Amadou & Mariam",2022-03-25,209760,0,false,azvwtt6iohg3hran3hxv47xn6,2022-04-12T20:45:24Z,"afro house,techengue,house latino,afro tech,house melódico,house,tribal house,afropop","Insomniac Records",0.736,0.827,6,-3.902,0,0.0643,0.0199,0.00828,0.351,0.814,125.008,4
spotify:track:0oDnZigAyI2RTxareDIuXO,"How We Do","How We Do","CID;Joshwa",2022-02-18,187968,0,false,azvwtt6iohg3hran3hxv47xn6,2022-04-14T20:21:22Z,"tech house,house,house latino","Repopulate Mars",0.798,0.928,6,-7.226,1,0.0523,0.0054,0.532,0.21,0.32,127.988,4
spotify:track:2sUkEAXJBIvh9EvuuOOKuW,"Silenced","Dark Matter","CamelPhat;Jem Cooke",2022-02-25,232245,44,false,azvwtt6iohg3hran3hxv47xn6,2022-04-14T20:21:34Z,"techno melódico,house,house progresivo,house melódico,tech house","RCA Records Label",0.594,0.92,10,-6.399,0,0.0509,0.035,0.0358,0.22,0.0356,121.97,4
spotify:track:3kyskiCpYM2ALQUSEShFMY,"Sinner","Sinner","LP Giobbi;Bklava",2022-03-11,238357,0,false,azvwtt6iohg3hran3hxv47xn6,2022-04-14T20:21:38Z,"house,uk garage","D4 D4NCE",0.721,0.78,8,-6.935,1,0.0403,0.0455,0.083,0.138,0.725,126.974,4
spotify:track:5xKJI9aPQhuTdTq8BrJ8fL,"Ferrari","Ferrari","James Hype;Miggy Dela Rosa",2022-03-15,185661,2,false,azvwtt6iohg3hran3hxv47xn6,2022-04-14T20:21:43Z,"house,tech house","The Cross",0.844,0.688,1,-7.879,0,0.049,0.0129,0.0000539,0.0492,0.695,124.992,4
spotify:track:3GHJ47kr5h2nisPvaRGBFT,"I Go - DJ Koze Remix","I Go (Remixes)","Peggy Gou;DJ Koze",2022-03-30,329996,0,false,azvwtt6iohg3hran3hxv47xn6,2022-04-14T20:21:53Z,"","Gudu Records",0.822,0.551,1,-9.871,0,0.062,0.0498,0.26,0.217,0.642,123.989,4
spotify:track:2FEUloDXMvRnyfLcsrCfkw,"La Danza","La Danza","John Summit",2022-03-11,157619,4,false,azvwtt6iohg3hran3hxv47xn6,2022-04-14T20:22:06Z,"house,tech house","Defected Records",0.797,0.88,6,-5.722,0,0.0442,0.00298,0.574,0.183,0.357,125.996,4
spotify:track:1aF44sAhhcCOfizdoCGBrT,"Aphrodisiac","Aphrodisiac","Ferreck Dawn",2022-03-25,156975,23,false,azvwtt6iohg3hran3hxv47xn6,2022-04-14T20:22:09Z,"tech house,house","Sink or Swim",0.707,0.905,11,-7.269,1,0.0645,0.00892,0.0712,0.232,0.733,125.014,4
spotify:track:4IoWprg6W4DxHjxm1Pi4KT,"About You","About You","Sonny Fodera;Biscits",2022-03-04,218500,43,false,azvwtt6iohg3hran3hxv47xn6,2022-04-14T20:22:12Z,"house,tech house","Solotoko",0.566,0.868,3,-6.532,0,0.0487,0.00666,0.918,0.0669,0.611,125.984,4
spotify:track:4tvlhGkTprgA9dY8gfQISz,"400","400","Chris Lake",2022-03-25,205466,40,false,azvwtt6iohg3hran3hxv47xn6,2022-04-14T20:22:16Z,"tech house,house,bass house","Black Book Records/Astralwerks",0.834,0.792,4,-4.67,0,0.165,0.0348,0.00112,0.124,0.0555,124.965,4
spotify:track:02K93YKyLxK8xCY2C4ePtI,"Back In The Dance","Back In The Dance","Darius Syrossian;George Smeddles",2022-03-04,206270,0,false,azvwtt6iohg3hran3hxv47xn6,2022-04-14T20:22:20Z,"","DFTD",0.722,0.865,8,-8.386,1,0.0356,0.0169,0.725,0.118,0.709,127.988,4
spotify:track:3b3TFgnFPhUSk8lvHdO6lX,"Acid in My Blood","Acid / Ganzfeld 12”","Channel Tres",2022-03-25,268866,0,true,azvwtt6iohg3hran3hxv47xn6,2022-04-14T20:22:37Z,"hip house","GODMODE",0.8,0.759,1,-6.938,1,0.0469,0.00112,0.332,0.0845,0.478,126.006,4
spotify:track:4znWmau1H1ythOHAUQ44bS,"Do It For Yourself","Galactic Portal","Mary Droppinz",2022-03-16,271559,20,false,azvwtt6iohg3hran3hxv47xn6,2022-04-14T20:23:44Z,"uk garage","Altered States",0.66,0.603,2,-9.302,1,0.0412,0.00011,0.865,0.0298,0.191,128.009,4
spotify:track:365aB2RegILTAZqCEgmkUc,"Tripasia","Tripasia","Cloonee;Brisotti",2022-03-25,176791,0,false,azvwtt6iohg3hran3hxv47xn6,2022-04-14T20:24:18Z,"tech house,house,techengue,house latino","Hellbent Records",0.844,0.772,7,-7.936,1,0.0924,0.0955,0.12,0.0757,0.559,128.003,4
spotify:track:1ULaCASWLNrzg76Jt3VDWd,"079","079","Rain Radio;Block Notice",2022-02-18,168200,46,false,azvwtt6iohg3hran3hxv47xn6,2022-04-14T20:24:53Z,"g-house","Rain Radio",0.806,0.7,1,-7.253,1,0.339,0.0104,0.0389,0.12,0.594,125.061,4
spotify:track:3rh495Z2rIRwD316blea4f,"Happy Music","Happy Music / Something on My Mind","Supershy",2022-04-08,232625,0,false,azvwtt6iohg3hran3hxv47xn6,2022-04-15T20:19:13Z,"disco house,jazz house","Beyond The Groove",0.777,0.738,11,-5.861,0,0.0352,0.0411,0.37,0.0265,0.887,123.991,4
spotify:track:77iqZEJZEMZLt07rtpAnUw,"Hold U (feat. James Tone)","Hold U (feat. James Tone)","Lenno;James Tone",2022-04-01,208355,0,false,azvwtt6iohg3hran3hxv47xn6,2022-04-15T20:19:16Z,"nu disco,disco house","OH2 Records",0.857,0.768,0,-5.448,1,0.0711,0.0361,0.00417,0.38,0.658,122.024,4
spotify:track:5g9Eju2ukZXeXBEYWOlhs5,"Good Time for a Change","Good Time for a Change","Ådå",2022-04-01,191065,11,false,azvwtt6iohg3hran3hxv47xn6,2022-04-15T20:19:25Z,"","Hysterical",0.593,0.939,1,-4.037,1,0.0857,0.142,0.789,0.654,0.43,121.989,4
spotify:track:3YWp8LJGYmSqJSLGCYEI7D,"Glass","Glass EP","Deetron",2022-04-08,363750,0,false,azvwtt6iohg3hran3hxv47xn6,2022-04-15T20:20:01Z,"techno","Hot Creations",0.723,0.801,7,-8.154,0,0.0629,0.00772,0.722,0.106,0.371,127.938,4
spotify:track:5GZuFhqkC6KSc8Ran1GRLb,"Fresh Candy - Radio-Edit","Jackfruit Loves U","Dompe",2022-04-08,221374,4,false,azvwtt6iohg3hran3hxv47xn6,2022-04-15T20:20:06Z,"funky house,tech house","Jackfruit Recordings",0.59,0.967,9,-3.572,0,0.0337,0.0000149,0.913,0.102,0.85,125.994,4
spotify:track:0fyGNLHZ7I575UpsA8So7c,"Spread It","Spread It","Kiddy Smile",2022-04-06,311520,12,false,azvwtt6iohg3hran3hxv47xn6,2022-04-15T20:20:29Z,"voguing","Neverbeener Records - Grand Musique Management",0.634,0.892,5,-8.584,0,0.077,0.0257,0.187,0.123,0.637,128.006,4
spotify:track:6sUP8dXxyNMVPXm0t4yeNn,"What I Do - Edit","What I Do","The Deepshakerz;Kid Enigma",2022-03-03,167213,11,false,azvwtt6iohg3hran3hxv47xn6,2022-04-15T20:20:43Z,"afro house,tribal house,tech house,house latino","Moon Harbour",0.805,0.656,9,-9.328,1,0.0805,0.00153,0.852,0.0853,0.297,125.005,4
spotify:track:5bExqqlQbWM7LWeOK1ZzCR,"Something Going On 2022 (feat. Martha Wash & Jocelyn Brown)","Something Going On 2022 (feat. Martha Wash & Jocelyn Brown)","Todd Terry;Fancy Inc;Jocelyn Brown;Martha Wash",2022-04-01,168000,24,false,azvwtt6iohg3hran3hxv47xn6,2022-04-15T20:22:21Z,"house de chicago,house,hip house,graves brasileños,electrónica","Good Company",0.596,0.988,11,-6.008,0,0.0668,0.00185,0.25,0.783,0.408,125.008,4
spotify:track:3DNj9rxljyZ1cQL8qQERJY,"Bee Bop","10 Seconds Vol. 1","A-Trak",2022-03-30,230160,0,false,azvwtt6iohg3hran3hxv47xn6,2022-04-15T20:22:29Z,"disco house","Fool's Gold Records",0.793,0.897,7,-6.582,1,0.115,0.0127,0.921,0.0681,0.582,121.991,4
spotify:track:6r6hSnqlIvtpPFZMiM0LEy,"The Judge","The Judge","Biscits",2022-04-15,220966,0,false,azvwtt6iohg3hran3hxv47xn6,2022-04-16T20:07:52Z,"tech house,house","D4 D4NCE",0.857,0.919,7,-5.293,0,0.11,0.0216,0.000878,0.373,0.89,124.979,4
spotify:track:4ug7ZV9kjKXbbha4gDyhug,"Them Drums","Them Drums","Kyle Walker",2022-01-28,236129,27,false,azvwtt6iohg3hran3hxv47xn6,2022-04-16T20:08:14Z,"tech house","Club Sweat",0.808,0.937,1,-6.938,1,0.052,0.000554,0.263,0.499,0.785,124.015,4
spotify:track:3hp1sx2wqHipS9fanoPrzV,"We Don’t Need - Club Edit","We Don’t Need (Club Edit)","Piero Pirupa",2022-03-25,158462,48,false,azvwtt6iohg3hran3hxv47xn6,2022-04-16T20:08:18Z,"tech house","Spinnin' Deep",0.729,0.811,0,-6.829,1,0.0307,0.00473,0.0354,0.644,0.399,124.997,4
spotify:track:29e8sjYkArwTiNxKNEgvpX,"Trigger Technology","Trigger Technology","Endor",2022-04-15,214047,14,false,azvwtt6iohg3hran3hxv47xn6,2022-04-16T20:08:27Z,"","Ruff Cutz Records",0.805,0.728,11,-11.212,1,0.0658,0.0031,0.34,0.0936,0.766,127.969,4
spotify:track:5b58AS0u6Xr4vaxWnY2C1n,"Carnaval de Paris","Carnaval de Paris","CID",2022-04-01,195118,0,false,azvwtt6iohg3hran3hxv47xn6,2022-04-16T20:08:31Z,"tech house","Catch & Release",0.76,0.558,0,-5.495,0,0.0563,0.00107,0.905,0.292,0.0717,127.026,4
spotify:track:0Rv3tutzgSak1pTMXiV9p8,"El Bombo","El Bombo","Ewan McVicar",2022-03-30,240570,40,false,azvwtt6iohg3hran3hxv47xn6,2022-04-16T20:08:34Z,"","Higher Ground",0.808,0.847,6,-6.788,0,0.0619,0.0115,0.863,0.16,0.82,129.998,4
spotify:track:6hVpBh8UqWxiMUl3adfwz5,"Mercy Me","Mercy Me","Darius Syrossian",2022-04-15,453644,8,false,azvwtt6iohg3hran3hxv47xn6,2022-04-16T20:08:38Z,"tech house,house","Moxy Muzik",0.725,0.907,11,-7.411,0,0.0564,0.0000204,0.0962,0.0856,0.16,126.98,4
spotify:track:65d4aua5FrYn9CyKfmABR4,"Siento","Siento","Jonas Blue",2022-04-08,217080,0,false,azvwtt6iohg3hran3hxv47xn6,2022-04-16T20:08:42Z,"tropical house","D4 D4NCE",0.613,0.845,7,-6.731,1,0.0369,0.0156,0.309,0.375,0.29,124.986,4
spotify:track:5lc7Fkqt3GdHbM8F77CJ1E,"Don't Stop Movin'","Don’t Stop Movin’","ACT ON;Jax Jones",2022-03-25,158765,33,false,azvwtt6iohg3hran3hxv47xn6,2022-04-16T20:08:46Z,"","WUGD",0.698,0.954,7,-4.704,1,0.0494,0.0243,0.161,0.081,0.296,127.002,4
spotify:track:1M8t1j3Kv2qp97bdq5q4Vl,"Rainfall (Praise You)","Rainfall (Praise You)","Tom Santa",2022-02-18,166569,73,false,azvwtt6iohg3hran3hxv47xn6,2022-04-16T20:08:49Z,"stutter house","Polydor Records",0.767,0.862,5,-5.464,0,0.0606,0.14,0.0092,0.252,0.509,128.039,4
spotify:track:3QORLvINZ5ie3lRsTOZJqD,"Funk Accelerator","Funk Accelerator","Bleu Clair",2022-04-15,232132,17,false,azvwtt6iohg3hran3hxv47xn6,2022-04-16T20:08:52Z,"bass house,tech house,g-house","BLEU LABEL / MCMLXXXI",0.804,0.892,7,-3.017,1,0.07,0.0113,0.822,0.133,0.54,126.019,4
spotify:track:7rcuHUBzcsHNJOlPNvH14q,"State Of Mind (feat. Sarah de Warren) - Guz Remix","State Of Mind (feat. Sarah de Warren) [Guz Remix]","Bingo Players;Sarah de Warren;Guz",2022-04-08,172920,14,false,azvwtt6iohg3hran3hxv47xn6,2022-04-16T20:08:55Z,"big room,trance,tech house,house","Hysteria",0.743,0.911,2,-5.056,1,0.0629,0.0325,0.868,0.078,0.439,125.003,4
spotify:track:5GSdqMlUmNA34MJbX4WYeP,"Don't Stop the Music - Original Mix","Don't Stop the Music","Richard Grey",2022-02-25,384480,34,false,azvwtt6iohg3hran3hxv47xn6,2022-04-16T20:08:59Z,"funky house,disco house,nu disco","G*High Records",0.838,0.941,6,-4.397,0,0.0528,0.00211,0.00896,0.334,0.858,124.977,4
spotify:track:3LCmWRVsEDSwB4Q16Z3EYF,"Free Your Mind","Free Your Mind","Simon Fava;Nick Francis",2022-04-29,177958,4,false,azvwtt6iohg3hran3hxv47xn6,2022-04-16T20:09:03Z,"house latino,tribal house,tech house","Tiger Records",0.842,0.817,7,-7.751,1,0.0922,0.12,0.129,0.175,0.28,127.994,4
spotify:track:6zRBMIDHnuuvWyaumNNcQF,"Can't You See - Radio Edit","Can't You See","Chapter & Verse",2022-04-09,202204,21,false,azvwtt6iohg3hran3hxv47xn6,2022-04-16T20:09:06Z,"tech house","Atom Bomb Music",0.607,0.985,10,-3.002,0,0.0422,0.0924,0.76,0.123,0.846,127.019,4
spotify:track:2HqBxTBH8GzRHaYxpvQVP5,"You Are A God","You Are A God","Mark Knight;James Hurr;Cari Golden",2022-04-08,183870,22,false,azvwtt6iohg3hran3hxv47xn6,2022-04-16T20:09:10Z,"tech house,house,disco house,funky house,house progresivo","Toolroom",0.664,0.993,5,-3.132,0,0.0481,0.0244,0.021,0.0995,0.759,123.989,4
spotify:track:4ZmguSWmIYdytMJUthKIG2,"Love On Time","Love On Time","Havoc & Lawn",2022-04-15,184761,13,false,azvwtt6iohg3hran3hxv47xn6,2022-04-16T20:09:13Z,"tech house,deep house","Lovejuice Records",0.748,0.926,9,-6.233,1,0.0642,0.0494,0.555,0.134,0.543,125.963,4
spotify:track:5xSkFVN2VATZzjcvAeSaSO,"Shake","Shake","Wenzday;BINGEWATCH",2022-04-08,225937,0,false,azvwtt6iohg3hran3hxv47xn6,2022-04-16T20:09:21Z,"bass house,g-house,tech house","hau5trap",0.801,0.806,7,-5.754,1,0.0619,0.00176,0.802,0.0966,0.5,127.994,4
spotify:track:38QZnd0zSofvcobBpXuWAJ,"High","High","Dissolut;Sonickraft",2022-04-15,156190,0,false,azvwtt6iohg3hran3hxv47xn6,2022-04-16T20:09:25Z,"tech house","Discovery Project (Insomniac Records)",0.734,0.856,1,-5.879,1,0.0407,0.0347,0.539,0.456,0.477,125.97,3
spotify:track:27cOULnIkVv1nFDmTZECkE,"Feel (feat. MRYN)","Feel (feat. MRYN)","Westend;Millean.;MRYN",2022-04-08,168989,29,false,azvwtt6iohg3hran3hxv47xn6,2022-04-16T20:09:28Z,"tech house,house latino,house,stutter house","Musical Freedom",0.673,0.837,6,-5.324,1,0.0983,0.0469,0.0000169,0.109,0.446,124.985,3
spotify:track:4HcOBdrcaCmh29ogaEiE5n,"Don’t Forget My Love - John Summit Remix","Don’t Forget My Love (John Summit Remix)","Diplo;Miguel;John Summit",2022-04-01,210000,0,false,azvwtt6iohg3hran3hxv47xn6,2022-04-16T20:09:32Z,"moombahton,r&b,house,tech house","Sweat It Out!",0.561,0.957,11,-5.926,0,0.0362,0.000589,0.322,0.417,0.13,123.976,4
spotify:track:2kpOZP2szJea4TExBH2DJu,"Marching Band","Marching Band","Surf Mesa;NITTI",2022-03-25,193548,42,false,azvwtt6iohg3hran3hxv47xn6,2022-04-16T20:09:35Z,"bass house,g-house","Astralwerks",0.773,0.81,5,-6.794,0,0.0371,0.000943,0.0541,0.379,0.343,123.991,4
spotify:track:4jlS72eGLijzfr7PymxDYi,"Is It You","Is It You","PAX",2022-03-11,159010,46,false,azvwtt6iohg3hran3hxv47xn6,2022-04-16T20:09:38Z,"tech house","Realm Records",0.688,0.672,1,-11.72,1,0.0704,0.0381,0.55,0.315,0.155,126.978,4
spotify:track:5vI3ndAToxdJitBdl0Tf1j,"Trip","Dimension","John Summit;Tombz",2019-03-22,348387,0,false,azvwtt6iohg3hran3hxv47xn6,2022-04-16T20:09:41Z,"house,tech house,witch house,bass house","Houseline",0.859,0.873,11,-6.848,1,0.0405,0.00369,0.886,0.626,0.507,124.006,4
spotify:track:5VkNcbo3JDsUw25CLP6FZh,"Records U Play","Records U Play","LO'99;Taiki Nulight",2022-04-12,186365,38,true,azvwtt6iohg3hran3hxv47xn6,2022-04-16T20:09:44Z,"bass house,g-house,tech house,house,bassline,uk garage","Medium Rare Recordings",0.839,0.627,2,-5.469,1,0.0614,0.000714,0.013,0.221,0.255,125.026,4
spotify:track:5DgCDCuuevkqBmyFMjhbUc,"Dani Girl","Dani Girl","Ranger Trucco",2022-02-04,234293,42,false,azvwtt6iohg3hran3hxv47xn6,2022-04-16T20:09:48Z,"tech house","Spinnin' Deep",0.805,0.78,0,-6.366,1,0.0729,0.00261,0.896,0.0636,0.604,125.03,4
spotify:track:5uyg0qKiHRRsa0ykPAcQTN,"FIND ME IN DA CLUB !!!","FIND ME IN DA CLUB !!!","Disco Lines",2022-03-07,145920,0,true,azvwtt6iohg3hran3hxv47xn6,2022-04-16T20:09:56Z,"stutter house","DISCO DISCO DISCO",0.942,0.763,8,-6.222,1,0.39,0.151,0.00000582,0.147,0.673,125.032,4
spotify:track:7qIU50XAzFBYENwo5L5AeV,"Wasting Time","Wasting Time","Matroda",2022-04-08,223450,30,false,azvwtt6iohg3hran3hxv47xn6,2022-04-16T20:10:04Z,"bass house,tech house,g-house,house,electro house","Terminal Underground",0.799,0.937,6,-7.677,0,0.225,0.00268,0.888,0.044,0.0362,124.962,4
spotify:track:1q1ECI7iGvuYsEilkZRC1m,"Feeling","Feeling","Jack Back",2022-03-25,158639,0,false,azvwtt6iohg3hran3hxv47xn6,2022-04-16T20:10:24Z,"tech house","Defected Records",0.676,0.958,7,-4.582,1,0.0691,0.00151,0.0129,0.249,0.696,124.997,4
spotify:track:2xZbruVujURSsK3CRPpPJz,"Real Life","Real Life","Max Styler;Friend Within;Atlantic Garden",2022-04-08,200476,13,false,azvwtt6iohg3hran3hxv47xn6,2022-04-16T20:10:29Z,"tech house","Spinnin' Deep",0.734,0.834,10,-7.329,1,0.0433,0.000648,0.0625,0.0752,0.399,126.006,4
spotify:track:4z5KUXHyHzrmUduxTzhpzS,"One Life","One Life","Return Of The Jaded;DJ Susan",2022-04-15,201850,0,false,azvwtt6iohg3hran3hxv47xn6,2022-04-16T20:10:38Z,"tech house,bass house","hau5trap",0.777,0.941,4,-5.581,0,0.0473,0.00499,0.371,0.0776,0.936,127.015,4
spotify:track:1JVLB7fg2RhKusiJqofmjH,"Sublime","Sublime","Illyus Barrientos ",2022-02-18,188220,22,false,azvwtt6iohg3hran3hxv47xn6,2022-04-16T20:10:51Z,"tech house,disco house","Toolroom",0.713,0.876,11,-5.633,0,0.0376,0.0213,0.519,0.0606,0.77,125.013,4
spotify:track:18u9d0vfvjmDt70wLQueJB,"Party","Party","Beyond Chicago",2022-04-01,139067,0,false,azvwtt6iohg3hran3hxv47xn6,2022-04-16T20:10:54Z,"","D4 D4NCE",0.726,0.897,6,-4.979,0,0.0491,0.00193,0.83,0.0784,0.804,125.96,4
spotify:track:2oNMdd8UJcwDYxLQ4BBc9W,"Mi Corazón","Mi Corazón","Noizu",2022-02-11,187619,0,false,azvwtt6iohg3hran3hxv47xn6,2022-04-16T20:10:57Z,"tech house,house","Black Book Records",0.729,0.934,6,-5.234,1,0.0807,0.0129,0.456,0.125,0.698,126.013,4
spotify:track:3LvKz6clKRSGm2hfLOVixK,"Keep It Goin","Your Soul EP","SQWAD;Gold Lemonade",2022-04-05,262500,0,false,azvwtt6iohg3hran3hxv47xn6,2022-04-16T20:11:00Z,"bass house,g-house,bassline,tech house","IN / ROTATION (Insomniac Records)",0.8,0.946,4,-6.06,1,0.0434,0.00553,0.85,0.066,0.961,128.021,4
spotify:track:1MtswMNmlmCn0fl0xf8qB1,"Locco","Locco","Biscits",2022-01-28,183875,0,false,azvwtt6iohg3hran3hxv47xn6,2022-04-16T20:11:04Z,"tech house,house","Insomniac Records",0.956,0.861,3,-6.779,0,0.206,0.104,0.897,0.0717,0.872,125.93,4
spotify:track:0yB7ZYnJqp8GBpHV4fk4nI,"Chase The Ace","Chase The Ace EP","AZETE",2022-02-25,179815,21,false,azvwtt6iohg3hran3hxv47xn6,2022-04-16T20:11:11Z,"","Saved Records",0.792,0.782,2,-8.453,1,0.0557,0.00853,0.816,0.171,0.587,129.005,4
spotify:track:2rdMlVRtuImJXZhUHQjjj9,"Sin City","Miami MMW","Eddy M",2022-03-25,358007,4,false,azvwtt6iohg3hran3hxv47xn6,2022-04-16T20:11:15Z,"tech house","MUSE",0.806,0.913,1,-8.286,1,0.0632,0.000161,0.923,0.0649,0.697,129.015,4
spotify:track:1aEHWqvtZ1JIBUl1loQBDn,"Don’t Keep Me Waiting","Don’t Keep Me Waiting","SIDEPIECE",2022-02-25,209687,50,false,azvwtt6iohg3hran3hxv47xn6,2022-04-16T20:11:19Z,"tech house,edm","Parlophone UK",0.731,0.807,7,-6.575,1,0.0432,0.0527,0.00023,0.0737,0.304,126.033,4
spotify:track:5r5MjmaLklyNOzKXY6Fqm5,"Don't Wanna Lie","Don't Wanna Lie","Miane",2022-03-04,208569,0,false,azvwtt6iohg3hran3hxv47xn6,2022-04-16T20:11:23Z,"tech house","Black Book Records",0.722,0.848,7,-6.164,1,0.0451,0.00041,0.26,0.0723,0.359,126.005,4
spotify:track:3Ty6LPBgKjUtTmk14f2Ux4,"Gimme! Gimme! Gimme! (A Man After Midnight)","Gimme! Gimme! Gimme! (A Man After Midnight)","HÄWK",2022-03-18,176190,1,false,azvwtt6iohg3hran3hxv47xn6,2022-04-16T20:11:26Z,"tech house,stutter house,house latino","Élite",0.698,0.788,0,-5.508,1,0.0797,0.0143,0.0000984,0.433,0.578,125.973,4
spotify:track:6ZDVabmemwAPrbGwnCKgAE,"Feel Me","Feel Me","Roxe",2022-03-25,220312,0,false,azvwtt6iohg3hran3hxv47xn6,2022-04-16T20:11:29Z,"tech house,house latino","hau5trap",0.682,0.979,2,-6.353,1,0.0894,0.0145,0.707,0.286,0.319,127.978,4
spotify:track:1UNHpqrLHpbPHpbrC94WjG,"Business & Pleasure","Business & Pleasure","Dennis Cruz",2022-03-25,420588,26,false,azvwtt6iohg3hran3hxv47xn6,2022-04-16T20:11:37Z,"tech house,house latino,tribal house","MUSE",0.805,0.483,2,-10.893,1,0.0506,0.343,0.936,0.106,0.341,127.971,4
spotify:track:2J9waSY5wkVPmQRyqLeQXd,"What Is Real","What Is Real","Tita Lau",2022-03-18,195390,42,false,azvwtt6iohg3hran3hxv47xn6,2022-04-16T20:11:42Z,"tech house","Spinnin' Deep",0.79,0.985,4,-8.958,0,0.0588,0.634,0.846,0.0992,0.401,126.01,4
spotify:track:4hTCMB2JXvKvWDxjoye7xI,"Synchronize","Synchronize","Chapter & Verse",2022-03-11,224761,13,false,azvwtt6iohg3hran3hxv47xn6,2022-04-16T20:11:45Z,"tech house","Uprise Music",0.677,0.983,6,-5.051,0,0.0672,0.00572,0.762,0.62,0.528,125.97,4
spotify:track:6DW9Z2nMpoiZoPJdZniXnr,"The Beat Goes","The Beat Goes","Croatia Squad",2022-03-18,189523,20,false,azvwtt6iohg3hran3hxv47xn6,2022-04-16T20:11:49Z,"g-house,future house,nu disco","Enormous Tunes",0.831,0.952,6,-6.595,0,0.055,0.012,0.16,0.13,0.721,125.991,4
spotify:track:5eMeAtZfTgo3iuGx8WRwzq,"Elevate","Elevate","Reblok;dillon nathaniel.",2022-04-01,196550,0,false,azvwtt6iohg3hran3hxv47xn6,2022-04-16T20:11:53Z,"tech house,g-house,bass house,house latino","hau5trap",0.643,0.911,5,-7.294,0,0.066,0.104,0.799,0.166,0.433,126.99,4
spotify:track:76zmS8kgCt3bT3DCCQNVjb,"Lollipop","Lollipop","Westend",2022-03-11,154805,0,false,azvwtt6iohg3hran3hxv47xn6,2022-04-16T20:11:56Z,"tech house,house latino,house","Techne",0.799,0.786,1,-6.461,1,0.0513,0.00268,0.754,0.203,0.493,127.024,4
spotify:track:2bf7wxuRxN2tkNoPH7z1an,"Madonna","Madonna","HUGEL;LOVRA",2022-03-18,145036,24,false,azvwtt6iohg3hran3hxv47xn6,2022-04-16T20:11:59Z,"house latino,afro house,techengue,house,tech house","Toolroom",0.95,0.944,0,-5.383,0,0.282,0.0239,0.646,0.286,0.885,126.958,4
spotify:track:1JWA4peO1GxEgDxh8J23UA,"Nothing Gonna Stop This","Nothing Gonna Stop This","Cloverdale;Truth x Lies",2022-03-04,227534,0,false,azvwtt6iohg3hran3hxv47xn6,2022-04-16T20:12:02Z,"bass house,tech house,g-house","Night Service Only",0.775,0.948,7,-6.167,1,0.0578,0.0143,0.0133,0.104,0.766,126.978,4
spotify:track:6iwUBX2iTWRjHtBAGdqS0M,"GRUUV","GRUUV","Maxinne",2022-03-11,230551,15,false,azvwtt6iohg3hran3hxv47xn6,2022-04-16T20:12:06Z,"tech house","Farris Wheel Recordings",0.796,0.927,8,-7.498,0,0.0521,0.0114,0.925,0.105,0.828,127.003,4
spotify:track:0NUhccl4bo79EUsmFyAMHi,"El Cuervo","El Cuervo","Endor",2022-03-18,188967,0,false,azvwtt6iohg3hran3hxv47xn6,2022-04-16T20:12:10Z,"","Repopulate Mars",0.831,0.707,6,-8.263,0,0.0567,0.0309,0.815,0.948,0.848,126.015,4
spotify:track:40up5wCfwQXTDXyE18hJbJ,"Believe","Believe","Eli Brown",2022-01-14,408669,54,false,azvwtt6iohg3hran3hxv47xn6,2022-04-16T20:12:13Z,"techno,tech house","Filth on Acid",0.789,0.976,3,-5.886,1,0.057,0.0065,0.849,0.0639,0.258,131.99,4
spotify:track:3c8Nv4TXZlOD608H4tI5RD,"Back To The Sound","Back To The Sound","Eden Prince",2022-03-11,164381,19,false,azvwtt6iohg3hran3hxv47xn6,2022-04-16T20:12:21Z,"","Solotoko",0.735,0.993,8,-5.485,1,0.0504,0.000919,0.41,0.115,0.922,123.997,4
spotify:track:23DTsnKCwj5Gf2J1aZXMNh,"Human (feat. Echoes) - Joshwa Remix","Human (feat. Echoes) [Joshwa Remix]","John Summit;Echoes;Joshwa",2022-02-04,215870,24,false,azvwtt6iohg3hran3hxv47xn6,2022-04-16T20:12:24Z,"tech house,house,house latino","FFRR",0.667,0.917,5,-9.689,0,0.0449,0.00147,0.456,0.0959,0.266,128.009,4
spotify:track:4szwPQ7ajXpyqykjtv6RLE,"Roll Play","Roll Play","PAWSA",2019-10-25,203437,60,false,azvwtt6iohg3hran3hxv47xn6,2022-04-16T20:12:27Z,"tech house,house","PAWZ",0.8,0.487,11,-12.74,0,0.167,0.000304,0.367,0.0874,0.318,128.019,4
spotify:track:5dYXmVIyaK17kYQirpz8co,"Get High","Givin It Bifters","Dale Howard",2022-02-18,240638,0,false,azvwtt6iohg3hran3hxv47xn6,2022-04-16T20:12:32Z,"tech house,house","Deeperfect Records",0.818,0.638,1,-8.492,1,0.0472,0.0000745,0.34,0.167,0.0981,129.004,4
spotify:track:7vHxzcZnozXPfGL38WSTnD,"Basement","Basement","Wade",2022-03-04,224418,0,false,azvwtt6iohg3hran3hxv47xn6,2022-04-16T20:12:35Z,"tech house,house latino,techno,techengue","Criterio Music",0.805,0.854,0,-6.168,1,0.0722,0.000208,0.0116,0.269,0.815,129.033,4
spotify:track:1Gn36QzwA9REefc71GPyhu,"Skylines","Skylines","Sorley;GOUX",2022-02-11,220585,0,false,azvwtt6iohg3hran3hxv47xn6,2022-04-16T20:12:45Z,"tech house","Cuttin' Headz",0.859,0.61,6,-6.598,0,0.0918,0.00117,0.841,0.309,0.538,133.052,4
spotify:track:0cLBjsy97A5FpKQ6eZyLe0,"Work Your Body","Work Your Body","Volkoder;Yolanda Be Cool",2022-02-25,200314,36,false,azvwtt6iohg3hran3hxv47xn6,2022-04-16T20:12:49Z,"tech house","Club Sweat",0.749,0.732,10,-7.274,1,0.0471,0.0238,0.667,0.0502,0.711,127.003,4
spotify:track:4vwajBdOuPfSEX2BYDfRfO,"Shake Down","Shake Down","dillon nathaniel.;Kaysin",2022-03-11,207619,13,false,azvwtt6iohg3hran3hxv47xn6,2022-04-16T20:12:58Z,"g-house,bass house,tech house,house latino","Sink or Swim",0.809,0.756,2,-7.03,0,0.0353,0.0434,0.00639,0.113,0.544,126.009,4
spotify:track:0w1CYzpY8dFwV9oLPKIh6L,"I'm Yours","I'm Yours","SWAYLÓ",2022-03-18,274285,4,false,azvwtt6iohg3hran3hxv47xn6,2022-04-16T20:13:01Z,"tech house","Uprise Music",0.8,0.94,6,-4.215,0,0.0609,0.00126,0.775,0.0758,0.799,125.999,4
spotify:track:7diiW6RSbOz0o1P7BWGmut,"Say Yeah","Say Yeah","James Hype",2022-01-21,225218,0,false,azvwtt6iohg3hran3hxv47xn6,2022-04-16T20:13:05Z,"house,tech house","HELDEEP Records",0.731,0.988,1,-5.174,1,0.122,0.00251,0.799,0.0883,0.155,125.993,4
spotify:track:73Szmmh8dQduG1jPY12zK8,"Riser","Riser","Solardo",2022-02-18,202023,0,false,azvwtt6iohg3hran3hxv47xn6,2022-04-16T20:13:14Z,"tech house,house","Sola",0.657,0.87,11,-8.03,0,0.0589,0.000326,0.719,0.0976,0.425,126.009,4
spotify:track:4RaQqRtdxo8IXxB4bG1upb,"Feel Good","Feel Good","Volkoder;Meca",2022-01-21,203225,25,false,azvwtt6iohg3hran3hxv47xn6,2022-04-16T20:13:18Z,"tech house,graves brasileños,electrónica","Club Sweat",0.686,0.915,5,-6.156,0,0.0327,0.0229,0.644,0.106,0.482,124.052,4
spotify:track:1o1WXMAEziMXSklmnTWKkf,"Rewind It Back","Rewind It Back","Black V Neck",2022-02-18,250952,0,false,azvwtt6iohg3hran3hxv47xn6,2022-04-16T20:13:22Z,"tech house","Insomniac Records",0.79,0.94,10,-5.112,1,0.0737,0.0000517,0.896,0.0459,0.582,126,4
spotify:track:16hj63YATSOPT9oxrzU5tg,"Hit the Dancefloor","Hit the Dancefloor","Cloverdale",2022-02-04,219069,0,false,azvwtt6iohg3hran3hxv47xn6,2022-04-16T20:13:25Z,"bass house,tech house,g-house","hau5trap",0.796,0.755,7,-7.437,1,0.0441,0.00244,0.179,0.0969,0.549,129.039,4
spotify:track:7vaPvdlnM8kBtibPGjRwxp,"Be Good","Be Good","dillon nathaniel.",2022-02-18,198425,9,false,azvwtt6iohg3hran3hxv47xn6,2022-04-16T20:13:28Z,"g-house,bass house,tech house,house latino","NONSTOP",0.807,0.976,8,-7.436,0,0.0744,0.0131,0.851,0.0627,0.541,127.009,4
spotify:track:4CPYC9DggpZj3X4GcCFNIO,"Waiting","Waiting","Huxley",2022-02-04,161759,12,false,azvwtt6iohg3hran3hxv47xn6,2022-04-16T20:13:31Z,"tech house,house","Toolroom",0.571,0.916,4,-5.866,1,0.0399,0.0111,0.244,0.327,0.0829,124.987,4
spotify:track:4gJMsAYnnwNBsrhqjLWbWi,"Somebody To Love - Gorgon City Remix","Somebody To Love (Gorgon City Remix)","Ben Kim;Gorgon City",2022-01-21,282461,42,false,azvwtt6iohg3hran3hxv47xn6,2022-04-16T20:13:35Z,"tech house,house","Realm Records",0.691,0.849,1,-8.735,0,0.0456,0.0453,0.49,0.106,0.0345,123.978,4
spotify:track:57unEaNo3WOWfBle2OpU7i,"People In The Middle","People In The Middle","Chapter & Verse",2022-01-28,230476,17,false,azvwtt6iohg3hran3hxv47xn6,2022-04-16T20:13:38Z,"tech house","SIGNAL >> SUPPLY",0.695,0.973,0,-4.721,1,0.18,0.0351,0.000629,0.138,0.745,126.029,4
spotify:track:6b7R3Q68pCvUIxWtWueOtO,"Juice","Juice","Quarterhead",2022-01-28,177253,8,false,azvwtt6iohg3hran3hxv47xn6,2022-04-16T20:13:41Z,"","Cr2 Records",0.829,0.733,10,-10.584,0,0.0493,0.0153,0.266,0.105,0.61,121.958,4
spotify:track:1DZYMshZpDtQMD4usiruLe,"SAVE ME","SAVE ME","Damaged Goods;Confession",2022-03-18,184918,4,false,azvwtt6iohg3hran3hxv47xn6,2022-04-16T20:13:49Z,"bass house,g-house,tech house","Confession",0.718,0.953,6,-3.989,0,0.0531,0.017,0.086,0.0652,0.116,122.039,4
spotify:track:4zB2zfoyaKdZl0v9IfHUKL,"Bubblin","Bubblin","Dombresky",2022-02-11,209523,0,false,azvwtt6iohg3hran3hxv47xn6,2022-04-16T20:13:58Z,"bass house,tech house,disco house,g-house,house","Process Records",0.728,0.982,7,-4.482,1,0.0401,0.00659,0.0679,0.0437,0.255,126.002,4
spotify:track:5krhFNgUcYHwXlNPJJYzFM,"Tell Me Something Good","Tell Me Something Good","Ewan McVicar",2021-06-25,249678,60,false,azvwtt6iohg3hran3hxv47xn6,2022-04-16T20:14:01Z,"","Ministry of Sound Recordings",0.812,0.796,8,-10.548,1,0.0356,0.00826,0.921,0.365,0.961,125.976,4
spotify:track:5jBrR9YpodXfkakRSYfpNk,"Southside Riddim","Southside Riddim","Simon Fava;Yvvan Back",2022-02-25,204480,8,false,azvwtt6iohg3hran3hxv47xn6,2022-04-16T20:14:05Z,"house latino,tribal house,tech house,funky house","Enormous Tunes",0.604,0.983,10,-4.049,0,0.0448,0.00307,0.756,0.656,0.63,124.985,4
spotify:track:2ElEnwEDbliGp2Audl6Or7,"In Control","Label Sampler Volume 6","Zurra;R3WIRE",2021-12-10,167284,4,false,azvwtt6iohg3hran3hxv47xn6,2022-04-16T20:14:14Z,"tech house","Stereohype",0.702,0.952,5,-4.941,0,0.0653,0.022,0.769,0.38,0.866,125.01,4
spotify:track:6iBJ8ma4gGgCJtch1WZaKi,"Big Dancing","Big Dancing","Dots Per Inch",2021-10-22,188280,12,false,azvwtt6iohg3hran3hxv47xn6,2022-04-16T20:14:17Z,"","Stereohype",0.816,0.791,2,-6.217,1,0.0759,0.00109,0.838,0.0522,0.832,125.021,4
spotify:track:4G4patpYxsF6ovHZOX9wgR,"Human (feat. Echoes)","Human (feat. Echoes)","John Summit;Echoes",2021-11-24,219047,69,false,azvwtt6iohg3hran3hxv47xn6,2022-04-16T20:14:25Z,"house,tech house","FFRR",0.544,0.856,5,-6.84,0,0.0314,0.00162,0.818,0.0763,0.233,125.992,4
spotify:track:19lT0l1OBkLtWI5iE5zORl,"California Dreamin’ (feat. High Jinx) (Vintage Culture Remix)","California Dreamin’ (feat. High Jinx) (Vintage Culture Remix)","Chris Lorenzo;Vintage Culture;High Jinx",2021-11-26,183750,52,false,azvwtt6iohg3hran3hxv47xn6,2022-04-16T20:14:29Z,"bass house,bassline,house,tech house,g-house,graves brasileños,electrónica,electro,electroclash","Astralwerks",0.674,0.778,1,-5.341,1,0.0356,0.00123,0.224,0.0955,0.13,128.042,4
spotify:track:1VbUMlLn9RdOHZHpFnOWP3,"Love Hotline","Love Hotline","Little Fritter;Wongo",2022-01-14,208153,0,false,azvwtt6iohg3hran3hxv47xn6,2022-04-16T20:14:38Z,"tech house,bass house","Sola",0.721,0.85,4,-6.479,1,0.0487,0.00267,0.85,0.0907,0.499,129.991,4
spotify:track:2jitSZjngFT7T6jiJFYVJ3,"The End","The End","Jesse Jonez;Elternhouse",2022-01-07,162240,23,false,azvwtt6iohg3hran3hxv47xn6,2022-04-16T20:14:41Z,"tech house","We Are Freaks Records",0.723,0.98,3,-3.673,0,0.0758,0.00574,0.834,0.149,0.847,125.005,4
spotify:track:6fBHOF46O8LUNI78ZtAK7S,"You Should Already Know","You Should Already Know","Croatia Squad",2021-12-17,193333,18,false,azvwtt6iohg3hran3hxv47xn6,2022-04-16T20:14:44Z,"g-house,future house,nu disco","Enormous Tunes",0.762,0.83,0,-5.8,1,0.0615,0.235,0.0315,0.0545,0.769,125.994,4
spotify:track:68q05Ar0SJHEI1padmFRp9,"Goodies","Goodies","Kevin McKay",2022-02-25,175748,0,false,azvwtt6iohg3hran3hxv47xn6,2022-04-16T20:14:47Z,"tech house,disco house","Glasgow Underground",0.84,0.889,5,-6.626,0,0.0508,0.00113,0.125,0.0542,0.413,126.938,4
spotify:track:3Bh75gzv3YweYg2DyD99Oj,"The System","The System","Deeper Purpose;Intrusive",2020-02-14,394015,0,false,azvwtt6iohg3hran3hxv47xn6,2022-04-16T20:14:51Z,"tech house,house","Repopulate Mars",0.804,0.933,2,-7.466,1,0.0603,0.00109,0.638,0.0684,0.781,127.012,4
spotify:track:3O9BNmxmQ5M02TFGMWptJt,"In Da Getto - Chris Lorenzo Remix","JOSE (Deluxe Edition)","J Balvin;Skrillex;Chris Lorenzo",2021-12-10,256874,42,false,azvwtt6iohg3hran3hxv47xn6,2022-04-16T20:14:54Z,"reggaetón,latina,dubstep,edm,electro,electrónica,bass house,bassline,house,tech house,g-house","Sueños Globales, LLC",0.847,0.91,8,-3.515,0,0.0569,0.0012,0.000417,0.0619,0.586,127.958,4
spotify:track:6ZbJz7FWWa3m5QbTudts8K,"Back Seat - Chris Lorenzo Remix","Back Seat (Chris Lorenzo Remix)","Anna Lunoe;Genesis Owusu;Chris Lorenzo",2022-01-13,286874,34,false,azvwtt6iohg3hran3hxv47xn6,2022-04-16T20:15:02Z,"nu disco,bass house,bassline,house,tech house,g-house","NLV Records",0.783,0.939,5,-6.577,0,0.0515,0.00272,0.877,0.327,0.797,128.017,4
spotify:track:7wNny3grnsHDuHxCrrcpgF,"Poison (feat. Darla Jade)","Poison (feat. Darla Jade)","Paige;Nihil Young;Darla Jade",2022-01-14,183750,13,false,azvwtt6iohg3hran3hxv47xn6,2022-04-16T20:15:12Z,"house melódico,techno melódico,house progresivo,afro house","Realm Records",0.674,0.741,4,-7.3,0,0.041,0.0438,0.00136,0.113,0.312,122.987,4
spotify:track:3yHiLDeERi7k1q3InysVYI,"Infrared","Infrared","Burko",2022-01-14,318414,8,false,azvwtt6iohg3hran3hxv47xn6,2022-04-16T20:15:23Z,"stutter house,house melódico,techno melódico","Kino Village",0.603,0.929,4,-8.675,0,0.0422,0.00355,0.596,0.213,0.287,122.974,4
spotify:track:21iSZnCRjz9ocvcX5yltFz,"Really Really Hot","Really Really Hot","Eddy M",2021-12-23,232133,35,false,azvwtt6iohg3hran3hxv47xn6,2022-04-16T20:15:27Z,"tech house","Solid Grooves Records",0.808,0.777,1,-9.261,1,0.0616,0.00121,0.518,0.0718,0.475,127.017,4
spotify:track:0GS82JsyvXX5SSCjw725tK,"Leave Your Mind Behind","Leave Your Mind Behind","Glass Petals",2022-01-14,186190,0,false,azvwtt6iohg3hran3hxv47xn6,2022-04-16T20:15:31Z,"bass house,g-house","hau5trap",0.802,0.903,0,-5.176,1,0.0467,0.00366,0.806,0.0491,0.779,126.033,4
spotify:track:1iKkDpq64zlW1Cv3zdrOaX,"All I Do","All I Do","Ben Miller",2021-12-17,267840,29,false,azvwtt6iohg3hran3hxv47xn6,2022-04-16T20:15:34Z,"tech house","NØID",0.717,0.969,7,-5.359,1,0.0428,0.00668,0.828,0.0911,0.0676,127.019,4
spotify:track:63fQTOIVo5EMZauf2QAH5W,"Jump Around","Jump Around","dillon nathaniel.;Kevin McKay",2021-11-26,148567,0,false,azvwtt6iohg3hran3hxv47xn6,2022-04-16T20:15:38Z,"g-house,bass house,tech house,house latino,disco house","Glasgow Underground",0.899,0.802,4,-5.102,0,0.204,0.0911,0.0000423,0.141,0.595,126.032,4
spotify:track:08ZXJG3HB3NwmNIx9fVCY1,"Bass Club","Bass Club","Piero Pirupa;Coppa",2022-01-07,186461,20,false,azvwtt6iohg3hran3hxv47xn6,2022-04-16T20:15:42Z,"tech house,drum and bass,liquid funk","Nonstop",0.811,0.808,11,-6.439,1,0.0855,0.0625,0.428,0.199,0.654,129.995,4
spotify:track:7vp6sra1FqF2VK6hRUPJRo,"My Dimension","My Dimension","Gabe",2021-12-17,151181,38,false,azvwtt6iohg3hran3hxv47xn6,2022-04-16T20:15:46Z,"graves brasileños,tech house,electrónica","G-Spot Records",0.872,0.564,9,-9.078,1,0.158,0.045,0.405,0.127,0.22,126.979,4
spotify:track:6KTrU9R5o71XSHPJY16EdQ,"Zhudio54 - J. Worra Remix","Zhudio54 (Remixes)","ZHU;partywithray;J. Worra",2021-12-10,312083,28,true,azvwtt6iohg3hran3hxv47xn6,2022-04-16T20:15:51Z,"edm,house,tech house","Astralwerks",0.809,0.707,2,-8.795,1,0.0461,0.000578,0.574,0.0845,0.553,123.981,4
spotify:track:6bM5gMOcBTKSbbNLSCuGw3,"Love Songs & Sex","Love Songs & Sex EP","Will Taylor (UK)",2021-12-03,191250,28,true,azvwtt6iohg3hran3hxv47xn6,2022-04-16T20:15:54Z,"tech house","Saved Records",0.801,0.55,6,-8.754,0,0.0765,0.0112,0.162,0.108,0.51,128.019,4
spotify:track:3hOWWujfSbRwkxgpW1WXYy,"Overtime","Overtime / Physically","JADED",2021-12-03,168501,46,false,azvwtt6iohg3hran3hxv47xn6,2022-04-16T20:16:02Z,"tech house","Club Sweat",0.762,0.872,7,-5.316,1,0.0697,0.0155,0.237,0.351,0.749,124.033,4
spotify:track:2zQDHAgYLtXRLhxY2gVc1N,"POPPIN","POPPIN","Space Rangers;Danny Quest",2021-07-09,187741,0,true,azvwtt6iohg3hran3hxv47xn6,2022-04-16T20:16:06Z,"g-house","Ultra Records",0.816,0.852,11,-4.614,1,0.0777,0.034,0.228,0.0923,0.658,123.988,4
spotify:track:0KcNoFGsrOGH9Y0z6kZwnX,"The Whys","The Whys","twoloud;Special Vibe",2021-12-03,146113,7,false,azvwtt6iohg3hran3hxv47xn6,2022-04-16T20:16:10Z,"big room,bass house,future house,electro house,melbourne bounce","Playbox Music",0.808,0.836,6,-5.639,1,0.0423,0.00139,0.727,0.317,0.769,125.009,4
spotify:track:6tcAIvGYzQP9dVb28BjANR,"Feel Alright","Feel Alright","dillon nathaniel.",2021-12-10,213543,32,false,azvwtt6iohg3hran3hxv47xn6,2022-04-16T20:16:26Z,"g-house,bass house,tech house,house latino","Club Sweat",0.761,0.786,11,-9.311,1,0.0613,0.000151,0.703,0.211,0.796,126.985,4
spotify:track:0jRUOijG1AckwVDmPG55S0,"Heat Of The Night - Dom Dolla Remix","Heat Of The Night","Eat More Cake;Dom Dolla",2017-06-02,341255,30,false,azvwtt6iohg3hran3hxv47xn6,2022-04-16T20:16:36Z,"house,tech house","Universal Music Australia Pty. Ltd.",0.899,0.595,7,-7.507,1,0.0907,0.00311,0.081,0.0517,0.308,122.998,4
spotify:track:7qUKunNI8Gvfn6uM2EOhLE,"Jungle","Jungle","Rob Black",2021-09-03,175161,22,false,azvwtt6iohg3hran3hxv47xn6,2022-04-16T20:16:40Z,"hard house","Armada Music",0.831,0.769,6,-8.258,0,0.238,0.194,0.326,0.102,0.451,124.033,4
spotify:track:4NH9xSGfbs8zchM70KZReS,"Drip","Drip","DJ S.K.T;Mila Falls",2022-02-25,169920,17,false,azvwtt6iohg3hran3hxv47xn6,2022-04-16T20:16:43Z,"tech house,drum and bass,bassline","Stashed",0.902,0.915,9,-4.23,0,0.157,0.00369,0.0144,0.13,0.798,125.011,4
spotify:track:3Aoesia1SxpD9DxvhOm5Aq,"San Frandisco - Eli Brown Remix","San Frandisco (Eli Brown Remix)","Dom Dolla;Eli Brown",2019-11-15,212511,27,false,azvwtt6iohg3hran3hxv47xn6,2022-04-16T20:17:16Z,"house,tech house,techno","Sweat It Out",0.724,0.966,5,-5.44,0,0.0414,0.00447,0.568,0.0357,0.402,127,4
spotify:track:70BVqXGk3ipo7TOiyrnzud,"Pattak","Pattak","Adapter",2021-09-24,210000,0,false,azvwtt6iohg3hran3hxv47xn6,2022-04-16T20:17:20Z,"tech house,indie dance","Catch & Release",0.724,0.616,10,-5.028,0,0.0493,0.0000885,0.861,0.108,0.503,128.02,4
spotify:track:00iUcyIQ1EkAmk0QTrCSy5,"Movin","Movin","Mark Knight;James Hurr;Laura Davie",2021-12-10,240000,15,false,azvwtt6iohg3hran3hxv47xn6,2022-04-16T20:17:23Z,"tech house,house,disco house,funky house,house progresivo","Toolroom",0.69,0.978,4,-5.211,0,0.0545,0.000741,0.513,0.612,0.223,123.983,4
spotify:track:3zxC1jnND5QZ6adtUb7GP8,"La Vida","La Vida","Dot N Life",2021-10-15,195000,13,false,azvwtt6iohg3hran3hxv47xn6,2022-04-16T20:17:27Z,"tech house","BRING THE KINGDOM",0.86,0.863,7,-5.454,1,0.0769,0.00361,0.647,0.215,0.265,127.999,4
spotify:track:6j77SbgjwYTDi30BHF5Zfo,"Feeling Good","Feeling Good","Daniel Steinberg",2021-11-05,238088,16,false,azvwtt6iohg3hran3hxv47xn6,2022-04-16T20:17:35Z,"funky house","ARMS & LEGS",0.816,0.936,1,-7.869,1,0.0447,0.000201,0.917,0.046,0.544,124.999,4
spotify:track:3qdJ0t9CO3WRxzKcoJhSBY,"ALL DAY / ALL NIGHT - Radio Edit","ALL DAY / ALL NIGHT","DONT BLINK",2021-10-08,219840,9,false,azvwtt6iohg3hran3hxv47xn6,2022-04-16T20:17:37Z,"tech house,bass house","Tomorrowland Music",0.767,0.943,0,-3.643,1,0.0595,0.0277,0.87,0.127,0.706,125.026,4
spotify:track:4a0aQKQ59K9owKjzg9c5N9,"Live Stream","Live Stream","Mark Knight;Green Velvet;Rene Amesz",2017-03-10,245901,29,false,azvwtt6iohg3hran3hxv47xn6,2022-04-16T20:17:41Z,"tech house,house,disco house,funky house,house progresivo,techno,house de chicago","Toolroom",0.695,0.911,4,-3.732,0,0.059,0.000874,0.852,0.688,0.388,122.008,4
spotify:track:5nBqvq3hUl8n6HtKtwNphW,"Strangers (with Mansionair)","Strangers (with Mansionair)","Dom Dolla;Mansionair",2021-11-18,217390,47,false,azvwtt6iohg3hran3hxv47xn6,2022-04-16T20:17:53Z,"house,tech house","Three Six Zero Recordings",0.633,0.891,8,-6.463,0,0.0311,0.0296,0.778,0.116,0.427,126.022,4
spotify:track:1yLFszi3D4sq3ECcDxxPM6,"Searching","Searching","Will Clarke;Shermanology",2021-12-03,210875,27,false,azvwtt6iohg3hran3hxv47xn6,2022-04-16T20:18:05Z,"tech house,techno,house","Good Company",0.564,0.826,3,-5.901,0,0.0353,0.0684,0.023,0.0882,0.677,126.026,4
spotify:track:7jBXtUxifBXcBZmK1hV0ap,"Kebali","Sunnery James & Ryan Marciano present: The Tribe Vol. Three","Andrew Mathers",2021-12-10,216854,18,false,azvwtt6iohg3hran3hxv47xn6,2022-04-16T20:18:08Z,"tribal house,house latino,tech house","SONO Music",0.76,0.914,7,-6.496,1,0.0457,0.00129,0.791,0.171,0.624,123.999,4
spotify:track:1AXDyDxGiXpAUQb5UmTLu8,"Handy Work","Handy Work","Jamie Jones",2021-09-24,371250,0,false,azvwtt6iohg3hran3hxv47xn6,2022-04-16T20:18:15Z,"house,tech house,deep house","Hot Creations",0.804,0.917,7,-7.861,1,0.0515,0.0135,0.655,0.11,0.795,127.995,4
spotify:track:1Xq1fe5v8YF1wI7oXuCAAH,"PPAP (Pen-Pineapple-Apple-Pen) - Long Version","PPAP (Pen-Pineapple-Apple-Pen) [Long Version]","PIKOTARO",2016-10-28,124852,0,false,azvwtt6iohg3hran3hxv47xn6,2022-05-11T22:05:07Z,"","Ultra Records",0.899,0.529,1,-5.512,1,0.0643,0.0438,0.316,0.0756,0.49,136.05,4
spotify:track:5u8Y0lAUlBLwuhpXSDUGf4,"Rain In Ibiza","Rain In Ibiza","felix jaehn;The Stickmen Project;Calum Scott",2022-02-25,141931,60,false,azvwtt6iohg3hran3hxv47xn6,2022-05-17T16:16:08Z,"tropical house,pop suave","Intercord",0.654,0.898,7,-5.964,1,0.0413,0.0844,0.0347,0.316,0.722,123.996,4
spotify:track:3YOZWCREvKsxhcZNJix5xd,"No Fun","No Fun","Armin van Buuren;The Stickmen Project",2021-11-19,130412,47,false,azvwtt6iohg3hran3hxv47xn6,2022-05-17T16:16:13Z,"trance,trance progresivo,house progresivo,electrónica,edm","Armada Music",0.731,0.904,10,-4.774,0,0.0349,0.00861,0.000164,0.0916,0.328,121.03,4
spotify:track:6s3OlLs8Ey8LCol4xaDb6R,"Don't Even Know Your Name","Don't Even Know Your Name","The Stickmen Project",2021-02-26,141842,53,false,azvwtt6iohg3hran3hxv47xn6,2022-05-17T16:16:17Z,"","66 MUSIC LTD",0.763,0.804,4,-3.453,0,0.037,0.0305,0.0000106,0.147,0.655,123.982,4
spotify:track:4fMtoJ54JyTtsi2as9xpvC,"Sweet Dreams & Dynamite - The Stickmen Project Remix","Sweet Dreams & Dynamite (The Stickmen Project Remix)","Seeb;Nina Nesbitt;The Stickmen Project",2022-01-14,205714,29,false,azvwtt6iohg3hran3hxv47xn6,2022-05-17T16:16:21Z,"","Seeb Music AS",0.665,0.847,11,-4.003,1,0.0361,0.0362,0.000253,0.226,0.511,104.996,4
spotify:track:37x8Dk5Z9lFKLisspGCxIA,"Hackers","Hackers","Infraction",2021-11-01,141600,0,false,azvwtt6iohg3hran3hxv47xn6,2022-06-10T22:33:25Z,"","Infraction",0.68,0.933,0,-4.639,1,0.12,0.00651,0.0349,0.749,0.25,100.031,4
spotify:track:5h2ED2Bw6lKWZDOuQTTSDG,"In Chicago","In Chicago","John Summit",2022-05-13,186686,0,false,azvwtt6iohg3hran3hxv47xn6,2022-06-23T20:08:22Z,"house,tech house","Experts Only",0.73,0.849,2,-6.899,1,0.0378,0.00172,0.82,0.159,0.688,125.99,4
spotify:track:3FcKnF4nEwGxlwdAmRIogh,"Chromatic","Chromatic","Anti Up",2022-05-27,202524,43,false,azvwtt6iohg3hran3hxv47xn6,2022-06-23T20:35:06Z,"tech house,bass house","Big Beat Records/Atlantic",0.607,0.914,0,-5.02,0,0.0547,0.000038,0.162,0.165,0.781,128.032,4
spotify:track:3mJyZXpI7SKiOA4l0pSm0v,"Rizzla","Rizzla","The Martinez Brothers;Gordo;Rema",2022-05-13,217749,0,true,azvwtt6iohg3hran3hxv47xn6,2022-06-23T20:35:10Z,"tech house,house latino,techengue,afro house,afrobeats,afrobeat,afropop,afropiano","Independent",0.763,0.806,0,-6.204,1,0.0498,0.0043,0,0.0776,0.791,129.043,4
spotify:track:5erkBzi1uzfVzRotIEDevu,"My Paradise","My Paradise","Jamie Jones",2022-04-29,211029,0,false,azvwtt6iohg3hran3hxv47xn6,2022-06-23T20:35:19Z,"house,tech house,deep house","Defected Records",0.749,0.74,10,-8.528,0,0.0313,0.0005,0.154,0.112,0.887,128.012,4
spotify:track:0q6ty9Ga2ebtTKa2C74jrC,"Let Me Take You","Let Me Take You","CID;Westend",2022-05-13,154761,50,false,azvwtt6iohg3hran3hxv47xn6,2022-06-23T20:35:23Z,"tech house,house latino,house","Armada Subjekt",0.874,0.908,6,-3.573,0,0.0593,0.00839,0.0891,0.343,0.905,125.981,4
spotify:track:40SBS57su9xLiE1WqkXOVr,"Afraid To Feel","Afraid To Feel","LF SYSTEM",2022-05-02,177525,81,false,azvwtt6iohg3hran3hxv47xn6,2022-06-23T20:35:27Z,"house","Warner Records",0.578,0.912,1,-3.929,1,0.114,0.0166,0.00362,0.273,0.68,127.87,4
spotify:track:15223sfwoQj4IAJL8GSnfO,"Ritmo","Ritmo","Raffa Fl",2021-08-13,183810,3,false,azvwtt6iohg3hran3hxv47xn6,2022-06-23T20:35:45Z,"house latino,tech house,techengue","Another Rhythm",0.777,0.869,7,-5.159,0,0.0945,0.00083,0.000653,0.375,0.681,124.007,4
spotify:track:5kV4UK6QYYOvBDe3nH0Djs,"Climax","Climax","Hannah Laing",2022-05-16,198502,31,false,azvwtt6iohg3hran3hxv47xn6,2022-06-23T20:36:17Z,"","WUGD",0.724,0.898,11,-8.194,1,0.0469,0.00985,0.9,0.249,0.34,127.999,4
spotify:track:5FxE7lQoBhfdW3h9P8qDdO,"For The Same Man - Nic Fanciulli Remix","For The Same Man (Nic Fanciulli Remix)","B Beat Girls;Nic Fanciulli",2022-05-06,214036,1,false,azvwtt6iohg3hran3hxv47xn6,2022-06-23T22:38:13Z,"tech house,house","Defected Records",0.778,0.877,11,-8.96,0,0.0463,0.000351,0.712,0.114,0.792,127.015,4
spotify:track:1eKSPMRzGdglxelX3kyrqc,"Under The Sun","Under The Sun (feat. AR/CO)","Franky Wah;AR/CO",2022-05-06,208374,51,false,azvwtt6iohg3hran3hxv47xn6,2022-06-23T22:38:19Z,"house melódico,techno melódico,house progresivo","Terracotta Records",0.633,0.916,7,-6.699,0,0.0357,0.0127,0.35,0.13,0.095,121.99,4
spotify:track:5FCzMiHrGRayOu12J65Syp,"Can You Feel It","Can You Feel It","JADED",2022-04-29,224548,46,false,azvwtt6iohg3hran3hxv47xn6,2022-06-23T22:38:42Z,"tech house","Higher Ground",0.681,0.851,5,-4.96,0,0.0635,0.0315,0.0868,0.443,0.221,125.981,4
spotify:track:32MHis9ga5UmCo2hivlkEs,"Manizer","Manizer","Fleur Shore",2022-04-22,244687,0,false,azvwtt6iohg3hran3hxv47xn6,2022-06-23T22:38:57Z,"tech house","Edible",0.776,0.951,10,-8.6,0,0.0631,0.00388,0.72,0.635,0.885,128.016,4
spotify:track:63TnIai4KFF6E2D2PNvyWo,"Let Me In","Let Me In","AmyElle;Shania",2022-05-13,181904,0,false,azvwtt6iohg3hran3hxv47xn6,2022-06-23T22:39:07Z,"","Another Rhythm",0.516,0.886,6,-7.656,0,0.037,0.00139,0.559,0.365,0.0588,126.01,4
spotify:track:05QGJav2nGJ9qdQ3vG9A9t,"Ask Me","Ask Me / Mesmerize","Duck Sauce;A-Trak;Armand Van Helden",2021-03-05,193795,2,false,azvwtt6iohg3hran3hxv47xn6,2022-07-25T16:26:59Z,"disco house","Duck Sauce",0.803,0.935,4,-4.915,0,0.032,0.0145,0.191,0.296,0.738,124.008,4
spotify:track:10bmUjdCwAcLNMaFs6BLNO,"Thin Line","Thin Line","John Summit;Guz",2020-10-30,188180,1,false,azvwtt6iohg3hran3hxv47xn6,2022-07-25T16:27:01Z,"house,tech house","D4 D4NCE",0.767,0.818,10,-6.224,0,0.0458,0.0288,0.00243,0.0732,0.365,124.968,4
spotify:track:2I0EV5B4RgDQPcSuDGzz2N,"Freedom (You Bring Me)","Freedom (You Bring Me)","Snakehips;Armand Van Helden",2021-07-23,188920,28,false,azvwtt6iohg3hran3hxv47xn6,2022-07-25T16:27:02Z,"disco house","Never Worry Records",0.642,0.958,5,-4.786,0,0.0958,0.000551,0.0127,0.271,0.82,125.035,4
spotify:track:67vrMnsqLzmwPVxTptRVSO,"Dancing To","Dancing To","Kurd Maverick",2020-12-18,182439,48,false,azvwtt6iohg3hran3hxv47xn6,2022-07-25T16:27:05Z,"house latino","Toolroom",0.796,0.978,5,-6.742,0,0.0535,0.0433,0.887,0.129,0.664,123.004,4
spotify:track:4s8BpmFtxDgeCoPj2XHtVj,"I Want You","I Want You","La Fuente",2022-04-15,219401,54,false,azvwtt6iohg3hran3hxv47xn6,2022-07-29T18:34:20Z,"","Full Colour Records",0.778,0.816,8,-8.331,1,0.0497,0.0607,0.88,0.121,0.29,124.997,4
spotify:track:1eEPPA57q2V1EqHZ4O46mU,"New Millenium (feat. Topazz)","New Millenium (feat. Topazz)","Mr. Belt & Wezol;Nicola Fasano;Steve Forest;Topazz",2022-05-06,180507,54,false,azvwtt6iohg3hran3hxv47xn6,2022-07-29T22:51:25Z,"future house,house","Spinnin' Records",0.789,0.88,9,-4.193,0,0.0945,0.00242,0.797,0.0446,0.571,123.984,4
spotify:track:7sMYJtxTHZKCDr48rAoA4J,"Wake Up! (feat. Kaleta)","Wake Up! (feat. Kaleta)","Purple Disco Machine;Bosq;Kaleta",2022-06-03,232706,50,false,azvwtt6iohg3hran3hxv47xn6,2022-07-29T22:51:29Z,"disco house,nu disco,funky house,house","Columbia Local",0.75,0.85,7,-5.925,0,0.0501,0.0451,0.00351,0.559,0.877,122.04,4
spotify:track:0oiv4E896TUTTeQU0cmIui,"Massive","Honestly, Nevermind","Drake",2022-06-16,336924,75,false,azvwtt6iohg3hran3hxv47xn6,2022-07-29T22:51:33Z,"rap","OVO",0.499,0.671,4,-6.774,0,0.0561,0.114,0.0169,0.148,0.0557,124.994,3
spotify:track:587xXusqiMW9gSXkNK8Zxf,"What A Life (feat. Stevie Appleton)","What A Life (feat. Stevie Appleton)","John Summit;Guz;Stevie Appleton",2022-07-29,171547,4,false,azvwtt6iohg3hran3hxv47xn6,2022-07-29T22:51:37Z,"house,tech house","Experts Only",0.677,0.732,7,-5.028,0,0.031,0.0113,0.227,0.0978,0.242,126.018,4
spotify:track:3lYJfStQESsxPjj3ox11tM,"Groove People","Groove People / The Funk Show","Daniel Steinberg",2022-06-24,328978,19,false,azvwtt6iohg3hran3hxv47xn6,2022-07-29T22:51:41Z,"funky house","ARMS & LEGS",0.862,0.798,0,-7.074,1,0.0461,0.014,0.252,0.594,0.951,125.037,4
spotify:track:7j5eg5Mb7n5iapdqY1T74A,"Deep Inside Of Me","Deep Inside Of Me","Bob Sinclar;A-Trak",2022-07-29,181676,0,false,azvwtt6iohg3hran3hxv47xn6,2022-07-29T22:51:45Z,"house francés,disco house","Defected Records",0.609,0.945,11,-5.563,1,0.0421,0.000468,0.0864,0.354,0.772,124.986,4
spotify:track:6bEMfZ4kYoz7HjM2odlpBz,"Lose My Mind - Edit","Lose My Mind","Shermanology",2022-07-22,191367,0,false,azvwtt6iohg3hran3hxv47xn6,2022-07-29T22:51:48Z,"tech house,house","Edible",0.869,0.661,10,-6.624,0,0.159,0.0212,0.00741,0.0874,0.63,127.984,4
spotify:track:22ex3jj1Iiym4nT1ikmnNE,"Speed Trials On Acid (feat. Dan Diamond) - LF SYSTEM Remix","Speed Trials On Acid (feat. Dan Diamond) [LF SYSTEM Remix]","Carl Cox;Fatboy Slim;Dan Diamond;LF SYSTEM",2022-05-20,183423,0,false,azvwtt6iohg3hran3hxv47xn6,2022-07-29T22:51:52Z,"techno,tech house,house,big beat,hard house","BMG Rights Management (UK) Ltd",0.682,0.963,8,-4.896,1,0.0362,0.14,0.38,0.144,0.521,130.007,4
spotify:track:74liBteAnKWOl7xPc9ZWfJ,"places faces","places faces","altrice",2022-07-29,282424,0,false,azvwtt6iohg3hran3hxv47xn6,2022-07-29T22:51:56Z,"","Jiaolong",0.728,0.694,0,-6.307,1,0.364,0.0175,0.000959,0.34,0.615,128.27,4
spotify:track:26wU1VbBjTLEbPmNvnRsDD,"Way to Light","Way to Light","WHISK;MAVN",2022-06-24,163809,14,false,azvwtt6iohg3hran3hxv47xn6,2022-07-29T22:51:59Z,"","Sony Music / Big Smile Records",0.736,0.942,11,-5.034,0,0.0437,0.0541,0.00125,0.304,0.809,125.983,4
spotify:track:3CvvX7TazgqHN4Ybnzdb5m,"Ain't Real","Ain't Real","Melsen",2022-04-01,163027,38,false,azvwtt6iohg3hran3hxv47xn6,2022-07-29T22:52:03Z,"future house","Be Yourself Music",0.72,0.912,5,-4.401,0,0.0889,0.0167,0.009,0.39,0.332,123.058,4
spotify:track:4ANmPUsA3LAvOSP8xen6Vt,"The Calling","The Calling","Tchami;Marten Horger",2022-05-20,197760,1,false,azvwtt6iohg3hran3hxv47xn6,2022-07-29T22:52:07Z,"future house,bass house,g-house,house","Confession Records / mtheory",0.748,0.873,6,-6.301,1,0.0627,0.00867,0.151,0.244,0.348,124.995,4
spotify:track:4zCXNYDjrxixWzFCOXo2c5,"Check Out - LP Giobbi Remix","Check Out (LP Giobbi Remix)","J. Worra;LP Giobbi;Leo Stannard",2022-05-13,166560,18,false,azvwtt6iohg3hran3hxv47xn6,2022-07-29T22:52:11Z,"house,tech house","Higher Ground",0.683,0.793,7,-5.218,0,0.0653,0.00796,0.907,0.304,0.962,124.995,4
spotify:track:5LjBr1NkZX93bihmeaO2w2,"Chiamami Subito","Chiamami Subito","Sam Ruffillo",2022-07-11,191649,28,false,azvwtt6iohg3hran3hxv47xn6,2022-07-29T22:52:20Z,"disco italiana,jazz house,disco house,nu disco","Toy Tonics",0.619,0.969,7,-6.233,1,0.0506,0.0346,0.828,0.27,0.724,122.995,4
spotify:track:7q0vM8woumdTUt30GasolR,"Summer Lovin' - Edit","Summer Lovin'","Cerrone;Purple Disco Machine",2022-07-28,189003,51,false,azvwtt6iohg3hran3hxv47xn6,2022-07-29T22:52:29Z,"disco italiana,disco,hi-nrg,disco house,nu disco,post-disco,house francés,funky house,house","Malligator Préférence",0.669,0.712,2,-6.281,0,0.0432,0.00221,0.86,0.0878,0.642,124.013,4
spotify:track:1BdAL6sftDPtkbEX59MWcE,"Luminescent","Luminescent","Poppy Baskcomb",2022-05-27,201290,30,false,azvwtt6iohg3hran3hxv47xn6,2022-07-29T22:52:33Z,"","Get Together Records",0.758,0.797,6,-4.729,0,0.0545,0.145,0.000528,0.17,0.755,124.053,4
spotify:track:5lTOYADoL5tJq6SZcqXRnw,"How Will I Know","How Will I Know","Tensnake",2022-07-29,229266,26,false,azvwtt6iohg3hran3hxv47xn6,2022-07-29T22:52:43Z,"nu disco,deep house,disco house","Armada Music",0.644,0.953,2,-3.378,1,0.0397,0.000147,0.206,0.0642,0.609,125.985,4
spotify:track:5Wz0BZjeVeJHrDMETUh8pj,"Snap Out","Snap Out","Massimiliano Pagliara;Snax",2022-07-29,385153,0,false,azvwtt6iohg3hran3hxv47xn6,2022-07-29T22:52:47Z,"disco italiana,acid house,indie dance,nu disco","Permanent Vacation",0.652,0.952,5,-5.71,0,0.0486,0.0000602,0.865,0.342,0.888,124.994,4
spotify:track:2KukL7UlQ8TdvpaA7bY3ZJ,"BREAK MY SOUL","BREAK MY SOUL","Beyoncé",2022-06-21,278281,62,false,azvwtt6iohg3hran3hxv47xn6,2022-07-29T22:52:51Z,"","Parkwood Entertainment/Columbia",0.687,0.887,1,-5.04,0,0.0826,0.0575,0.00000221,0.27,0.853,114.941,4
spotify:track:0Yx4DyxRnhoXdEQcSbn0CD,"Ameno Amapiano Remix (You Wanna Bamba) - Todd Terry Remix","Ameno Amapiano (You Wanna Bamba) [Todd Terry Remix]","Goya Menor;Nektunez;Todd Terry",2022-07-01,132680,16,false,azvwtt6iohg3hran3hxv47xn6,2022-07-29T22:52:54Z,"amapiano,afrobeats,afrobeat,afropiano,house de chicago,house,hip house","Columbia/B1 Recordings",0.752,0.902,9,-5.204,1,0.0647,0.000906,0.545,0.117,0.961,124.978,4
spotify:track:107W8c21mrB1oDCnqKEs3v,"Ain't No Stoppin Us Now","Ain't No Stopping Us Now","Jay Pryor",2022-05-13,248343,0,false,azvwtt6iohg3hran3hxv47xn6,2022-07-29T22:52:57Z,"future house","Motherland",0.458,0.941,1,-5.507,1,0.152,0.00858,0.262,0.14,0.602,126.923,4
spotify:track:3279i3oQ3on1bb17kYLzxZ,"I Feel For You - Star B Extended Remix","I Feel For You (Star B Remix)","Bob Sinclar;Riva Starr;Mark Broom;Star B",2022-05-05,297151,29,false,azvwtt6iohg3hran3hxv47xn6,2022-07-29T22:53:01Z,"house francés,disco house,tech house,minimal techno,techno","Snatch! Records",0.668,0.68,1,-6.19,0,0.0388,0.0000795,0.891,0.108,0.323,125.933,4
spotify:track:67xR52PVuO0uiGUylKEjwo,"The Time Is Now","The Time Is Now","Two and Eight;Deeperlove",2022-07-01,181982,3,false,azvwtt6iohg3hran3hxv47xn6,2022-07-29T22:53:15Z,"hipertechno","Playbox Music",0.696,0.924,2,-5.38,1,0.0766,0.000479,0.000755,0.159,0.661,125.952,4
spotify:track:0El1fLAmftefVDUbneseKa,"It's a Game","It's a Game / The Big Apple","Kristin Velvet",2022-07-15,237192,19,false,azvwtt6iohg3hran3hxv47xn6,2022-07-29T22:53:18Z,"","ARMS & LEGS",0.801,0.675,0,-7.787,1,0.0532,0.00033,0.918,0.0795,0.417,126.006,4
spotify:track:788sSZs1JzQ8wdqvpsSmao,"You and the Beat","You and the Beat","Dompe",2022-07-01,322805,0,false,azvwtt6iohg3hran3hxv47xn6,2022-07-29T22:53:21Z,"funky house,tech house","Jackfruit Recordings",0.736,0.933,3,-8.077,0,0.0394,0.000308,0.876,0.102,0.711,125.006,4
spotify:track:7uJvzzUgt8CpkEduX4m1Sp,"Universal Love","Universal Love","Monkey Safari",2022-05-20,368682,0,false,azvwtt6iohg3hran3hxv47xn6,2022-07-29T22:53:25Z,"house melódico,house orgánico,afro house,deep house,techno melódico","Get Physical Music",0.791,0.768,5,-8.466,1,0.0439,0.0026,0.709,0.0586,0.603,125,4
spotify:track:5YUyOSNj5gmRjZQ7yZ3JTA,"Forms Of Love","Forms Of Love","Adam Port;Alan Dixon;Keinemusik",2022-05-27,363934,51,false,azvwtt6iohg3hran3hxv47xn6,2022-07-29T22:53:29Z,"afro house,house,afro tech,house melódico","Keinemusik",0.544,0.511,5,-9.411,1,0.0278,0.00519,0.9,0.144,0.0653,122.005,4
spotify:track:2jgJNLqGkqPyMj9QGJQLmt,"Back To '95 - Cinthie‘s 'Just A Vibe' Remix","Back To ´95","Steve Bug;Mr. V;CINTHIE",2022-04-29,372423,15,false,azvwtt6iohg3hran3hxv47xn6,2022-07-29T22:54:09Z,"minimal techno,dub techno,acid house,funky house,acid techno,lo-fi house,disco house","Aus Music",0.713,0.725,8,-9.176,1,0.0561,0.00139,0.797,0.071,0.554,124.003,4
spotify:track:1Rnx52PUuhrLrj306hOZHb,"Can't Get You out of My Head - Peggy Gou’s Midnight Remix","Can't Get You out of My Head (Peggy Gou’s Midnight Remix)","Kylie Minogue;Peggy Gou",2022-05-19,271240,56,false,azvwtt6iohg3hran3hxv47xn6,2022-07-29T22:54:12Z,"dance pop","Parlophone UK",0.687,0.924,9,-7.324,0,0.0361,0.0707,0.228,0.046,0.931,126.018,4
spotify:track:6zFjilXmasxhO0woY1ZgBo,"Calling Out Your Name (I Can't Sleep)","Calling Out Your Name (I Can't Sleep)","Ben Rau",2022-04-29,211000,13,false,azvwtt6iohg3hran3hxv47xn6,2022-07-29T22:54:33Z,"tech house,disco house","Knee Deep In Sound",0.688,0.952,7,-8.599,1,0.108,0.075,0.617,0.144,0.516,128.016,4
spotify:track:52V5wpCwxwzWgNZczk0xRB,"Never The Same","Never The Same","Loods",2022-04-28,212812,1,false,azvwtt6iohg3hran3hxv47xn6,2022-07-29T22:54:37Z,"disco house,lo-fi house","Steel City Dance Discs",0.57,0.766,0,-5.291,1,0.0458,0.00142,0.146,0.0912,0.336,127.912,4
spotify:track:6ZHLjRdcEddfFPhEKU3CZq,"Till the Dawn","Till the Dawn","MANIBA",2022-05-13,158709,19,false,azvwtt6iohg3hran3hxv47xn6,2022-07-29T22:55:14Z,"","FRCST RCRDS",0.8,0.912,0,-5.321,1,0.0559,0.0407,0.0958,0.0643,0.727,124.031,4
spotify:track:6nATiM03z9hZ5aPF8pswNe,"Mine O' Mine","Mine O' Mine","Aluna;Jayda G",2022-04-26,193938,26,false,azvwtt6iohg3hran3hxv47xn6,2022-07-29T22:55:34Z,"","Mad Decent",0.68,0.842,5,-6.748,1,0.0331,0.00205,0.00152,0.334,0.222,128.015,4
spotify:track:6cK0dIvpcL5c67YWaqAqEv,"This Feeling (feat. Alix Robson)","This Feeling (feat. Alix Robson)","Voost;Alix Robson",2022-03-25,150979,25,false,azvwtt6iohg3hran3hxv47xn6,2022-07-29T22:55:37Z,"","Spinnin' Records",0.597,0.925,10,-5.424,0,0.0387,0.0263,0.0019,0.14,0.365,125.043,4
spotify:track:397W12CqjA788iknS81yMB,"Touch","Touch","Kideko;SHELLS",2022-05-13,167056,37,false,azvwtt6iohg3hran3hxv47xn6,2022-07-29T22:55:41Z,"house,deep house,stutter house","Selected.",0.723,0.767,6,-7.324,0,0.0389,0.00364,0.0782,0.279,0.275,124.016,4
spotify:track:09KtCfJWklTv0U1Sk55WAx,"Let It Out","Let It Out","Tobias Bergson",2022-06-17,143680,9,false,azvwtt6iohg3hran3hxv47xn6,2022-07-29T22:55:45Z,"","Tobias Bergson",0.68,0.874,1,-4.076,1,0.0429,0.0387,0.00322,0.0954,0.634,125.995,4
spotify:track:1OLsfGCNLJp27TWft3GM9l,"Touch Me There","Touch Me There","Kim Kaey",2022-04-29,134032,22,false,azvwtt6iohg3hran3hxv47xn6,2022-07-29T22:55:55Z,"house latino","SPRS",0.693,0.877,2,-4.579,0,0.125,0.0212,0,0.647,0.44,124,4
spotify:track:42mGWESNQNACcO6Ihjk8qT,"House Revolution","House Revolution","Low Blow",2022-04-01,171483,7,false,azvwtt6iohg3hran3hxv47xn6,2022-07-29T22:55:59Z,"","Protocol Recordings",0.608,0.946,1,-6.718,0,0.338,0.0145,0.0231,0.335,0.293,125.921,4
spotify:track:7ez7Ld3pAXLa7QWgnr5a1e,"Don't Hurt Me Baby","Don't Hurt Me Baby","Airwolf Paradise",2022-06-10,144201,44,false,azvwtt6iohg3hran3hxv47xn6,2022-07-29T22:56:16Z,"hard house","Trick",0.748,0.948,10,-5.909,0,0.077,0.00196,0.887,0.219,0.907,128.029,4
spotify:track:5FTVEEK5afhsbfpHMFtb4f,"Balafonerra","Balafonerra","AMÉMÉ",2022-05-27,251465,34,false,azvwtt6iohg3hran3hxv47xn6,2022-07-29T22:56:55Z,"afro house,house latino,techengue,afro tech,tribal house,house orgánico","Armada Electronic Elements",0.697,0.958,1,-5.927,1,0.0461,0.000709,0.946,0.0944,0.292,122.998,4
spotify:track:5WflSPLMwrHGN45N4L8sT0,"La Murga - Michael's Midnight Mix","La Murga (Michael's Midnight Mix)","Michael Bibi",2022-06-03,206971,50,false,azvwtt6iohg3hran3hxv47xn6,2022-07-29T22:57:06Z,"tech house,techno,house","Solid Grooves Records",0.768,0.809,11,-9.128,0,0.042,0.00556,0.533,0.105,0.668,130.037,4
spotify:track:6FqWqZZAV6bq2iE5dTgDNc,"Tell You What It Is","Tell You What It Is","Eats Everything;Shermanology",2022-05-13,187491,34,false,azvwtt6iohg3hran3hxv47xn6,2022-07-29T22:57:33Z,"techno,house,tech house","Three Six Zero Recordings",0.586,0.907,10,-4.006,1,0.162,0.0513,0.00000667,0.317,0.474,128.071,4
spotify:track:2YDOjCfkGciEXxSutB6LJR,"World Hold On - FISHER Rework","World Hold On (FISHER Rework)","Bob Sinclar;FISHER;Steve Edwards",2022-07-08,178304,10,false,azvwtt6iohg3hran3hxv47xn6,2022-07-29T22:57:50Z,"house francés,disco house,tech house,house","Yellow productions",0.771,0.883,1,-5.243,0,0.0584,0.00596,0.00607,0.135,0.895,127.008,4
spotify:track:6txvQu0zUbiqG24A8XMLnK,"Miracle Maker","Miracle Maker","Dom Dolla;Clementine Douglas",2022-07-14,188592,64,false,azvwtt6iohg3hran3hxv47xn6,2022-07-29T22:57:54Z,"house,tech house","Three Six Zero Recordings/Columbia Records",0.609,0.94,10,-6.097,1,0.0617,0.00124,0.269,0.15,0.238,128.001,4
spotify:track:2sjwKudWZUa5Dyf7Fo842f,"Can You Pay?","Can You Pay?","Paul Woolford;Pessto",2022-07-08,133573,35,false,azvwtt6iohg3hran3hxv47xn6,2022-07-29T22:57:58Z,"","Ministry of Sound Recordings",0.634,0.85,11,-6.036,0,0.0446,0.0149,0.000606,0.102,0.302,124.953,4
spotify:track:28JBD8p18xNuOfyV7Cotdn,"Massive","Honestly, Nevermind","Drake",2022-06-17,336924,75,false,azvwtt6iohg3hran3hxv47xn6,2022-07-29T22:58:01Z,"rap","OVO",0.499,0.671,4,-6.774,0,0.0561,0.114,0.0169,0.148,0.0557,124.994,3
spotify:track:3IBB4CapSuRZRcG4Hw9rve,"Shake My Booty","Shake My Booty","Patrick Topping",2022-07-01,202943,40,false,azvwtt6iohg3hran3hxv47xn6,2022-07-29T22:58:06Z,"tech house","Ministry of Sound Recordings",0.71,0.979,8,-4.99,1,0.0646,0.0139,0.733,0.22,0.679,126.977,4
spotify:track:5qJm4xvRCOQ1zedunDnndW,"Talkin' Drums","Talkin' Drums","Melé;Touré Kunda",2022-06-24,180952,0,false,azvwtt6iohg3hran3hxv47xn6,2022-07-29T22:58:20Z,"tribal house,house latino,tech house,disco house","Black Book Records",0.818,0.748,11,-6.678,0,0.0717,0.00791,0.00775,0.207,0.472,126.069,4
spotify:track:1u00EMt2762l5buwd6uQAK,"Out The Door","Out The Door","Hot Since 82",2022-04-22,186964,24,false,azvwtt6iohg3hran3hxv47xn6,2022-07-29T23:00:13Z,"tech house,house,deep house","Knee Deep In Sound",0.643,0.887,6,-10.206,1,0.0407,0.000254,0.394,0.0557,0.662,123.958,4
spotify:track:3qWeNg7bQLcssTFYjnQFwB,"More Money Girls","More Money Girls","Joshwa",2022-05-20,184935,25,false,azvwtt6iohg3hran3hxv47xn6,2022-07-29T23:01:42Z,"tech house,house,house latino","Good Company",0.817,0.933,1,-8.226,1,0.079,0.0573,0.00362,0.324,0.878,128.988,4
spotify:track:6meRSRdVv5HcIhS3YNpi2S,"Goodnight","Goodnight","Husko",2021-11-26,230000,0,false,azvwtt6iohg3hran3hxv47xn6,2022-07-29T23:02:07Z,"disco house,funky house,nu disco","Another Rhythm",0.653,0.94,4,-5.182,0,0.12,0.00395,0.00213,0.197,0.766,128.02,4
spotify:track:7HqtpURyE5eUVY2mMImqTX,"PAP (Pendiente Al Paso)","PAP (Pendiente Al Paso)","The Martinez Brothers;Fuego",2021-08-13,164242,54,false,azvwtt6iohg3hran3hxv47xn6,2022-07-29T23:03:09Z,"tech house,house latino,trap latino,reggaetón","Everybody Knows",0.706,0.743,5,-6.822,0,0.039,0.428,0.0402,0.149,0.287,126.009,4
spotify:track:2Rzr9nzXM1yX3NB8CwHWQg,"Let It Go (with Marc E. Bassy) - Vintage Culture Remix","Let It Go (with Marc E. Bassy) [Vintage Culture Remix]","Louie Vega;The Martinez Brothers;Vintage Culture;Marc E. Bassy",2021-01-15,204198,1,false,azvwtt6iohg3hran3hxv47xn6,2022-07-29T23:03:30Z,"house de chicago,deep house,house latino,house,disco house,tech house,graves brasileños,electrónica,electro","Defected Records",0.909,0.808,5,-6.588,0,0.147,0.029,0.000463,0.237,0.638,124.015,4
spotify:track:3TvNcBtucVO8flCgst1ESc,"Let It Go (with Marc E. Bassy)","Let It Go (with Marc E. Bassy)","Louie Vega;The Martinez Brothers;Marc E. Bassy",2020-07-10,204226,0,false,azvwtt6iohg3hran3hxv47xn6,2022-07-29T23:03:38Z,"house de chicago,deep house,house latino,house,disco house,tech house","Defected Records",0.797,0.781,10,-8.549,0,0.116,0.0527,0.135,0.0889,0.814,129.985,4
spotify:track:4Yhq45AkxUJzKPucSfGN9Y,"SaintLaurentYSL - The Martinez Brothers Re-Edit","SaintLaurentYSL (The Martinez Brothers Re-Edit)","Lil Yachty;Lil Baby;The Martinez Brothers",2019-04-10,363636,47,true,azvwtt6iohg3hran3hxv47xn6,2022-07-29T23:03:43Z,"tech house,house latino","Quality Control Music/Motown Records",0.896,0.721,11,-5.891,0,0.204,0.000632,0.131,0.0725,0.648,131.992,4
spotify:track:31B7wLv4yvtjDoTTmbnxeE,"Jungle","Jungle","Fred again..",2022-06-29,198805,66,true,azvwtt6iohg3hran3hxv47xn6,2022-07-29T23:04:12Z,"stutter house,house,edm","Atlantic Records UK",0.665,0.727,1,-8.073,0,0.0391,0.00984,0.394,0.172,0.397,133.922,4
spotify:track:4aAk4O7SQXqEAwl41P1cVY,"Aulos","Aulos","Vladimir Cauchemar",2017-12-04,185960,42,false,azvwtt6iohg3hran3hxv47xn6,2022-07-29T23:07:21Z,"rap francés","Ed Banger Records",0.767,0.746,11,-4.792,1,0.039,0.00582,0.00547,0.0972,0.338,123.02,4
spotify:track:0cdf7ys9CqsXN7M7gFVZEs,"Impec","Impec","Lorenzo;Tommy Cash;Vladimir Cauchemar",2019-09-04,176826,22,true,azvwtt6iohg3hran3hxv47xn6,2022-07-29T23:07:53Z,"rap francés","MFC",0.83,0.723,7,-5.446,1,0.159,0.236,0,0.338,0.685,122.875,4
spotify:track:7cWnz1GRldkvt4dZ0VeRBt,"Endlessly - Volkoder Remix","Endlessly (Volkoder Remix)","Airwolf Paradise;Volkoder;Kytsa",2021-01-13,209644,0,false,azvwtt6iohg3hran3hxv47xn6,2022-07-29T23:23:14Z,"hard house,tech house","etcetc",0.696,0.915,6,-6.374,0,0.0393,0.00113,0.663,0.0674,0.565,126.039,4
spotify:track:2N6RoOZHLipiEcRJMxWoFY,"Everything You Do","Everything You Do","Airwolf Paradise;Yeah Boy",2021-06-11,205000,0,false,azvwtt6iohg3hran3hxv47xn6,2022-07-29T23:23:26Z,"hard house","etcetc",0.638,0.902,0,-4.047,1,0.0559,0.00277,0.00786,0.369,0.427,115.975,4
spotify:track:5xFbuEUikECaRPpFSqJMkA,"Lose the Lazy","Lose the Lazy","Airwolf Paradise;Stahsi",2015-03-19,263225,23,false,azvwtt6iohg3hran3hxv47xn6,2022-07-29T23:23:32Z,"hard house","Onelove",0.696,0.921,8,-2.522,0,0.0309,0.0000324,0.00911,0.0502,0.358,124.008,4
spotify:track:3z9n1WnaLJKHXQozjTC0ha,"Better Days - Airwolf Remix","Better Days","Baker Boy;Dallas Woods;Sampa the Great;Airwolf Paradise",2020-09-23,156027,14,false,azvwtt6iohg3hran3hxv47xn6,2022-07-29T23:23:36Z,"hard house","Universal Music Australia Pty. Ltd.",0.848,0.867,1,-6.588,1,0.124,0.148,0.0153,0.152,0.551,122.008,4
spotify:track:6XNFcZlOHet8Oy3cHd5jjh,"Raving in Paris","Omala Kcohs","Paolo Ferrara;Lorenzo Raganzini",2019-04-17,370201,0,false,azvwtt6iohg3hran3hxv47xn6,2022-07-29T23:28:02Z,"hard techno,techno,acid techno,tekno","HEX Recordings",0.755,0.793,1,-9.213,0,0.091,0.008,0.948,0.106,0.234,140.009,4
spotify:track:2ZCF0wy24gtpC3h4aiIgzm,"Raving in Paris - Nico Moreno Remix","Omala Kcohs","Paolo Ferrara;Lorenzo Raganzini;Nico Moreno",2019-04-17,382983,0,false,azvwtt6iohg3hran3hxv47xn6,2022-07-29T23:28:17Z,"hard techno,techno,acid techno,tekno,techno hardcore","HEX Recordings",0.569,0.834,6,-10.415,0,0.0473,0.0407,0.857,0.2,0.0368,138.013,4
spotify:track:6Toaeb6PQtAgcrmsmr2DhR,"No Escape - Regal Remix","Omala Kcohs","Paolo Ferrara;Lorenzo Raganzini;Regal",2019-04-17,391720,0,false,azvwtt6iohg3hran3hxv47xn6,2022-07-29T23:28:22Z,"hard techno,techno,acid techno,tekno,acid house","HEX Recordings",0.612,0.933,11,-9.165,0,0.0419,0.00335,0.884,0.111,0.121,138.027,4
spotify:track:7JlB9Ad9ZuH9Jz5f4IFQex,"Purple Widow (Paolo Ferrara & Lorenzo Raganzini Remix)","Purple Widow (Original & Remix Versions) IRR07","Paolo Ferrara;Lorenzo Raganzini;Nico Moreno",2021-02-19,326178,0,false,azvwtt6iohg3hran3hxv47xn6,2022-07-29T23:28:35Z,"hard techno,techno,acid techno,tekno,techno hardcore","Insolent Rave Records",0.495,0.939,7,-5.717,1,0.0739,0.00000307,0.79,0.0871,0.127,142.012,4
spotify:track:2e330IZTjvdnnUNnlX3RPB,"Human Nature","Deviant Misbehaviours, Vol. 1","Paolo Ferrara;Lorenzo Raganzini",2020-07-17,356571,0,false,azvwtt6iohg3hran3hxv47xn6,2022-07-29T23:28:41Z,"hard techno,techno,acid techno,tekno","HEX Recordings",0.548,0.914,9,-5.981,1,0.193,0.00319,0.835,0.125,0.229,145.006,4
spotify:track:79XWKscNYPUNLlNI9Ul0yi,"Whipped Cream (.wav_909 Remix)","Weaponized Brain Damage","Illiya Korniyenko;.wav_909",2022-08-05,376438,0,false,azvwtt6iohg3hran3hxv47xn6,2022-08-07T18:44:13Z,"acid techno,hard techno,techno","No Mercy",0.562,0.999,1,-5.833,1,0.0636,0.000078,0.759,0.112,0.19,146.047,4
spotify:track:2Z7Vk7QnzUhs6MXxFuRoyd,"Kharma","Kharma","Night Stories",2021-12-07,453442,14,false,azvwtt6iohg3hran3hxv47xn6,2022-08-07T18:44:17Z,"techno melódico,techno","OPENGATE SOCIETY",0.667,0.886,7,-10.589,0,0.0491,0.00000333,0.77,0.0335,0.0818,121.995,4
spotify:track:3lNLQiJHhcnikJDyaEhslO,"The Level - Extended Mix","Tech House Grooves Vol.3","Lucci Minati",2022-02-04,309523,0,false,azvwtt6iohg3hran3hxv47xn6,2022-08-07T18:44:22Z,"minimal techno,tech house","Total Freedom Bundles",0.854,0.965,9,-7.645,0,0.0666,0.00285,0.836,0.0902,0.604,126.001,4
spotify:track:440zDSTXFQ6QMYE6cKcsVQ,"Yet Far","Yet Far","NMST",2022-06-24,187141,1,false,azvwtt6iohg3hran3hxv47xn6,2022-08-07T18:44:26Z,"","Seiromem",0.612,0.836,8,-8.674,1,0.0403,0.183,0.8,0.11,0.125,117.965,4
spotify:track:16VyHfQv5qu1yNl3nu9C8x,"Free - Short Edit","Lucci Minati - Free (Pentaptych, Vol. 8)","Lucci Minati",2022-07-01,291088,3,false,azvwtt6iohg3hran3hxv47xn6,2022-08-07T18:44:29Z,"minimal techno,tech house","Polyptych Noir",0.709,0.707,7,-14.891,1,0.0439,0.00142,0.856,0.376,0.0366,122.008,4
spotify:track:5O8cWXp5m3qHlTavJusAqb,"Obsession","Abuso Mentale","Rian Wood",2022-07-08,340375,0,false,azvwtt6iohg3hran3hxv47xn6,2022-08-07T18:44:32Z,"hard techno,techno,acid techno,tekno,techno hardcore","No Mercy",0.625,0.955,11,-8.289,0,0.0462,0.00303,0.827,0.0584,0.0498,149.993,4
spotify:track:5r1OibRaeLrtXaStHoIrEj,"Drop It - Radio","Drop It","Lucci Minati",2022-02-11,191307,8,false,azvwtt6iohg3hran3hxv47xn6,2022-08-07T18:44:36Z,"minimal techno,tech house","House Machine",0.887,0.922,7,-7.468,1,0.0867,0.0476,0.789,0.189,0.484,127.995,4
spotify:track:20iRhGPfKcGiqFwHt5ldUF,"In The Dark","In The Dark","N3UX",2020-10-31,314000,0,false,azvwtt6iohg3hran3hxv47xn6,2022-08-07T18:44:39Z,"techno melódico,house melódico","1485434 Records DK",0.591,0.79,11,-9.785,0,0.0487,0.153,0.802,0.155,0.138,126.024,4
spotify:track:1J9f4ua6JMsKQFZfcjlMs5,"Aggression","Abuso Mentale","Rian Wood",2022-07-08,350898,0,false,azvwtt6iohg3hran3hxv47xn6,2022-08-07T18:44:43Z,"hard techno,techno,acid techno,tekno,techno hardcore","No Mercy",0.472,0.945,4,-5.478,1,0.0527,0.000041,0.741,0.58,0.567,144.983,4
spotify:track:6BcCwLJEurbFSDYUGa8gnF,"Weaponized Brain Damage","Weaponized Brain Damage","Illiya Korniyenko",2022-08-05,368628,0,false,azvwtt6iohg3hran3hxv47xn6,2022-08-07T18:44:46Z,"acid techno,hard techno,techno","No Mercy",0.651,0.99,11,-7.108,0,0.0666,0.0667,0.722,0.111,0.499,145.999,4
spotify:track:5GqeFQeBKrgJtm1ba8qCrt,"Mohs 1 Talc: The Hard Series","Mohs 1 Talc: The Hard Series","Hegstraction",2022-07-01,372800,3,false,azvwtt6iohg3hran3hxv47xn6,2022-08-07T18:44:49Z,"minimal techno,techno","Hegstraction",0.712,0.901,11,-8.987,0,0.119,0.0317,0.737,0.108,0.106,150.021,4
spotify:track:4INuTCqD0Ac60dGM3c0h7P,"Atlantis - DREIAN Remix","Atlantis","Rhalef;DREIAN",2022-06-24,360000,0,false,azvwtt6iohg3hran3hxv47xn6,2022-08-07T18:44:53Z,"techno","Space Kraft Recordings",0.729,0.879,4,-6.024,1,0.102,0.00369,0.794,0.0909,0.371,130,4
spotify:track:6SB9udEf6rL5fcn2Vywov0,"Pure Deep and Real","Pure Deep and Real","N3UX",2022-03-01,205714,14,false,azvwtt6iohg3hran3hxv47xn6,2022-08-07T18:44:57Z,"techno melódico,house melódico","N3UX Records",0.632,0.726,1,-9.873,1,0.0325,0.000468,0.846,0.0899,0.145,125.995,4
spotify:track:7u5bKOjQ2NhZhhAfp91Y0J,"Meeting","Open EP","ONEDEFINED",2022-08-01,363750,0,false,azvwtt6iohg3hran3hxv47xn6,2022-08-07T18:45:00Z,"techno","Fack It Records",0.742,0.327,11,-16.725,0,0.149,0.36,0.915,0.104,0.173,128.032,4
spotify:track:0IfSpBQd9jOkRgsP5T7Fat,"Disco Shit","Disco Shit | Parasite","Gerrit X",2022-08-05,323095,3,false,azvwtt6iohg3hran3hxv47xn6,2022-08-07T18:45:03Z,"","Animarum Recordings",0.593,0.953,1,-7.851,1,0.0526,0.00122,0.817,0.0501,0.0652,132.021,4
spotify:track:006szn9vKChDW8d0czM965,"Deathblow","Coup De Grâce","EXIX",2022-06-17,379250,0,false,azvwtt6iohg3hran3hxv47xn6,2022-08-07T18:45:07Z,"hard techno,techno","No Mercy",0.421,0.994,6,-6.193,0,0.184,0.000221,0.902,0.0864,0.24,150.002,3
spotify:track:3cbLUx1981YxrnaODdtnrI,"Push it - Original Mix","Mental Projection","Justus Reim;Nico Banfi",2022-08-05,350909,0,false,azvwtt6iohg3hran3hxv47xn6,2022-08-07T18:45:10Z,"techno,minimal techno,acid techno","Infekted Records",0.857,0.848,7,-8.843,1,0.0731,0.000703,0.873,0.13,0.695,132.006,4
spotify:track:49qctBoIV1qtzofEXzPnUu,"Move Like This - Original Mix","Move Like This EP","Lasko (FR);Camilo Morales",2022-04-18,355508,3,false,azvwtt6iohg3hran3hxv47xn6,2022-08-07T18:45:13Z,"tech house,rally house","Distance Music",0.807,0.649,2,-9.135,1,0.0936,0.000323,0.761,0.121,0.134,127.017,4
spotify:track:4SrTtBMHyU01iNoFVFX93W,"Shake","Shake","Lasko (FR);Camilo Morales",2022-07-22,317750,1,false,azvwtt6iohg3hran3hxv47xn6,2022-08-07T18:45:21Z,"tech house,rally house","Mr. Carter",0.806,0.883,6,-9.896,0,0.0789,0.0000299,0.856,0.0679,0.88,127.011,4
spotify:track:0K9B6z0wi1gHsPNcMYBbAO,"Meadow","Incanto, Vol. 2","Ellnath",2022-08-05,355200,0,false,azvwtt6iohg3hran3hxv47xn6,2022-08-07T18:45:24Z,"techno melódico,house melódico","Black Rose Recordings",0.765,0.434,4,-12.421,0,0.0797,0.00973,0.868,0.0757,0.0331,125.005,4
spotify:track:01cVAA8teNNmEE9xKZfXze,"Cats Hate Everyone","Frecuencia Nacional","Notherapy",2022-03-04,328000,0,false,azvwtt6iohg3hran3hxv47xn6,2022-08-07T18:45:28Z,"hard techno","No Mercy",0.622,0.998,11,-6.469,1,0.142,0.00927,0.642,0.0935,0.108,145.015,4
spotify:track:5Q2IBdufMBZg81o4meeEgC,"Never Stop","Never Stop","Lucci Minati",2021-06-25,134516,12,true,azvwtt6iohg3hran3hxv47xn6,2022-08-07T18:45:31Z,"minimal techno,tech house","Lucci Minati",0.792,0.963,2,-6.633,1,0.079,0.000676,0.903,0.25,0.0673,124.008,4
spotify:track:0tGzRyz6SOTVn4KrujLxhh,"Lost","Lost","NMST",2022-08-05,144020,1,false,azvwtt6iohg3hran3hxv47xn6,2022-08-07T18:45:35Z,"","Seiromem",0.427,0.55,9,-9.231,0,0.104,0.752,0.865,0.112,0.0923,180.39,4
spotify:track:5B3jsZlnr9o1fwQ5VpDUoK,"Entropic Force","Entropic Force","Justus Reim;Unlighted",2021-11-17,241424,1,false,azvwtt6iohg3hran3hxv47xn6,2022-08-07T18:45:39Z,"techno,minimal techno","Reload Black Label",0.633,0.957,9,-7.234,1,0.0397,0.00118,0.822,0.475,0.562,129.985,4
spotify:track:37RF6B1ZKwXniRNi0USxlQ,"Synergy","Synergy","Flanko",2022-07-08,406153,1,false,azvwtt6iohg3hran3hxv47xn6,2022-08-07T18:45:42Z,"minimal techno,techno,techno melódico","ALAULA Music",0.718,0.898,9,-6.368,1,0.0593,0.0383,0.861,0.0871,0.689,129.99,4
spotify:track:14AV2oV2U39mUXBOY3U2Ow,"Shifter","Frecuencia Nacional","Koross;Not a headliner",2022-03-04,269250,0,false,azvwtt6iohg3hran3hxv47xn6,2022-08-07T18:45:46Z,"","No Mercy",0.697,0.996,1,-5.966,1,0.0892,0.0016,0.703,0.173,0.748,145.012,4
spotify:track:0fVM5Jvcsnzn3N2vg8TWTo,"Me Hace Brillar","Me Hace Brillar","Vice Rock",2022-07-29,197464,0,false,azvwtt6iohg3hran3hxv47xn6,2022-08-07T18:45:49Z,"","Vice Rock",0.803,0.54,1,-9.298,1,0.0498,0.815,0.214,0.109,0.512,120.005,4
spotify:track:3wwn7gi3tBOBQJc7RFhkxI,"Sheck","Sheck","Victor Porfidio",2022-06-10,177438,22,false,azvwtt6iohg3hran3hxv47xn6,2022-08-07T18:45:54Z,"house latino","777 LAB",0.821,0.657,8,-7.677,1,0.0876,0.0216,0.0398,0.321,0.0445,122.09,4
spotify:track:0QZvbmKFUSwmmI8ymyXkTM,"Blind Obedience","Hang The Clergy","BRÄLLE;DSTANT",2021-01-15,360000,0,false,azvwtt6iohg3hran3hxv47xn6,2022-08-07T18:45:58Z,"hard techno,techno,acid techno","No Mercy",0.621,0.99,10,-7.721,0,0.0548,0.126,0.733,0.109,0.451,140.008,4
spotify:track:2ZijVzHNJbZYFNVV407AEx,"Voices In My Head - Bultech Remix","Voices In My Head","Thomas Labermair;Bultech",2022-07-06,240081,26,false,azvwtt6iohg3hran3hxv47xn6,2022-08-07T18:46:02Z,"techno,minimal techno","Reload Black Label",0.803,0.732,8,-7.158,1,0.0499,0.0168,0.84,0.116,0.36,129.998,4
spotify:track:6vToLd3My1FnPgLS12mTLl,"Another Day","Another Day","Zoodiak",2022-07-29,377419,3,false,azvwtt6iohg3hran3hxv47xn6,2022-08-07T18:46:06Z,"techno","TLL-RECORDS",0.605,0.941,7,-6.953,1,0.0617,0.00302,0.709,0.1,0.0721,133.996,4
spotify:track:5KAiaCjFKdSUNrzNPRtRIo,"No Mercy - Original Mix","Pieces of Mind EP","Motog",2022-07-18,411428,1,false,azvwtt6iohg3hran3hxv47xn6,2022-08-07T18:46:10Z,"techno","Shadowprint",0.669,0.884,7,-9.869,1,0.043,0.0235,0.864,0.113,0.0397,133.01,4
spotify:track:5Ujny1ozFuOA6jZC2zzcam,"Mi Morena","Mi Morena","Camila Gutierrez;Momis Alanis;Private Music",2022-08-05,218709,0,false,azvwtt6iohg3hran3hxv47xn6,2022-08-07T18:46:13Z,"guaracha,house latino,tribal house","Private Music",0.704,0.931,11,-5.212,1,0.0499,0.00155,0.335,0.101,0.433,124.003,4
spotify:track:14u3zFqqRmQhIvLogOilhn,"Dark Sun","Dark Sun","DRECHSLER",2022-08-02,156190,7,false,azvwtt6iohg3hran3hxv47xn6,2022-08-07T18:46:17Z,"tech house","Uprise Music",0.701,0.994,1,-3.557,1,0.0535,0.0289,0.902,0.0474,0.914,126.007,4
spotify:track:1yY6zMngPoQWFvKNMaZ3hi,"Make Me Feel","Make Me Feel","Anderblast;Divine",2022-07-29,205161,0,false,azvwtt6iohg3hran3hxv47xn6,2022-08-07T18:46:20Z,"tech house","There Was Jack",0.676,0.955,0,-4.576,1,0.0402,0.000377,0.0314,0.112,0.679,123.983,4
spotify:track:14z0VAsGQlF8ZzIIdA5URR,"Tu Carita","Tu Carita","KUMA.;Nomiz;Aria",2022-07-01,171087,2,false,azvwtt6iohg3hran3hxv47xn6,2022-08-07T18:46:23Z,"","ProdByFuzy Inc.",0.72,0.75,11,-9.896,0,0.0708,0.00596,0.76,0.374,0.245,125.987,4
spotify:track:1UKv8SvTqin5eciqE5m7Zz,"Roses","Roses","Oli Benz",2022-07-08,243934,19,true,azvwtt6iohg3hran3hxv47xn6,2022-08-07T18:46:26Z,"","Disco Caviar",0.812,0.668,0,-7.612,1,0.0654,0.0309,0.00105,0.106,0.654,122.013,4
spotify:track:6LlcM0OhDfQnqjljOhlhSI,"Groove","Groove","FREEWILL;ATTICUS",2022-07-29,223414,0,false,azvwtt6iohg3hran3hxv47xn6,2022-08-07T18:46:29Z,"tech house","FREEWILL & ATTICUS",0.776,0.938,9,-5.78,1,0.0496,0.0259,0.782,0.0509,0.787,123.01,4
spotify:track:0mmgrEc9o38h56ZG3IN23F,"Ride With Me","Ride With Me","SWAYLÓ",2022-07-29,148571,3,false,azvwtt6iohg3hran3hxv47xn6,2022-08-07T18:46:34Z,"tech house","Uprise Music",0.702,0.862,1,-7.134,1,0.036,0.134,0.0413,0.126,0.679,125.995,4
spotify:track:66vNfFXNJlut1xtnguF9i3,"You Got (Radio Edit)","You Got","QTNT",2022-07-29,203550,0,false,azvwtt6iohg3hran3hxv47xn6,2022-08-07T18:46:37Z,"","QTNT",0.907,0.539,0,-8.713,1,0.346,0.0216,0.0141,0.199,0.5,124.999,4
spotify:track:5KbOCCcULutiFqLCRDgbTi,"All Go Rhythm","Ticket To The Club","Broke",2022-07-15,221352,0,false,azvwtt6iohg3hran3hxv47xn6,2022-08-07T18:46:40Z,"","Candy Flip",0.796,0.698,9,-6.735,0,0.0438,0.000672,0.266,0.172,0.766,127.988,4
spotify:track:3jR9T9x7hpVYaZCtcLXIra,"Lion","Lion","Patrick Scuro;Marie Vaunt",2022-07-29,232384,22,false,azvwtt6iohg3hran3hxv47xn6,2022-08-07T18:46:43Z,"techno,acid techno,hard techno","Animarum Recordings",0.6,0.985,2,-6.176,1,0.0476,0.00154,0.779,0.0794,0.0348,130.008,4
spotify:track:4AeSCb1l229vIsXDiM490o,"Talk to Me","Talk to Me","Seeing Double",2022-07-27,199345,22,false,azvwtt6iohg3hran3hxv47xn6,2022-08-07T18:46:46Z,"tech house,house latino","Future Cuts",0.781,0.867,11,-8.42,0,0.134,0.177,0.874,0.209,0.0931,128.029,4
spotify:track:6eDhpTkLY5Hmbf5gAs04t7,"Hey Drop","Hey Drop","Addes (ES)",2022-07-28,340254,0,false,azvwtt6iohg3hran3hxv47xn6,2022-08-07T18:46:50Z,"house latino,tech house","Clipper's Sounds",0.807,0.84,1,-10.549,1,0.0482,0.000482,0.888,0.0341,0.446,126.989,4
spotify:track:4HQcb1JSHD1qf88eoy53Zb,"Back It Up - Radio Edit","Back It Up (Radio Edit)","Icarix",2022-07-25,144761,3,false,azvwtt6iohg3hran3hxv47xn6,2022-08-07T18:46:53Z,"tech house","Future Cuts",0.807,0.973,2,-7.422,1,0.0582,0.00655,0.825,0.298,0.439,125.988,4
spotify:track:4U2YZkplRW5xzEmKALTkK0,"2023 - Majid Jordan VIP Mix","2023 (Majid Jordan Remixes)","Lila Drew;Majid Jordan",2022-07-27,259428,0,false,azvwtt6iohg3hran3hxv47xn6,2022-08-07T18:46:56Z,"","Lila Drew",0.845,0.678,9,-5.991,0,0.0566,0.0459,0.801,0.0864,0.358,121.985,4
spotify:track:5t8ya2Qx7Xc6bG53piXMYY,"Catania","Catania","Södermalm",2020-06-12,220645,0,false,azvwtt6iohg3hran3hxv47xn6,2022-08-07T18:47:05Z,"tech house","WYDE DEEP by WYDE RECORDS",0.784,0.951,7,-7.92,1,0.052,0.00403,0.852,0.0324,0.808,123.99,4
spotify:track:1pdsBkhNchpGCQTGoNQXZI,"Chiquetere (feat. Rafa Villalba)","Chiquetere","Paskman;Rafa Villalba",2022-04-01,163488,3,false,azvwtt6iohg3hran3hxv47xn6,2022-08-07T18:47:11Z,"techengue,tech house,house latino,techno","Criterio Music",0.851,0.729,11,-6.939,0,0.136,0.0124,0.0237,0.302,0.732,128.013,4
spotify:track:7MIhUdNJtaOnDmC5nBC1fb,"Deep Down (feat. Never Dull)","Deep Down (feat. Never Dull)","Alok;Ella Eyre;Kenny Dope;Never Dull",2022-06-17,165714,76,false,azvwtt6iohg3hran3hxv47xn6,2022-08-07T18:47:15Z,"graves brasileños,electrónica,slap house,electro house,disco house,funky house,jazz house,nu disco,lo-fi house","Columbia/B1 Recordings",0.687,0.818,0,-4.221,1,0.0778,0.0112,0,0.248,0.886,125.952,4
spotify:track:4DCVcs0sQAP2KVWk4hsU22,"OUT OUT (feat. Charli XCX & Saweetie) - Joel Corry VIP Mix","OUT OUT (feat. Charli XCX & Saweetie) [Joel Corry VIP Mix]","Joel Corry;Jax Jones;Charli xcx;Saweetie",2021-09-24,170904,34,false,azvwtt6iohg3hran3hxv47xn6,2022-08-07T18:47:18Z,"dance pop,hyperpop,art pop","Atlantic Records UK",0.726,0.848,8,-5.161,0,0.0771,0.0078,0.519,0.169,0.828,125.002,4
spotify:track:4apmzWYU733wggtObEw17X,"Loco","Loco","King Topher;MelyJones;Savalla",2021-06-25,178032,26,false,azvwtt6iohg3hran3hxv47xn6,2022-08-07T18:47:24Z,"future house,tropical house,edm cristiana,house latino,bass house","BRING THE KINGDOM",0.728,0.836,5,-7.976,0,0.105,0.0194,0.635,0.303,0.604,123.975,4
spotify:track:4nZF7SzearWRll8JBrUwlB,"Forbidden Society","Forbidden Society","Teh",2022-07-08,343120,2,false,azvwtt6iohg3hran3hxv47xn6,2022-08-07T18:47:30Z,"acid techno,techno","Blurred Sounds",0.747,0.545,7,-10.982,0,0.08,0.0299,0.52,0.108,0.191,135.002,4
spotify:track:42gQEzPTBHiTRWnc0Uex7u,"Into the Night - Innervoix Remix","Disturber [The Remixes]","Doguez;Innervoix",2022-07-08,435000,24,false,azvwtt6iohg3hran3hxv47xn6,2022-08-07T18:47:34Z,"techno melódico,minimal techno,techno","Prototype Music",0.656,0.882,7,-9.2,1,0.0458,0.0401,0.902,0.104,0.0381,123.996,4
spotify:track:084zP20kfh3KEWhjv0PhaV,"The Weekend","The Weekend","ATTICUS;FREEWILL",2022-07-08,201000,1,false,azvwtt6iohg3hran3hxv47xn6,2022-08-07T18:47:37Z,"tech house","Future Freaks Records",0.731,0.962,8,-6.229,0,0.0977,0.0973,0.539,0.317,0.622,129.022,4
spotify:track:1gRQxbfL4ULWyTosgXSbWT,"You Little Beauty","You Little Beauty","FISHER",2019-05-10,206587,67,false,azvwtt6iohg3hran3hxv47xn6,2022-08-07T18:47:44Z,"tech house,house","Catch & Release/Astralwerks",0.926,0.951,6,-5.531,0,0.0924,0.00232,0.452,0.313,0.918,123.987,4
spotify:track:62feRreeM9ea7i2VHVSKrg,"Freaks","Freaks","Timmy Trumpet;Savage",2014-08-01,168750,17,false,azvwtt6iohg3hran3hxv47xn6,2022-08-07T18:47:57Z,"melbourne bounce,big room","Hussle Recordings",0.886,0.967,4,-0.776,1,0.142,0.0157,0.389,0.239,0.745,128.1,4
spotify:track:2XNTATYKWxN2KqQI2efJrm,"Rave For Freedom","Rave For Freedom","Patrick Galley",2022-05-27,214335,0,false,azvwtt6iohg3hran3hxv47xn6,2022-08-07T18:48:05Z,"","Patrick Galley",0.514,0.907,3,-6.461,0,0.0448,0.00712,0.847,0.227,0.322,128.012,4
spotify:track:3Z7CaxQkqbIs1rewKi6v4W,"Hot In It (feat. Charli XCX)","Hot In It","Tiësto;Charli xcx",2022-06-30,129817,5,false,azvwtt6iohg3hran3hxv47xn6,2022-08-12T18:17:21Z,"edm,trance,big room,hyperpop,art pop","Atlantic Records",0.748,0.841,7,-5.08,1,0.177,0.00445,0.00000133,0.0413,0.717,123.045,4
spotify:track:4mmJ9f97Yr1E7YuEu92ir2,"Intoxicated","Intoxicated","Martin Solveig;Good Times Ahead",2015-04-13,255626,0,false,azvwtt6iohg3hran3hxv47xn6,2022-08-12T18:20:13Z,"house francés","Spinnin' Deep",0.806,0.85,0,-4.608,1,0.0619,0.00255,0.178,0.139,0.581,125.019,4
spotify:track:75QOrhYmyUSDpMMTD2fXTI,"El Tambor","El Tambor","Mr. Pig;Holy Pig",2020-08-13,212070,0,false,azvwtt6iohg3hran3hxv47xn6,2022-08-12T18:20:53Z,"techengue,house latino","Holy Pig Records",0.793,0.918,0,-5.931,1,0.0857,0.00832,0.897,0.15,0.554,125.007,4
spotify:track:25V0TNA8cZLVzLQpHa6rB1,"Freaks","Freaks","FISHER",2020-03-20,175255,57,false,azvwtt6iohg3hran3hxv47xn6,2022-08-12T18:22:13Z,"tech house,house","Catch & Release/Astralwerks",0.805,0.869,1,-4.344,1,0.0549,0.00219,0.799,0.122,0.786,124.014,4
spotify:track:66U0ASk1VHZsqIkpMjKX3B,"Little Swing","Little Swing","AronChupa;Little Sis Nora",2016-02-26,163809,60,false,azvwtt6iohg3hran3hxv47xn6,2022-08-12T18:23:39Z,"electro swing,melbourne bounce","Aron Ekberg",0.89,0.672,7,-5.532,1,0.0621,0.707,0.000604,0.177,0.598,126.036,4
spotify:track:24Yi9hE78yPEbZ4kxyoXAI,"Roses - Imanbek Remix","Roses (Imanbek Remix)","SAINt JHN;Imanbek",2019-10-09,176840,78,true,azvwtt6iohg3hran3hxv47xn6,2022-08-12T18:23:46Z,"slap house","Columbia/B1 Recordings",0.77,0.724,8,-5.484,1,0.0495,0.0167,0.0107,0.353,0.898,121.975,4
spotify:track:1UOrERShvgjfbdvbZ0OCbW,"Bling Bling (2020 Remix)","Bling Bling (2020 Remix)","Malaa",2020-01-17,304762,0,false,azvwtt6iohg3hran3hxv47xn6,2022-08-12T18:23:56Z,"g-house,bass house,future house","Confession",0.77,0.673,10,-7.137,0,0.0468,0.000658,0.551,0.0312,0.194,126.002,4
spotify:track:7EVk9tRb6beJLTHrg6AkY9,"Tuesday","Tuesday (feat. Danelle Sandoval)","Burak Yeter;Danelle Sandoval",2016-09-02,241874,78,false,azvwtt6iohg3hran3hxv47xn6,2022-08-12T18:24:00Z,"","SBA Production",0.841,0.639,9,-6.052,0,0.0688,0.0156,0.0654,0.0545,0.675,99.002,4
spotify:track:5MhsZlmKJG6X5kTHkdwC4B,"I'm an Albatraoz","I'm an Albatraoz","AronChupa;Little Sis Nora",2014-08-08,166848,75,true,azvwtt6iohg3hran3hxv47xn6,2022-08-12T18:24:04Z,"electro swing,melbourne bounce","Aron Ekberg",0.883,0.817,0,-5.414,1,0.235,0.601,0.00449,0.11,0.595,128.078,4
spotify:track:1HOlb9rdNOmy9b1Fakicjo,"#SELFIE","#SELFIE","The Chainsmokers",2014-01-01,183750,66,false,azvwtt6iohg3hran3hxv47xn6,2022-08-12T18:24:11Z,"","Dim Mak Inc",0.789,0.916,0,-3.262,1,0.249,0.0135,0.00000809,0.077,0.658,127.956,4
spotify:track:1WMOLGOYFGEn2iSqCZhU46,"Trumpet","Trumpet","Kubi",2018-06-20,227106,0,false,azvwtt6iohg3hran3hxv47xn6,2022-08-12T18:28:21Z,"graves brasileños,g-house","Kause Records",0.842,0.94,1,-5.631,1,0.0685,0.0864,0.859,0.1,0.2,123.991,4
spotify:track:5xGcpnA8ACSipKcRcYioxh,"Better","Better","Valentino Khan;Wuki;Roxanna",2019-07-26,200000,49,true,azvwtt6iohg3hran3hxv47xn6,2022-08-12T18:32:07Z,"bass house,moombahton,g-house,iskelmä","Mad Decent",0.804,0.922,8,-5.678,1,0.0515,0.00114,0.221,0.0771,0.773,126.012,4
spotify:track:1yaISGEoawvX2l6cU7M13n,"BOOM","BOOM","Tiësto;Sevenn",2017-04-24,154146,52,true,azvwtt6iohg3hran3hxv47xn6,2022-08-12T18:32:16Z,"edm,trance,big room,graves brasileños","Universal Music B.V.",0.78,0.887,2,-3.352,1,0.0578,0.00064,0.718,0.272,0.131,123,4
spotify:track:29GJzOuxFqzlyvf6NxoZGH,"Carnival - Dimitri Vegas & Like Mike Edit","Carnival (Dimitri Vegas & Like Mike Edit)","Timmy Trumpet;MATTN;Wolfpack;X-TOF;Dimitri Vegas & Like Mike",2019-11-22,178615,49,false,azvwtt6iohg3hran3hxv47xn6,2022-08-12T18:34:51Z,"melbourne bounce,big room,electrónica,edm","Smash The House",0.388,0.724,8,-6.599,1,0.0766,0.0015,0.287,0.085,0.128,131.758,4
spotify:track:5jgIiZzXhG2fF0AGfGcsdy,"Strangers (feat. Ella Loponte)","Strangers (feat. Ella Loponte)","David Tort;Markem;Yas Cepeda;Ella Loponte",2017-04-14,222580,49,false,azvwtt6iohg3hran3hxv47xn6,2022-08-12T18:34:59Z,"tribal house,house latino,house,tech house,afro house","AFTR:HRS",0.768,0.871,5,-5.164,0,0.1,0.0264,0.74,0.25,0.454,123.983,4
spotify:track:0NKCJFoF3qK5CNYB0cheHY,"Tremor - Sensation 2014 Anthem","Tremor (Sensation 2014 Anthem)","Dimitri Vegas & Like Mike;Martin Garrix;Dimitri Vegas",2014-05-05,294374,38,false,azvwtt6iohg3hran3hxv47xn6,2022-08-12T18:36:26Z,"big room,electrónica,edm,house progresivo","Spinnin' Records",0.63,0.943,6,-4.185,0,0.0365,0.000328,0.726,0.938,0.41,127.976,4
spotify:track:5jOhS3S7vTj9yQ4UmEk8qj,"The Music Began To Play","The Music Began To Play","Mark Knight;Armand Van Helden",2022-08-12,145984,55,false,azvwtt6iohg3hran3hxv47xn6,2022-08-12T22:58:02Z,"tech house,house,disco house,funky house,house progresivo","Toolroom",0.738,0.936,4,-3.451,0,0.219,0.00151,0.707,0.617,0.27,127.022,4
spotify:track:3H8rUxdoYMwnrWadvLZip4,"Make Me Believe","Diplo (Deluxe)","Diplo;Melé",2022-08-05,192000,25,false,azvwtt6iohg3hran3hxv47xn6,2022-08-12T22:58:46Z,"moombahton,tribal house,house latino,tech house,disco house","FFRR",0.812,0.905,11,-4.735,0,0.105,0.00745,0.0000503,0.188,0.394,125.003,4
spotify:track:5kxhWnVt5pnBY1pIDpi6mk,"Loveless","Loveless","J. Worra",2022-08-12,171337,41,false,azvwtt6iohg3hran3hxv47xn6,2022-08-12T22:59:01Z,"house,tech house","Higher Ground",0.828,0.812,2,-6.798,1,0.0429,0.0032,0.81,0.105,0.688,123.988,4
spotify:track:57wY9yZ77WATPMwVIdwmwq,"Jungly","Jungly","Guille Placencia;George Privatti",2022-08-12,375019,10,false,azvwtt6iohg3hran3hxv47xn6,2022-08-12T23:02:31Z,"tech house,techno","La Pera Records",0.803,0.964,0,-7.912,1,0.0611,0.000205,0.848,0.0489,0.26,128.028,4
spotify:track:1cE4VwgQnvfJlbSRJoNXh4,"Burning","Burning","Ben Rau",2022-07-29,237000,6,false,azvwtt6iohg3hran3hxv47xn6,2022-08-12T23:02:40Z,"tech house,disco house","Knee Deep In Sound",0.602,0.921,1,-10.217,1,0.096,0.135,0.525,0.128,0.537,129.985,4
spotify:track:56fckcq46TPwHNwzjjWzL8,"Easy","Easy","Cody Currie;Ally McMahon",2022-08-08,252259,0,false,azvwtt6iohg3hran3hxv47xn6,2022-08-12T23:03:23Z,"jazz house,lo-fi house,disco house,funky house","Toy Tonics",0.98,0.468,7,-10.691,0,0.124,0.0406,0.718,0.0796,0.928,123.007,4
spotify:track:05QNX862U0b2TGNIP9Dbg4,"Body Control - Edit","Keep On Swindling Pt. 1","Dam Swindle",2022-06-10,228865,0,false,azvwtt6iohg3hran3hxv47xn6,2022-08-12T23:03:44Z,"deep house,disco house,lo-fi house,funky house,house de chicago","Heist Recordings",0.806,0.849,7,-7.18,0,0.0508,0.00256,0.917,0.182,0.559,124.012,4
spotify:track:6E6WyW3tLlJHwfmKPaHrNo,"Muzik","Muzik","Jennifer Loveless",2022-07-22,351624,19,false,azvwtt6iohg3hran3hxv47xn6,2022-08-12T23:03:55Z,"lo-fi house","Butter Sessions",0.702,0.891,7,-9.935,1,0.0601,0.17,0.842,0.154,0.339,127.014,4
spotify:track:4p0ZyC60H7aSNTNMS9RRrD,"360º","360º","BFRND",2022-03-11,224000,49,false,azvwtt6iohg3hran3hxv47xn6,2022-08-18T15:29:56Z,"","BFRND",0.771,0.95,7,-11.004,1,0.034,0.0000259,0.845,0.149,0.0371,119.986,4
spotify:track:0ZahMMoEDeXQ5RYp6nC7dP,"Hedge Fund Trance (Part 2)","Hedge Fund Trance","BFRND;Vladimir Cauchemar",2022-07-04,374413,33,false,azvwtt6iohg3hran3hxv47xn6,2022-08-18T15:30:28Z,"rap francés","Digital Hammer",0.774,0.846,4,-8.62,1,0.0371,0.000127,0.93,0.1,0.454,120.017,4
spotify:track:401PQQgLIWmIIlqET6PRq6,"Suce Ma Bite","Suce Ma Bite","Fucking Fred",2020-04-16,116335,37,true,azvwtt6iohg3hran3hxv47xn6,2022-08-18T15:30:37Z,"","Fucking Fred",0.828,0.889,10,-6.315,0,0.129,0.00249,0.000233,0.602,0.767,130.995,4
spotify:track:1NgV73PZDfFKaFiuBclg6N,"Hedge Fund Trance (Vladimir Cauchemar Remix)","Hedge Fund Trance","BFRND;Vladimir Cauchemar",2022-07-04,166990,20,false,azvwtt6iohg3hran3hxv47xn6,2022-08-18T15:31:26Z,"rap francés","Digital Hammer",0.807,0.647,1,-6.021,1,0.044,0.0022,0.796,0.0734,0.369,127.976,4
spotify:track:5BLtUKHalelZ1Xzexl9Wcn,"French Connection","French Connection","BFRND",2021-04-24,253983,34,false,azvwtt6iohg3hran3hxv47xn6,2022-08-18T15:31:29Z,"","BFRND GMBH",0.795,0.534,9,-6.293,0,0.064,0.326,0.762,0.0825,0.315,120.004,4
spotify:track:5qpZTm9s6ewUssMo83wDXf,"Sunglasses at Night","Sunglasses at Night","BFRND",2020-10-05,507451,30,false,azvwtt6iohg3hran3hxv47xn6,2022-08-18T15:31:33Z,"","BFRND GMBH",0.598,0.644,0,-7.605,1,0.0298,0.0218,0.258,0.111,0.541,130.015,4
spotify:track:4rHIGjDTXXL9Eudf3YF036,"Drank & Drugs","New Wave","Lil Kleine;Ronnie Flex",2015-04-07,145978,2,true,azvwtt6iohg3hran3hxv47xn6,2022-08-18T17:06:31Z,"nederpop","Top Notch Music BV",0.923,0.742,11,-5.047,0,0.0495,0.0494,0.0000179,0.0829,0.784,120.038,4
spotify:track:0746AeHaYcU2GsG7ohLfTi,"Fire In My Body","Sanctus","Indecorum",2020-05-03,196200,43,false,azvwtt6iohg3hran3hxv47xn6,2022-08-18T17:07:30Z,"hard techno,techno,tekno","Indecorum",0.757,0.98,8,-4.671,0,0.383,0.0303,0.675,0.218,0.468,166.701,4
spotify:track:46a2imjeJLAJAMaJghKyFQ,"Falkor's Return","Sanctus","Indecorum",2020-05-03,180000,52,false,azvwtt6iohg3hran3hxv47xn6,2022-08-18T17:08:16Z,"hard techno,techno,tekno","Indecorum",0.687,0.772,6,-8.257,0,0.133,0.00214,0.105,0.191,0.427,149.988,4
spotify:track:4uFEwF6V0eGYj9j1CATNMx,"Sims 2000","Sanctus","Indecorum",2020-05-03,244000,39,false,azvwtt6iohg3hran3hxv47xn6,2022-08-18T17:08:20Z,"hard techno,techno,tekno","Indecorum",0.717,0.889,9,-6.318,1,0.0706,0.00243,0.872,0.116,0.703,149.975,4
spotify:track:2OklCKvupQCsNxTWFlffkO,"Kk Dikke Natte Visstick","Kk Dikke Natte Visstick","Natte Visstick",2021-11-26,87245,30,false,azvwtt6iohg3hran3hxv47xn6,2022-08-18T17:08:33Z,"hard techno,techno,techno hardcore,gabber,tekno","Natte Korst Records",0.54,0.92,1,-7.631,1,0.0547,0.000106,0.0156,0.279,0.312,144.946,4
spotify:track:5ZJSRtU3e8HGrqUXjL93Nv,"Hossen Op Die Pilletjes","Hossen Op Die Pilletjes","Het Verzet",2019-07-19,251477,23,false,azvwtt6iohg3hran3hxv47xn6,2022-08-18T17:10:00Z,"techno","Het Verzet",0.746,0.912,5,-7.21,0,0.0933,0.000855,0.191,0.1,0.566,132.02,4
spotify:track:1590SV5QwW8iEqm9F5elSx,"Tape dans tes mains","Le premier albüm","Cactus et Mammuth",2020-01-04,205714,18,false,azvwtt6iohg3hran3hxv47xn6,2022-08-18T17:11:06Z,"","Sans Faire De Bruit",0.687,0.992,7,-3.98,1,0.0665,0.0768,0.000344,0.0942,0.389,140.003,4
spotify:track:4N0DkWrDtsMD4YGdJwDDnO,"F Le 17","United Ravers Against Fascism","Casual Gabberz",2020-06-19,128119,0,true,azvwtt6iohg3hran3hxv47xn6,2022-08-18T17:11:16Z,"gabber,tekno","Live From Earth",0.666,0.865,6,-4.476,0,0.21,0.0817,0.634,0.647,0.119,155.917,4
spotify:track:3LvvIhumturTVuHFgpgrb4,"CSE","CSE","Reinier Zonneveld;Andra6",2021-08-20,193082,44,false,azvwtt6iohg3hran3hxv47xn6,2022-08-18T17:11:30Z,"techno,acid techno,hard techno,tekno,minimal techno","Filth on Acid",0.753,0.932,1,-8.972,1,0.081,0.0191,0.769,0.178,0.532,133.017,4
spotify:track:0d5YxDApLSMKtO3mS88ihY,"Sucre imbibé","Acid Pirate 02","Tikishan",2019-02-06,214500,0,false,azvwtt6iohg3hran3hxv47xn6,2022-08-18T17:11:39Z,"tekno,acid techno","Acid Pirate",0.652,0.933,7,-3.317,1,0.0596,0.00298,0.576,0.381,0.638,159.983,4
spotify:track:4zJ8DEVdt84wq23l8VZWGw,"Finally","Power","Rodnik",2022-04-20,92054,0,false,azvwtt6iohg3hran3hxv47xn6,2022-08-18T17:11:47Z,"","MAXI Music Records",0.771,0.885,8,-11.035,1,0.216,0.000774,0.971,0.117,0.479,145.995,4
spotify:track:0zslCEOMoRXQmOGf5KxUd7,"Atomic Dislexia","Atomic Dislexia","Prosper;Mad Rey",2021-10-30,219428,18,false,azvwtt6iohg3hran3hxv47xn6,2022-08-18T17:21:09Z,"lo-fi house,house francés,hip house","1750146 Records DK2",0.823,0.869,0,-7.382,1,0.0527,0.0321,0.00841,0.111,0.633,140.025,4
spotify:track:6q79iFTPE7eLM0Z7EEBQEV,"Bonjour c'est Stéphane encore","Ouai ouai","Ouai Stéphane",2019-05-21,315524,0,false,azvwtt6iohg3hran3hxv47xn6,2022-08-18T17:21:14Z,"","Global Warming Records",0.626,0.93,11,-6.303,0,0.0677,0.00197,0.322,0.12,0.389,143.009,4
spotify:track:34UD3rbYzAzZQorXAZlbmd,"33T","Ouai","Ouai Stéphane",2019-04-02,301071,0,false,azvwtt6iohg3hran3hxv47xn6,2022-08-18T17:21:40Z,"","Global Warming Records",0.505,0.855,6,-6.154,0,0.0411,0.00288,0.627,0.0543,0.171,168.036,4
spotify:track:03mWQdaBWTObQv1iQ3OSXZ,"OSS 117 - Touché en plein Caire","OSS 117 - Touché en plein Caire","ßaptiste",2020-05-23,200895,31,false,azvwtt6iohg3hran3hxv47xn6,2022-08-18T17:22:10Z,"","2059013 Records DK",0.626,0.49,4,-11.365,0,0.0574,0.748,0.462,0.141,0.609,134.012,4
spotify:track:5DM0l8SJlc8qAMH2dcz6Km,"La Techpouf Du Dj","La Techpouf Du Dj","YGNOR",2020-07-01,345838,18,false,azvwtt6iohg3hran3hxv47xn6,2022-08-18T17:22:19Z,"acid techno,hard techno,techno,tekno","YGNOR",0.571,0.961,1,-10.181,1,0.0477,0.169,0.847,0.0913,0.583,161.048,4
spotify:track:1LmlVtniDo8jzA9YlS3oOT,"MOVE 2 DA BEAT","MOVE 2 DA BEAT","Rooler",2022-06-30,160742,58,false,azvwtt6iohg3hran3hxv47xn6,2022-08-18T17:22:28Z,"hardstyle,frenchcore,hardcore,gabber,techno hardcore","Aggressive Records",0.687,0.977,7,-2.721,1,0.206,0.00323,0.000629,0.13,0.318,160.035,4
spotify:track:0vBOyqICis94fkSwJbfUeF,"TOO COLD","TOO COLD","Sickmode;Rooler",2021-10-28,186410,59,true,azvwtt6iohg3hran3hxv47xn6,2022-08-18T17:22:35Z,"hardstyle,hardcore,frenchcore,techno hardcore,gabber","Aggressive Records",0.631,0.858,2,-4.895,1,0.178,0.00793,0.000988,0.501,0.337,160.046,4
spotify:track:72j7y7nVfhi69H8X8oRbye,"CLUB BANGER","CLUB BANGER","Sickmode;Rooler",2022-05-19,216000,50,false,azvwtt6iohg3hran3hxv47xn6,2022-08-18T17:22:50Z,"hardstyle,hardcore,frenchcore,techno hardcore,gabber","Aggressive Records",0.557,0.923,1,-3.769,1,0.323,0.0101,0.00113,0.588,0.307,160.098,4
spotify:track:1ptI7SsCGuO8aqDy7yrqXy,"DISCOTEK","AGGRESSIVE RECORDS MIXTAPE VOL. 1","Rooler",2020-07-13,218730,53,false,azvwtt6iohg3hran3hxv47xn6,2022-08-18T17:23:12Z,"hardstyle,frenchcore,hardcore,gabber,techno hardcore","Aggressive Records",0.661,0.972,11,-2.304,0,0.39,0.0761,0.00594,0.497,0.302,159.963,4
spotify:track:5AxadQLVwCbdMbi5UAfQ4x,"Enfants de la rave","Enfants de la rave","Creeds | Hardside;Helen Ka",2022-03-11,200722,46,false,azvwtt6iohg3hran3hxv47xn6,2022-08-18T17:26:47Z,"frenchcore,tekno,techno hardcore,hardcore,hardstyle","Euphoric Frenchcore",0.286,0.996,5,-1.833,1,0.337,0.023,0.0182,0.0728,0.0982,180.11,4
spotify:track:0be8zNjfCESDccPBY0C4ZQ,"Sonata N°1 (Allegro, Piano Sonata No. 1) - Beethoven Remixed","Sonata N°1 (Allegro, Piano Sonata No. 1) [Beethoven Remixed]","Vladimir Cauchemar",2021-07-22,171441,44,false,azvwtt6iohg3hran3hxv47xn6,2022-08-18T17:26:55Z,"rap francés","Universal Music Division Virgin Records",0.811,0.75,0,-4.779,1,0.0434,0.286,0.892,0.0771,0.477,123.043,4
spotify:track:09ysI9BDtepperiu1FSerR,"Going Crazy","Best of Karl F","Karl F",2012-01-25,297142,15,false,azvwtt6iohg3hran3hxv47xn6,2022-08-18T17:29:03Z,"","Babaorum Records",0.823,0.957,0,-1.641,1,0.0442,0.0576,0.64,0.0551,0.921,147.003,4
spotify:track:0dKX4AhsbGO6wVvboR52yn,"Dancer","Dancer","Vladimir Cauchemar;alyona alyona",2020-11-04,167031,41,true,azvwtt6iohg3hran3hxv47xn6,2022-08-18T17:31:05Z,"rap francés","Universal Music Division Virgin Records",0.768,0.791,7,-6.171,0,0.0507,0.162,0.0362,0.283,0.304,122.941,4
spotify:track:4u2dQmcZaFAu0fKXGmIf96,"Techno toujours pareil","Sur le thème des grandes découvertes","Salut C'est Cool",2015-06-22,194120,53,false,azvwtt6iohg3hran3hxv47xn6,2022-08-18T17:42:47Z,"tekno","Universal Music Division Barclay",0.659,0.908,8,-6.67,0,0.0367,0.241,0.00595,0.132,0.741,159.008,4
spotify:track:6wFk7d6wxjAxagMvELGyst,"Salam Aleykoum","Sur le thème des grandes découvertes","Salut C'est Cool",2015-06-22,364160,32,false,azvwtt6iohg3hran3hxv47xn6,2022-08-18T17:42:58Z,"tekno","Universal Music Division Barclay",0.69,0.963,0,-6.341,1,0.0343,0.00776,0.527,0.0437,0.154,138.001,4
spotify:track:48Ljue6r2j2l2UpRGaAlBe,"Tony Hawk","Sur le thème des grandes découvertes","Salut C'est Cool",2015-06-22,269293,24,false,azvwtt6iohg3hran3hxv47xn6,2022-08-18T17:43:03Z,"tekno","Universal Music Division Barclay",0.74,0.896,0,-7.869,1,0.0735,0.0341,0.837,0.171,0.313,150.002,4
spotify:track:4AEHAp2MItoq5imMKJZbbS,"Le sanglier","Le sanglier","DaPoule",2020-10-14,202388,46,false,azvwtt6iohg3hran3hxv47xn6,2022-08-18T17:43:12Z,"","iMD-DaPool",0.702,0.68,6,-7.82,0,0.257,0.0277,0.878,0.207,0.473,134.044,4
spotify:track:1EY9X1Zw6gZPIqBY8Fy2ik,"Sound Pressure, Pt. 3 - Mixed","fabric presents Overmono (Mixed)","James Ruskin;Surgeon",2021-07-16,59560,0,false,azvwtt6iohg3hran3hxv47xn6,2022-08-18T18:45:19Z,"techno,minimal techno,dub techno,idm,acid techno","Fabric Records",0.775,0.898,11,-7.366,0,0.0825,0.0000648,0.947,0.0756,0.458,133.045,4
spotify:track:3R9jch592EOfLEeQ5ht14B,"Search","Search Deep Inside Yourself","Surgeon",2016-03-28,361451,15,false,azvwtt6iohg3hran3hxv47xn6,2022-08-18T18:45:26Z,"minimal techno,techno,idm,dub techno,acid techno","Blueprint Records",0.736,0.785,0,-7.773,1,0.0807,0.174,0.915,0.111,0.0651,128.003,5
spotify:track:4XwX6ms2QX6O9BxSCstOYC,"La Real, Pt. 1","La Real","Surgeon",2000-03-13,372700,25,false,azvwtt6iohg3hran3hxv47xn6,2022-08-18T18:45:31Z,"minimal techno,techno,idm,dub techno,acid techno","Counterbalance",0.847,0.976,6,-7.65,1,0.0938,0.0732,0.866,0.0594,0.958,134.017,4
spotify:track:5w24rUIHal7dDjgbgTEX7a,"The Clock - Surgeon Remix","The Eraser Rmxs","Thom Yorke;Surgeon",2008-02-10,383800,20,false,azvwtt6iohg3hran3hxv47xn6,2022-08-18T18:46:09Z,"minimal techno,techno,idm,dub techno,acid techno","XL Recordings",0.719,0.942,7,-4.65,1,0.142,0.012,0.644,0.109,0.285,133.977,4
spotify:track:7M1125M74qeHedad25bx4U,"B.O.T.A. (Baddest Of Them All) - Edit","B.O.T.A. (Baddest Of Them All) / Move To The","Eliza Rose;Interplanetary Criminal",2022-06-15,226626,0,false,azvwtt6iohg3hran3hxv47xn6,2022-08-23T19:15:28Z,"house,uk garage,breakbeat","Rosebud Recordings",0.738,0.892,0,-7.784,1,0.0527,0.24,0.614,0.148,0.709,136.998,4
spotify:track:1uXPu4aSDFPLzyNcH6ASD4,"Drugs From Amsterdam","Drugs From Amsterdam","Mau P",2022-08-19,235785,1,false,azvwtt6iohg3hran3hxv47xn6,2022-08-23T19:15:42Z,"tech house,house","Repopulate Mars",0.686,0.928,8,-10.38,1,0.0527,0.0316,0.727,0.0576,0.631,124.986,4
spotify:track:3ddJUAVAo7b1AnNWi7jtZX,"Rise Again","Rise Again","Adelphi Music Factory",2022-08-11,183112,30,false,azvwtt6iohg3hran3hxv47xn6,2022-08-23T19:16:06Z,"disco house,funky house","Beat Factory",0.778,0.942,1,-4.239,1,0.174,0.0111,0.177,0.342,0.851,125.962,4
spotify:track:2hLczPN5CH5qhc6J4WBJHs,"My Feelings For You - Mark Knight Remix","My Feelings For You (Mark Knight Remix)","Avicii;Sebastien Drums;Mark Knight",2022-07-15,224515,60,false,azvwtt6iohg3hran3hxv47xn6,2022-08-23T19:16:10Z,"edm,tech house,house,disco house,funky house,house progresivo","Vicious",0.728,0.95,11,-4.216,0,0.0977,0.0055,0.00386,0.33,0.812,124.003,4
spotify:track:6WLZljpPR8EiUT2LDubJ6T,"Aguila ft. Cumbiafrica","Aguila ft. Cumbiafrica","HUGEL;Westend;Cumbiafrica",2022-07-22,168600,2,false,azvwtt6iohg3hran3hxv47xn6,2022-08-23T19:16:17Z,"house latino,afro house,techengue,house,tech house,tribal house","Repopulate Mars",0.812,0.816,6,-5.584,0,0.0432,0.00304,0.000128,0.112,0.211,125.001,4
spotify:track:3wd4oqBJFIu1jjLhlWgsVw,"Pan Jabi","Pan Jabi","Wade",2022-07-28,167109,43,false,azvwtt6iohg3hran3hxv47xn6,2022-08-23T19:16:26Z,"tech house,house latino,techno,techengue","Universal Music Spain S.L.",0.739,0.785,8,-7.266,0,0.0615,0.0224,0.864,0.101,0.81,127.989,4
spotify:track:3whmx5Ptrqzx2c101FJFi3,"Help Me Lose My Mind","Settle (Deluxe Version)","Disclosure;London Grammar",2013-06-03,244174,68,false,azvwtt6iohg3hran3hxv47xn6,2022-09-11T18:10:29Z,"house","Universal-Island Records Ltd.",0.776,0.713,5,-5.676,0,0.0554,0.0379,0.107,0.0564,0.328,109.033,4
spotify:track:72EaWichAXl7tTulGwxCKO,"Waterfall","Waterfall","Disclosure;RAYE",2022-03-22,232120,0,false,azvwtt6iohg3hran3hxv47xn6,2022-09-11T18:18:39Z,"house","Apollo Records",0.691,0.733,11,-6.887,0,0.0572,0.0212,0.0000561,0.0894,0.834,128.038,4
spotify:track:6TqXcAFInzjp0bODyvrWEq,"Talk (feat. Disclosure)","Free Spirit","Khalid;Disclosure",2019-04-05,197573,73,false,azvwtt6iohg3hran3hxv47xn6,2022-09-11T18:18:44Z,"house","Right Hand Music Group, LLC/RCA Records",0.9,0.4,0,-8.575,1,0.127,0.0516,0,0.0599,0.346,135.984,4
spotify:track:04QTmCTsaVjcGaoxj8rSjE,"Know Your Worth (feat. Davido & Tems)","Know Your Worth (feat. Davido & Tems)","Khalid;Disclosure;Davido;Tems",2020-04-23,191067,67,false,azvwtt6iohg3hran3hxv47xn6,2022-09-11T18:18:50Z,"house,afrobeats,afrobeat,afropop,afropiano,azonto,amapiano,hiplife,afroswing,r&b afro,alté","Right Hand Music Group, LLC/RCA Records",0.819,0.744,9,-6.826,0,0.0799,0.0133,0.00177,0.0995,0.665,102.995,4
spotify:track:7nRmfGNhHKEEu5o8yFXLXt,"Magnets","Caracal (Deluxe)","Disclosure;Lorde",2015-09-25,199245,67,false,azvwtt6iohg3hran3hxv47xn6,2022-09-11T18:18:59Z,"house","Universal-Island Records Ltd.",0.704,0.626,10,-7.883,0,0.164,0.0645,0.00000133,0.103,0.652,92.008,4
spotify:track:0H0UyIakng8mEncqwN3ah7,"White Noise","Hype","Disclosure;AlunaGeorge",2020-07-03,340268,0,false,azvwtt6iohg3hran3hxv47xn6,2022-09-11T18:19:04Z,"house","UME - Global Clearing House",0.707,0.881,10,-7.295,0,0.0525,0.00581,0.0015,0.353,0.854,120,4
spotify:track:1ZqeykOaDmjkldzs7XGR4b,"Where Angels Fear To Tread","Moonlight","Disclosure",2018-08-20,225906,55,false,azvwtt6iohg3hran3hxv47xn6,2022-09-11T18:19:08Z,"house","Universal-Island Records Ltd.",0.679,0.735,2,-6.218,0,0.136,0.23,0.602,0.148,0.603,107.998,4
spotify:track:19Az4r4Tb5VKSnajMPg8hb,"Holding On","Caracal (Deluxe)","Disclosure;Gregory Porter",2015-09-25,315000,55,false,azvwtt6iohg3hran3hxv47xn6,2022-09-11T18:19:12Z,"house,vocal jazz,jazz pop,jazz","Universal-Island Records Ltd.",0.707,0.804,5,-5.207,1,0.344,0.14,0.000218,0.241,0.841,123.803,4
spotify:track:47EMbBZPg4OBe6m1fijQzj,"When A Fire Starts To Burn","Settle (Special Edition)","Disclosure",2013-06-03,283705,54,false,azvwtt6iohg3hran3hxv47xn6,2022-09-11T18:19:23Z,"house","Universal-Island Records Ltd.",0.863,0.732,7,-6.956,1,0.21,0.00963,0.0012,0.243,0.672,123.961,4
spotify:track:0slkzFvyBWcwnjEEDtYE5E,"Ultimatum - Edit","Ultimatum","Disclosure;Fatoumata Diawara",2018-05-17,213381,48,false,azvwtt6iohg3hran3hxv47xn6,2022-09-11T18:19:27Z,"house","Universal-Island Records Ltd.",0.838,0.706,7,-7.626,0,0.067,0.303,0.863,0.0712,0.776,118.017,4
spotify:track:2ZbqLzPVJxwJ5KPVXb3KaL,"Nocturnal","Caracal (Deluxe)","Disclosure;The Weeknd",2015-09-25,404511,61,false,azvwtt6iohg3hran3hxv47xn6,2022-09-11T18:19:30Z,"house","Universal-Island Records Ltd.",0.672,0.68,2,-6.439,0,0.0375,0.0195,0.000202,0.163,0.27,103.01,4
spotify:track:663E41fUIDEnzN7xTnFLT0,"Feel Like I Do","Moog For Love","Disclosure;Al Green",2016-06-15,195136,58,false,azvwtt6iohg3hran3hxv47xn6,2022-09-11T18:19:34Z,"house,soul,soul clásico,motown,soul blues","Universal-Island Records Ltd.",0.887,0.519,7,-7.992,1,0.107,0.0344,0.223,0.157,0.652,104.996,4
spotify:track:2jCSd2lOtWQKtwb7FdfvPQ,"Birthday","Birthday","Disclosure;Kehlani;Syd",2020-08-26,219520,38,false,azvwtt6iohg3hran3hxv47xn6,2022-09-11T18:19:44Z,"house,r&b alternativo","Universal-Island Records Ltd.",0.692,0.728,5,-8.686,0,0.0822,0.0926,0.00000458,0.125,0.668,136.205,4
spotify:track:5kVXjAxYDkN57tZQi0JKya,"You've Got To Let Go If You Want To Be Free","You've Got To Let Go If You Want To Be Free","Disclosure;Zedd",2022-01-28,253786,0,false,azvwtt6iohg3hran3hxv47xn6,2022-09-11T18:19:47Z,"house,edm","Apollo Records",0.658,0.908,4,-8.071,0,0.186,0.0335,0.0198,0.221,0.45,123.92,4
spotify:track:29rBJWizgnVht4qXpHyDxh,"Willing & Able","Caracal (Deluxe)","Disclosure;Kwabs",2015-09-25,292759,50,false,azvwtt6iohg3hran3hxv47xn6,2022-09-11T18:19:51Z,"house","Universal-Island Records Ltd.",0.535,0.632,5,-6.884,0,0.754,0.254,0,0.104,0.941,199.833,4
spotify:track:5ytp4U6YLqNppQdhmmVvHu,"F For You","Settle (Special Edition)","Disclosure",2013-06-03,268935,57,false,azvwtt6iohg3hran3hxv47xn6,2022-09-11T18:19:59Z,"house","Universal-Island Records Ltd.",0.759,0.81,3,-7.403,0,0.072,0.00764,0.0262,0.105,0.248,124.012,4
spotify:track:1zdDIieTg3JyVPeHPO9227,"Good Intentions","Caracal (Deluxe)","Disclosure;Miguel",2015-09-25,282124,53,false,azvwtt6iohg3hran3hxv47xn6,2022-09-11T18:20:07Z,"house,r&b","Universal-Island Records Ltd.",0.718,0.716,7,-5.475,1,0.128,0.0243,0.000107,0.158,0.593,109.995,4
spotify:track:1xx7iMgSyLnbDUi170lVbb,"Attention (with Justin Bieber) - Disclosure Remix","Attention (with Justin Bieber) [Disclosure Remix]","OMAH LAY;Disclosure;Justin Bieber",2022-06-17,256645,40,false,azvwtt6iohg3hran3hxv47xn6,2022-09-11T18:20:11Z,"afrobeats,afrobeat,afropop,r&b afro,afropiano,afro soul,house","KeyQaad/Sire Records",0.633,0.891,8,-6.25,1,0.124,0.0375,0.0293,0.22,0.172,124.043,4
spotify:track:1V0WqF2X27RqpvXlqsIcYa,"What's In Your Head","Settle (Special Edition)","Disclosure",2013-06-03,330731,46,false,azvwtt6iohg3hran3hxv47xn6,2022-09-11T18:20:15Z,"house","Universal-Island Records Ltd.",0.805,0.699,0,-5.117,0,0.101,0.0785,0.319,0.328,0.317,123.998,4
spotify:track:6c4T1Dz9hwK5xat7eh3g8o,"Jaded","Caracal (Deluxe)","Disclosure",2015-09-25,274749,48,false,azvwtt6iohg3hran3hxv47xn6,2022-09-11T18:20:30Z,"house","Universal-Island Records Ltd.",0.801,0.857,6,-5.078,1,0.194,0.0111,0.00000375,0.0645,0.552,117.01,4
spotify:track:5wKVFoSD7ppsjTvsniDGes,"Bang That","Bang That","Disclosure",2015-05-01,324541,37,false,azvwtt6iohg3hran3hxv47xn6,2022-09-11T18:20:34Z,"house","Universal-Island Records Ltd.",0.729,0.843,11,-6,1,0.0482,0.000373,0.678,0.355,0.648,125,4
spotify:track:1il2M59aOrRTaYEyF9OcqQ,"Love Can Be So Hard","Moonlight","Disclosure",2018-08-20,246973,39,false,azvwtt6iohg3hran3hxv47xn6,2022-09-11T18:20:37Z,"house","Universal-Island Records Ltd.",0.749,0.815,4,-7.365,0,0.161,0.0216,0.26,0.346,0.571,114.987,4
spotify:track:2IH6QhvxDESFBEAZifhc6s,"Hotline Bling - Live From Maida Vale","Caracal Live BBC Session","Disclosure;Sam Smith",2015-10-16,225642,43,false,azvwtt6iohg3hran3hxv47xn6,2022-09-11T18:20:46Z,"house,pop suave","Universal-Island Records Ltd.",0.791,0.312,2,-18.974,0,0.0858,0.00873,0.000329,0.0328,0.547,119.964,4
spotify:track:3BEGSRPgeIOUKdMXzJL84R,"Boiling","Settle (Special Edition)","Disclosure;Sinéad Harnett",2013-06-03,226700,49,false,azvwtt6iohg3hran3hxv47xn6,2022-09-11T18:20:50Z,"house,r&b alternativo,r&b británico","Universal-Island Records Ltd.",0.676,0.572,1,-11.096,0,0.276,0.0108,0.0321,0.208,0.456,128.062,4
spotify:track:00HqKJWFv3GS9cPfEB1WQm,"Funky Sensation","Moonlight","Disclosure;Gwen McCrae",2018-08-20,215593,0,false,azvwtt6iohg3hran3hxv47xn6,2022-09-11T18:20:53Z,"house,post-disco,disco,funk","Universal-Island Records Ltd.",0.678,0.795,4,-6.309,0,0.131,0.0101,0.0159,0.0981,0.648,118.006,4
spotify:track:5u4sAUcJjgdwsctD1d3wTc,"Fractal (Interlude)","ENERGY (Deluxe)","Disclosure",2020-08-28,126546,28,false,azvwtt6iohg3hran3hxv47xn6,2022-09-11T18:20:56Z,"house","Universal-Island Records Ltd.",0.852,0.321,7,-10.635,1,0.518,0.703,0.726,0.116,0.411,88.004,4
spotify:track:3MLKd43jWVQ19tdMGqEqVh,"Seduction","Never Enough","Disclosure",2021-08-20,342293,0,false,azvwtt6iohg3hran3hxv47xn6,2022-09-11T18:21:00Z,"house","Disclosure",0.76,0.68,2,-7.266,1,0.173,0.111,0.903,0.0855,0.202,126.028,4
spotify:track:5BITgueR6DF7rAxxvTzmS3,"Defeated No More","Settle (Deluxe)","Disclosure;Edward MacFarlane",2013-06-03,367666,44,false,azvwtt6iohg3hran3hxv47xn6,2022-09-11T18:21:07Z,"house","Universal-Island Records Ltd.",0.756,0.765,2,-5.936,1,0.272,0.00523,0,0.185,0.641,115.986,4
spotify:track:3vegrQVpcg38k6D20s6TTm,"Moonlight","Moonlight","Disclosure",2018-08-20,220258,43,false,azvwtt6iohg3hran3hxv47xn6,2022-09-11T18:21:11Z,"house","Universal-Island Records Ltd.",0.67,0.819,1,-6.309,1,0.0422,0.0108,0.712,0.235,0.243,116.045,4
spotify:track:5VERxHcc22yeUJoaHZzAcj,"Ecstasy","ENERGY (Deluxe)","Disclosure",2020-08-28,303706,33,false,azvwtt6iohg3hran3hxv47xn6,2022-09-11T18:21:15Z,"house","Universal-Island Records Ltd.",0.75,0.896,10,-8.577,1,0.0623,0.0109,0.635,0.28,0.515,124.991,4
spotify:track:7G24eVWGQFcDP5DxXGgCSj,"Watch Your Step (Harvey Sutherland Remix)","ENERGY (Special Edition)","Disclosure;Kelis;Harvey Sutherland",2020-12-18,230932,50,false,azvwtt6iohg3hran3hxv47xn6,2022-09-11T18:21:20Z,"house,lo-fi house","Universal-Island Records Ltd.",0.832,0.598,4,-5.466,0,0.0796,0.244,0.00186,0.0926,0.771,123.019,4
spotify:track:1NXijMKDEu0UlSnFd3CnLg,"Happening","Never Enough","Disclosure",2021-08-20,344080,0,false,azvwtt6iohg3hran3hxv47xn6,2022-09-11T18:21:24Z,"house","Disclosure",0.76,0.767,1,-8.182,1,0.0495,0.0294,0.695,0.412,0.307,120.006,4
spotify:track:3pm1yJHGf7ae4m5gKsugPI,"Lividup","Control","Disclosure",2013-04-02,365790,0,false,azvwtt6iohg3hran3hxv47xn6,2022-09-11T18:21:27Z,"house","Greco-Roman",0.775,0.548,4,-10.504,0,0.186,0.00155,0.104,0.39,0.363,116.029,4
spotify:track:7c2jGZRJBJKYvxT2iHQou5,"Where You Come From","Moonlight","Disclosure",2018-08-20,239280,31,false,azvwtt6iohg3hran3hxv47xn6,2022-09-11T18:21:36Z,"house","Universal-Island Records Ltd.",0.795,0.96,5,-5.773,1,0.0487,0.00587,0.897,0.0658,0.413,125.009,4
spotify:track:1KwEPtcGABeWiVqetHLDgH,"January","Settle (Deluxe)","Disclosure;Jamie Woon",2013-06-03,354986,46,false,azvwtt6iohg3hran3hxv47xn6,2022-09-11T18:21:39Z,"house","Universal-Island Records Ltd.",0.814,0.625,6,-6.802,1,0.152,0.0584,0.00000514,0.058,0.625,120.007,4
spotify:track:5BmgjLP1lYHEndkzJyaA7d,"Deep Sea - DJ-Kicks","DJ-Kicks: Disclosure","Disclosure",2021-10-15,265440,26,false,azvwtt6iohg3hran3hxv47xn6,2022-09-11T18:21:42Z,"house","!K7 Records",0.784,0.847,9,-7.799,0,0.0567,0.0289,0.932,0.0602,0.663,125.011,4
spotify:track:50omU7LRGRxjL91a0VO71A,"Get Close","Ecstasy","Disclosure",2020-02-28,237320,26,false,azvwtt6iohg3hran3hxv47xn6,2022-09-11T18:21:46Z,"house","Universal-Island Records Ltd.",0.784,0.764,5,-7.051,0,0.114,0.00132,0.736,0.696,0.291,124.013,4
spotify:track:39dXUV9SNass0Rpmz1HQwI,"Never Enough (Dylan C. Greene Remix)","Never Enough (Dylan C. Greene Remix)","Disclosure;Dylan C. Greene",2021-12-10,283353,0,false,azvwtt6iohg3hran3hxv47xn6,2022-09-11T18:21:49Z,"house,disco house,nu disco,funky house","Disclosure",0.833,0.955,3,-6.685,0,0.0963,0.189,0.652,0.0893,0.593,128.018,4
spotify:track:7rJSE8d6HYFXXbbaJjAa6d,"Voices","Settle (Deluxe Version)","Disclosure;Sasha Keable",2013-06-03,249094,38,false,azvwtt6iohg3hran3hxv47xn6,2022-09-11T18:21:53Z,"house,r&b británico","Universal-Island Records Ltd.",0.911,0.738,8,-4.45,0,0.146,0.00275,0.0468,0.0461,0.697,125.008,4
spotify:track:5QJwvpgZXdMD9lDtdczCVy,"Conga Mode - Edit","Conga Mode EP","Melé",2020-07-17,224761,0,false,azvwtt6iohg3hran3hxv47xn6,2022-09-12T01:10:22Z,"tribal house,house latino,tech house,disco house","Club Bad",0.756,0.868,10,-7.485,0,0.0458,0.0225,0.858,0.113,0.187,126.012,4
spotify:track:6VhEqTcoo04LLO0vyCChPB,"Esperanza","Conga Mode EP","Melé",2020-07-17,225692,0,false,azvwtt6iohg3hran3hxv47xn6,2022-09-12T01:10:30Z,"tribal house,house latino,tech house,disco house","Club Bad",0.75,0.911,11,-6.804,1,0.0435,0.0000499,0.888,0.045,0.528,130.023,4
spotify:track:0v1g5U1OAb0XBjKyA8R36i,"Kyle (i found you)","Kyle (i found you)","Fred again..",2019-11-22,196071,44,false,azvwtt6iohg3hran3hxv47xn6,2022-09-12T01:11:51Z,"stutter house,house,edm","Atlantic Records UK",0.76,0.669,5,-9.105,0,0.285,0.0757,0.0194,0.77,0.214,112.023,4
spotify:track:5qHW3YD2L8vvtWtD7j5pmk,"Gunny","Gunny","Dale Howard",2020-08-14,200648,0,false,azvwtt6iohg3hran3hxv47xn6,2022-09-12T01:18:38Z,"tech house,house","Techne",0.74,0.922,10,-7.719,0,0.0436,0.00616,0.691,0.149,0.54,125.021,4
spotify:track:3Vxkdg2xCvDJa7U12xBOZz,"Never Stop","All Kinds of Beats","Klaus Veen",2021-06-10,261355,0,false,azvwtt6iohg3hran3hxv47xn6,2022-09-12T01:31:19Z,"rally house,house","Klaus Veen",0.834,0.787,10,-8.748,0,0.164,0.0606,0.893,0.0947,0.153,128.567,4
spotify:track:3KPhaCvEPAKmwgYd8LARFe,"Do You Want My Love","Mary Janes Theory","Demuja",2017-01-27,321732,0,false,azvwtt6iohg3hran3hxv47xn6,2022-09-12T01:33:39Z,"lo-fi house,jazz house,disco house","MUJA",0.871,0.592,7,-12.112,0,0.0557,0.482,0.687,0.0834,0.441,123.999,4
spotify:track:1TgQz1HSg5HeAW0zy76Rir,"Turn Me On","Move","Demuja",2017-06-09,306025,0,false,azvwtt6iohg3hran3hxv47xn6,2022-09-12T01:33:50Z,"lo-fi house,jazz house,disco house","Freerange Records",0.839,0.723,7,-9.469,1,0.045,0.000871,0.594,0.0707,0.695,119.988,4
spotify:track:4j87aLlhwhOYGz1A4UUvPP,"Loose Legs","Mary Janes Theory","Demuja",2017-01-27,341211,0,false,azvwtt6iohg3hran3hxv47xn6,2022-09-12T01:33:54Z,"lo-fi house,jazz house,disco house","MUJA",0.808,0.824,4,-9.979,0,0.0429,0.22,0.706,0.111,0.504,120.004,4
spotify:track:3TCfjANo5O7yLjwQp9fkRa,"Move","Move","Demuja",2017-06-09,349223,0,false,azvwtt6iohg3hran3hxv47xn6,2022-09-12T01:33:58Z,"lo-fi house,jazz house,disco house","Freerange Records",0.8,0.799,9,-10.35,0,0.0446,0.149,0.519,0.0891,0.12,123.995,4
spotify:track:7cqOoFQBh2Uc5xpXOp0I8M,"On the Road","Atlantic Avenue","Demuja;Elena Shirin",2020-03-26,266125,0,false,azvwtt6iohg3hran3hxv47xn6,2022-09-12T01:34:01Z,"lo-fi house,jazz house,disco house","MUJA",0.587,0.825,6,-8.17,0,0.0566,0.000183,0.0276,0.0506,0.638,174.98,4
spotify:track:69TMZ1dGC383U2fivvVol4,"OUTRAGEOUS","OUTRAGEOUS","TREASURE SERIES",2020-07-10,265648,39,false,azvwtt6iohg3hran3hxv47xn6,2022-09-12T01:36:10Z,"tech house,house","TREASURE SERIES",0.799,0.761,7,-11.625,1,0.103,0.000109,0.384,0.106,0.675,131.023,4
spotify:track:6D0hO9LUSAopRLki7GOSSm,"One Last","Canceled On Request","Kolter",2019-10-14,358153,32,false,azvwtt6iohg3hran3hxv47xn6,2022-09-12T01:36:37Z,"house,tech house,lo-fi house","Whoyostro",0.834,0.622,6,-8.223,0,0.0494,0.0525,0.908,0.0829,0.503,130.006,4
spotify:track:0xMb4W2SZeHpzzyxz9rID2,"Insight","Insight","Bwi-Bwi",2017-09-29,413929,0,false,azvwtt6iohg3hran3hxv47xn6,2022-09-12T01:41:55Z,"disco house,funky house","Classic Music Company",0.806,0.926,7,-5.592,0,0.11,0.0576,0.879,0.103,0.822,126.035,4
spotify:track:0washXlWqFEj5oCjNWwA2E,"Hooked on You","Hooked","Kolter",2020-05-29,383612,46,false,azvwtt6iohg3hran3hxv47xn6,2022-09-12T02:15:12Z,"house,tech house,lo-fi house","Shall Not Fade",0.855,0.865,8,-7.493,0,0.0828,0.11,0.658,0.0651,0.781,130.992,4
spotify:track:3stadv159NCAQKGHyBBzVn,"39 Times (Confrontation) - Edit","39 Times (Confrontation)","CHANEY",2019-03-16,185385,0,false,azvwtt6iohg3hran3hxv47xn6,2022-09-12T02:15:23Z,"disco house,funky house","Skint Records",0.879,0.847,4,-4.72,1,0.0744,0.21,0.488,0.0626,0.926,129.994,4
spotify:track:5H8YUFXX2KVAdIu4ZWCIpP,"Street Sounds","Disco House Bombs","Disco Galaxy",2008-08-01,321281,42,false,azvwtt6iohg3hran3hxv47xn6,2022-09-12T02:15:27Z,"disco house","Secret Service Records",0.725,0.833,9,-7.506,0,0.053,0.000069,0.743,0.115,0.569,129.991,4
spotify:track:6oZOjZNg31hkocRCTKw6ZQ,"FIND 'EM ALL - EXTENDED MIX","FIND 'EM ALL","TREASURE SERIES",2020-02-07,360983,10,false,azvwtt6iohg3hran3hxv47xn6,2022-09-12T02:15:32Z,"tech house,house","TREASURE SERIES",0.803,0.554,9,-13.624,1,0.054,0.0000467,0.917,0.0791,0.188,128.006,4
spotify:track:61GaXQ07WMksuqfBgKb2jP,"Mellomouse","Twintig Beatjes","Klaus Veen",2020-11-26,81397,0,false,azvwtt6iohg3hran3hxv47xn6,2022-09-12T12:53:39Z,"rally house,house","Klaus Veen Records",0.737,0.675,7,-9.277,0,0.0507,0.181,0.881,0.112,0.77,121.079,4
spotify:track:2PspwQLfDzLUOyaxQ7de5L,"Ecstasy - Mixed","Café Kitsuné Mixed by Fabich","Fabich;Jafunk;Pastel;Bambie",2020-08-07,139558,3,false,azvwtt6iohg3hran3hxv47xn6,2022-09-12T12:58:32Z,"funky house,nu disco,r&b británico,dream pop","Kitsuné Musique",0.686,0.7,4,-11.281,0,0.0663,0.206,0.0374,0.143,0.507,119.953,4
spotify:track:6uBFrS7mUPLpfwBINEbJNf,"Simpel Pompertje","Random Beats","Klaus Veen",2019-05-21,142111,0,false,azvwtt6iohg3hran3hxv47xn6,2022-09-12T12:58:42Z,"rally house,house","Klaus Veen Records",0.958,0.828,10,-7.623,0,0.461,0.00776,0.95,0.112,0.885,128.388,4
spotify:track:66ydKEoF7uofQdlA9yVsKK,"Pilsplaat","Pilsplaat","Bonkers",2022-03-02,185376,64,true,azvwtt6iohg3hran3hxv47xn6,2022-09-12T13:03:15Z,"rally house,house","Buffel Productions",0.865,0.621,1,-12.804,0,0.0991,0.0413,0.499,0.39,0.344,125.013,4
spotify:track:5GCdBZ6QzW3lWbMJEwYx6k,"Some People Say - Radio Edit","Some People Say","Semedo;Curtis Gabriel",2016-03-04,177432,55,false,azvwtt6iohg3hran3hxv47xn6,2022-09-12T13:03:19Z,"house","Selected.",0.873,0.797,0,-5.488,1,0.085,0.00829,0.00108,0.398,0.557,120.013,4
spotify:track:7cRFqJjHNkcNcXtJyjVnAs,"Renegade Master (Back Once Again)","Renegade Master (Back Once Again)","Deeperlove",2020-11-27,159299,43,false,azvwtt6iohg3hran3hxv47xn6,2022-09-13T13:27:42Z,"hipertechno","Central Station Records",0.742,0.88,1,-4.818,0,0.0589,0.00311,0.00753,0.29,0.835,125.013,4
spotify:track:6wmtEikDlY2JbV0nlrscxy,"Greatest Love - Edit","Greatest Love","Dj Streaks",2020-07-10,230551,45,false,azvwtt6iohg3hran3hxv47xn6,2022-09-13T13:27:57Z,"lo-fi house,disco house","Barbecue",0.691,0.659,10,-11.817,1,0.0439,0.268,0.883,0.108,0.743,127.015,4
spotify:track:7vSqCdYJe4lug8jdV3Impc,"Right Now","Right Now","EFESIAN",2021-09-21,198860,38,false,azvwtt6iohg3hran3hxv47xn6,2022-09-13T13:28:02Z,"hard house,techno,hard techno","Independent",0.684,0.888,9,-5.484,0,0.0342,0.0105,0.934,0.317,0.266,135.968,4
spotify:track:2JAfWUXVvhkKrJvcDFoQWP,"Jazzy Things","Paris City Jazz","Bellaire",2018-01-19,325262,0,false,azvwtt6iohg3hran3hxv47xn6,2022-09-13T13:28:13Z,"jazz house,disco house,funky house,house","AOC Records",0.734,0.955,6,-7.855,0,0.0623,0.151,0.725,0.0857,0.541,125.062,4
spotify:track:4NvLT5hiwXmASnkLu66Enw,"FEVER PITCH","FEVER PITCH","TREASURE SERIES",2021-06-18,238284,49,false,azvwtt6iohg3hran3hxv47xn6,2022-09-13T13:28:17Z,"tech house,house","TREASURE SERIES",0.853,0.39,11,-11.998,0,0.0662,0.0011,0.684,0.11,0.768,128.999,4
spotify:track:3tXX9nFt0NbyMtxQPAn0Ok,"Seeing & Believing - Kolter Remix","Across Ocean","Chris Stussy;Kolter",2020-09-28,211884,0,false,azvwtt6iohg3hran3hxv47xn6,2022-09-13T13:28:21Z,"house,tech house,lo-fi house","PIV Records",0.776,0.724,2,-8.94,1,0.0441,0.0743,0.922,0.0923,0.788,128.01,4
spotify:track:63rnsRWav7WiskWVuJnQY0,"Francorum (frans)","Francorum (frans)","Tim Hox",2021-07-15,129522,23,false,azvwtt6iohg3hran3hxv47xn6,2022-09-13T13:28:25Z,"house latino,tech house,big room,bass house","Revealed Recordings",0.748,0.923,11,-6.19,1,0.0563,0.000252,0.793,0.381,0.87,126.01,4
spotify:track:4to3lXWtpjV8ytB5Nsv64N,"Bovenste Etage","Medicijn","Didier Armeni",2021-10-22,162795,51,false,azvwtt6iohg3hran3hxv47xn6,2022-09-13T13:28:28Z,"rally house,house","Independent",0.852,0.534,0,-11.409,0,0.0854,0.127,0.574,0.0949,0.472,125.989,4
spotify:track:2j38sW4ognOk1E09lsXL7o,"Brand New","Twintig Beatjes","Klaus Veen",2020-11-26,162969,0,false,azvwtt6iohg3hran3hxv47xn6,2022-09-13T13:28:32Z,"rally house,house","Klaus Veen Records",0.984,0.712,11,-10.255,0,0.402,0.0299,0.215,0.0905,0.648,125.178,4
spotify:track:371tzdBYzISrNzCZJhzMnV,"Funk Dust","Dusty Shelves","NNTYTUU",2017-07-24,132485,26,false,azvwtt6iohg3hran3hxv47xn6,2022-09-13T13:28:46Z,"","K/92",0.712,0.803,10,-15.126,0,0.359,0.0461,0.942,0.461,0.543,125.059,4
spotify:track:626tbskO5Rf6HeuWqp69xx,"Puff Puff Pass","Lekker Setje Beats","Klaus Veen",2020-07-09,126477,0,false,azvwtt6iohg3hran3hxv47xn6,2022-09-13T13:30:38Z,"rally house,house","Klaus Veen Records",0.855,0.893,1,-8.301,1,0.318,0.0138,0.873,0.129,0.276,125.323,4
spotify:track:4aMp5mjfRKsCCDbA1g35tP,"throwback","throwback","Deekapz",2020-03-29,121081,18,false,azvwtt6iohg3hran3hxv47xn6,2022-09-13T13:30:42Z,"","Deekapz",0.719,0.571,2,-9.91,1,0.0539,0.00782,0.513,0.133,0.124,111.004,4
spotify:track:3j4pE3r6TZmv9T1Z64u18J,"Je Mag Het Hebben","Medicijn","Didier Armeni",2021-10-22,163944,44,false,azvwtt6iohg3hran3hxv47xn6,2022-09-13T13:31:53Z,"rally house,house","Independent",0.809,0.537,5,-16.643,0,0.0767,0.441,0.884,0.113,0.496,128.031,4
spotify:track:1chaQZDquKEornI1eHRbgj,"Ecstasy","Vibe Creator","Fabich;Pastel;Jafunk;Bambie",2022-02-15,147250,0,false,azvwtt6iohg3hran3hxv47xn6,2022-09-13T20:44:28Z,"funky house,nu disco,r&b británico,dream pop","Unity Rec",0.69,0.791,4,-7.078,0,0.0593,0.231,0.0211,0.684,0.576,119.985,4
spotify:track:1dDjU8mQh1H2iubEHf3aca,"Shady","Lekker Setje Beats","Klaus Veen",2020-07-09,125341,0,false,azvwtt6iohg3hran3hxv47xn6,2022-09-13T20:45:05Z,"rally house,house","Klaus Veen Records",0.944,0.639,2,-8.198,1,0.111,0.0291,0.849,0.101,0.605,124.42,4
spotify:track:1duWdzQJO3imhHif21MbKm,"Your Choice","Lekker Setje Beats","Klaus Veen",2020-07-09,114119,0,false,azvwtt6iohg3hran3hxv47xn6,2022-09-14T12:38:35Z,"rally house,house","Klaus Veen Records",0.852,0.943,4,-7.018,0,0.124,0.00927,0.685,0.642,0.666,141.399,4
spotify:track:1fB3vTHMwauvUUIqfFU7q9,"Tokyo Dance","Tokyo Dance","Simen Sez",2021-01-06,152989,9,false,azvwtt6iohg3hran3hxv47xn6,2022-09-14T12:38:41Z,"","Simen Sez Records",0.934,0.421,1,-11.508,1,0.579,0.293,0.0328,0.102,0.421,123.068,4
spotify:track:5cSSbm0rVJRwK0jE9PKbEg,"Shag Track","Shag Track","DJesper;Jappie",2009,79831,30,false,azvwtt6iohg3hran3hxv47xn6,2022-09-14T12:38:52Z,"","Djesper Op De Beat",0.777,0.514,0,-12.127,1,0.524,0.269,0,0.471,0.875,95.288,4
spotify:track:0SJrVRewh7JqHTac0YNO0T,"Already Know","Already Know","Tengu;Mofaux",2021-07-02,188493,19,false,azvwtt6iohg3hran3hxv47xn6,2022-09-14T12:38:57Z,"bassline,drum and bass,bass house","YosH",0.798,0.911,9,-8.533,1,0.0585,0.0471,0.764,0.799,0.612,128.01,4
spotify:track:3lTPcQjuyHlZld0EqsbirD,"Condition Zero","Random Beats","Klaus Veen",2019-05-21,116566,0,false,azvwtt6iohg3hran3hxv47xn6,2022-09-14T12:39:02Z,"rally house,house","Klaus Veen Records",0.825,0.929,6,-7.814,1,0.265,0.0632,0.586,0.156,0.418,127.732,4
spotify:track:12SgcLsNNoDAJKV5zp4kZR,"172 losin my feelin","Transitions","TEK.LUN",2019-08-30,136859,11,false,azvwtt6iohg3hran3hxv47xn6,2022-09-14T12:39:11Z,"","Stay Cool",0.826,0.574,11,-5.856,0,0.117,0.038,0.474,0.33,0.523,121.151,4
spotify:track:4vHD0COWoTJaM3n7fjZxUh,"Bad Habits","Bad Habits","Wa-Fu",2021-01-20,213715,43,false,azvwtt6iohg3hran3hxv47xn6,2022-09-14T12:39:24Z,"bass house,bassline,drum and bass","House Call Records",0.694,0.871,9,-4.6,1,0.078,0.441,0.688,0.159,0.754,132.016,4
spotify:track:3lOH1zjcMl32bwnaCi8VHK,"GET LOST","GET LOST","MATVEÏ",2020-03-23,185600,59,false,azvwtt6iohg3hran3hxv47xn6,2022-09-14T12:58:56Z,"rally house,house","Kitsuné Musique",0.861,0.808,6,-5.955,0,0.319,0.0377,0.126,0.135,0.514,124.959,4
spotify:track:3spdKuhzPCTRg1jHYQN6PZ,"Wanna Play","Wanna Play","Reynor",2021-04-16,208064,0,false,azvwtt6iohg3hran3hxv47xn6,2022-09-14T19:45:24Z,"tech house","Groove Bassment",0.674,0.858,9,-7.839,0,0.145,0.00931,0.762,0.125,0.202,124.018,4
spotify:track:40HzuzdIxhH99qyVkUmpXh,"Body Action","Lekker Setje Beats","Klaus Veen",2020-07-09,183600,0,false,azvwtt6iohg3hran3hxv47xn6,2022-09-14T19:45:40Z,"rally house,house","Klaus Veen Records",0.9,0.879,2,-8.417,1,0.244,0.028,0.351,0.0821,0.852,125.542,4
spotify:track:0R6GQCtw5z6rVuToGJtFLD,"WAT IS DIE MO?","SMIB TAPE B: SMIBANESE UNIVERSITY","SMIB;NUBI;Loopey;Nodda;Fosa YG",2020-04-01,128656,29,true,azvwtt6iohg3hran3hxv47xn6,2022-09-14T19:45:48Z,"","SMIB",0.95,0.261,2,-9.626,1,0.0711,0.152,0.0545,0.107,0.283,123.993,4
spotify:track:1WPEM82NiFwaUwRLF64HuF,"Coca Cabana","K.T.U.L.E.S.","futurebae;dissy",2020-11-30,151887,31,false,azvwtt6iohg3hran3hxv47xn6,2022-09-14T19:45:56Z,"indie alemán,indie pop alemán,hip hop alemán","Schabernack Records",0.827,0.503,11,-11.383,0,0.11,0.137,0.00513,0.355,0.513,125.026,4
spotify:track:64vBCC1lpjEnF10CkDiDhv,"Every Morning","Late Checkout","Chris Lorenzo",2019-10-11,196406,0,false,azvwtt6iohg3hran3hxv47xn6,2022-09-14T19:46:00Z,"bass house,bassline,house,tech house,g-house","Sixty6Music",0.795,0.981,6,-4.665,1,0.0517,0.00119,0.91,0.0519,0.666,128,4
spotify:track:2Biy0tRkZTGxGH8axDwnqP,"The Bomb (These Sounds Fall Into My Mind)","All In The Mind","The Bucketheads",1995-03-03,202934,67,false,azvwtt6iohg3hran3hxv47xn6,2022-09-14T19:46:23Z,"","High Fashion Music",0.782,0.874,5,-3.57,1,0.0384,0.0027,0.343,0.0766,0.872,125.917,4
spotify:track:6Vw61rGpC1JQpBhlxaFbYC,"THE JUNGLE VIP","THE JUNGLE VIP","TREASURE SERIES",2020-05-22,283981,44,false,azvwtt6iohg3hran3hxv47xn6,2022-09-14T19:46:35Z,"tech house,house","TREASURE SERIES",0.905,0.527,0,-12.556,0,0.217,0.0474,0.29,0.0991,0.758,126.442,4
spotify:track:0DDN8VNyAP71ExRFbcRhbU,"Paris Madness","Paris Madness","Samaran",2018-12-21,196742,0,false,azvwtt6iohg3hran3hxv47xn6,2022-09-14T19:46:39Z,"","eOne Music UK",0.812,0.685,1,-9.056,1,0.0583,0.00264,0.915,0.0822,0.657,121.997,4
spotify:track:4zfEOLD5ZQb7NJ9RJe2vHk,"In De Back","In De Back","Future Vision",2022-04-01,141504,41,true,azvwtt6iohg3hran3hxv47xn6,2022-09-14T19:46:42Z,"hip house","Future Vision",0.943,0.481,11,-7.081,0,0.109,0.00496,0.0000356,0.0587,0.886,124.053,4
spotify:track:6KzkqZqhUBEsWYJJa2aBOd,"The Weekend - Radio Edit","Analog Is On","Michael Gray",2007-06-01,192173,76,false,azvwtt6iohg3hran3hxv47xn6,2022-09-14T19:46:53Z,"disco house","Altra Moda Music",0.686,0.832,4,-5.673,0,0.0725,0.000321,0.127,0.583,0.884,127.023,4
spotify:track:06Muh5NpjQvkVFQplA53O8,"FIND 'EM ALL","FIND 'EM ALL","TREASURE SERIES",2020-02-07,195000,36,false,azvwtt6iohg3hran3hxv47xn6,2022-09-14T19:46:58Z,"tech house,house","TREASURE SERIES",0.8,0.675,0,-13.335,1,0.0568,0.0000441,0.836,0.107,0.547,127.988,4
spotify:track:4TbBCF9vzhSx9ExUFMYO7g,"on top","on top","exotixkz;Klaus Veen",2022-08-06,142995,0,true,azvwtt6iohg3hran3hxv47xn6,2022-09-14T19:47:01Z,"rally house,house","3916730 Records DK",0.834,0.94,11,-5.058,0,0.436,0.0403,0,0.0779,0.919,149.05,4
spotify:track:7lJ7lEntxkNUrbDN9giLmB,"Visstick Gooi Die Kanker Kick","Visstick Gooi Die Kanker Kick","Natte Visstick",2022-07-14,112168,56,true,azvwtt6iohg3hran3hxv47xn6,2022-09-14T19:47:19Z,"hard techno,techno,techno hardcore,gabber,tekno","Natte Korst Records",0.748,0.723,3,-4.469,0,0.0569,0.00255,0.612,0.077,0.457,145.03,4
spotify:track:2dwnD6tMYqp8zQmfg1XvNQ,"Way It Is","Way It Is","Mr. Belt & Wezol;RSCL",2021-01-25,192905,62,false,azvwtt6iohg3hran3hxv47xn6,2022-09-15T21:22:27Z,"future house,house,stutter house","Spinnin' Records",0.868,0.69,3,-5.606,0,0.0856,0.0227,0.0526,0.059,0.457,123.997,4
spotify:track:5FEdj9bQyPnhDn8rSnsTX9,"La tekno c'est de la musique","Bass pirate : épave 1.0","Protokseed",2017-07-20,254363,0,false,azvwtt6iohg3hran3hxv47xn6,2022-09-15T21:25:50Z,"tekno,acid techno,hard techno,techno,frenchcore","Undergroundtekno",0.709,0.669,5,-12.63,1,0.0835,0.412,0.809,0.136,0.176,165.009,4
spotify:track:5bceumJnptJewPRfZ3zu1U,"Frog","Frog","Ren Carter;Liv Grace",2021-07-14,168750,41,false,azvwtt6iohg3hran3hxv47xn6,2022-09-15T21:26:03Z,"","OPR RECORDS",0.87,0.835,0,-6.031,1,0.0956,0.159,0.000102,0.062,0.82,128.029,4
spotify:track:1ZrCQtuN4BQBkCXxOzlIWz,"VIP","It's You","Subjoi",2018-02-17,281303,44,false,azvwtt6iohg3hran3hxv47xn6,2022-09-15T21:34:39Z,"lo-fi house","Subjoi",0.776,0.81,7,-9.771,0,0.0513,0.00377,0.228,0.0835,0.806,124.009,4
spotify:track:0PqETgt7sWrKxZqDcx87ZI,"House Bump For Joe Kay","PYRMDPLAZA Compilation","PYRMDPLAZA",2016-04-26,168960,0,false,azvwtt6iohg3hran3hxv47xn6,2022-09-16T13:09:42Z,"","Swoop Boyz Entertainment",0.887,0.6,11,-3.99,0,0.286,0.142,0.355,0.0536,0.377,125.144,4
spotify:track:2iRSs6ys1TUrwgAdFKf0GS,"outside","sunrise","Versake",2020-04-23,151894,0,false,azvwtt6iohg3hran3hxv47xn6,2022-09-16T13:09:46Z,"","versake",0.781,0.693,7,-8.458,1,0.334,0.0641,0.13,0.118,0.655,127.987,4
spotify:track:1TghmiDxpCttmxI121iDjB,"Illusions","Illusions","DJ Dove",2018-06-08,190989,0,false,azvwtt6iohg3hran3hxv47xn6,2022-09-16T13:09:50Z,"disco house","4 To The Floor Records",0.73,0.907,1,-7.308,0,0.056,0.00139,0.794,0.0419,0.658,121.109,4
spotify:track:5Rz2rjC6CQTRNNnAO1NYi6,"Groei-Maatje","Ga Voor Goud","Klaus Veen;Joel Beukers",2019-03-08,95205,0,false,azvwtt6iohg3hran3hxv47xn6,2022-09-16T13:10:00Z,"rally house,house,techno hardcore,hard techno","Voor Goud Records",0.983,0.827,11,-11.53,1,0.159,0.00566,0.137,0.141,0.813,129.214,4
spotify:track:5ezCfFmNOaOSHqJ75IGI5N,"Hangover Cure","Ordinary Beats","Klaus Veen",2017-12-14,100163,0,false,azvwtt6iohg3hran3hxv47xn6,2022-09-16T13:10:09Z,"rally house,house","Klaus Veen Records",0.801,0.653,11,-10.749,0,0.139,0.00932,0.945,0.103,0.342,122.203,4
spotify:track:2q1vB2MCGw5sk8vb6pMJCZ,"Help","Help EP","ANOTR",2017-06-05,213870,43,false,azvwtt6iohg3hran3hxv47xn6,2022-09-16T13:10:14Z,"house","NO ART",0.832,0.953,6,-7.16,1,0.0657,0.0164,0.866,0.155,0.824,123.985,4
spotify:track:1qNBWtjwYamJXH0PKtUuGp,"La Roche","Floorbanging Beats","Klaus Veen",2021-11-11,128225,0,false,azvwtt6iohg3hran3hxv47xn6,2022-09-16T13:10:20Z,"rally house,house","Klaus Veen Records",0.785,0.834,7,-9.077,1,0.475,0.0207,0.92,0.0934,0.573,129.654,4
spotify:track:4HGUnJOyiqLm9je2LAHrVh,"Odd Piano","Lekker Setje Beats","Klaus Veen",2020-07-09,133549,0,false,azvwtt6iohg3hran3hxv47xn6,2022-09-16T13:10:42Z,"rally house,house","Klaus Veen Records",0.936,0.572,6,-8.128,0,0.202,0.549,0.133,0.124,0.265,123.131,4
spotify:track:5hjvdBVfmgg8t09wN7b5XE,"Niet Gezopen Pure Winst","Ga Voor Goud","Klaus Veen;Joel Beukers",2019-03-08,133963,0,false,azvwtt6iohg3hran3hxv47xn6,2022-09-16T13:10:54Z,"rally house,house,techno hardcore,hard techno","Voor Goud Records",0.873,0.962,1,-6.513,0,0.282,0.0105,0.00228,0.258,0.376,130.323,4
spotify:track:6otMqBmdJD8V7rAUnLMs1D,"Emanate","Emanate","spüke",2020-05-31,202816,23,false,azvwtt6iohg3hran3hxv47xn6,2022-09-16T13:11:01Z,"stutter house","Bonsai Collective",0.948,0.47,10,-11.005,0,0.0603,0.395,0.776,0.158,0.433,119.989,4
spotify:track:5HR47hGEcVMikWMH8Zgacl,"EXCUSE ME","EXCUSE ME","EARGASM GOD",2020-06-12,179237,0,false,azvwtt6iohg3hran3hxv47xn6,2022-09-16T13:11:06Z,"techno,tekno,hard house,acid techno,hard techno","EARGASM GOD",0.842,0.977,0,-6.076,0,0.149,0.0199,0.362,0.27,0.459,150.008,4
spotify:track:2SZTCWBRb6xOhD26K8PG5v,"Recovered Stuff","Random Beats","Klaus Veen",2019-05-21,138293,0,false,azvwtt6iohg3hran3hxv47xn6,2022-09-16T13:11:10Z,"rally house,house","Klaus Veen Records",0.977,0.733,11,-8.443,1,0.209,0.0592,0.943,0.337,0.619,129.324,4
spotify:track:1eMfJK1Vv9W6GCoqV01R8h,"sosa","sosa","exotixkz;Klaus Veen",2022-07-18,132173,0,true,azvwtt6iohg3hran3hxv47xn6,2022-09-16T13:11:14Z,"rally house,house","3916730 Records DK",0.823,0.939,9,-2.209,1,0.3,0.105,0,0.0971,0.891,156.392,4
spotify:track:7w1eT96h93QMtbhMuzyKbz,"thc","thc","exotixkz;Klaus Veen",2022-07-17,161175,0,true,azvwtt6iohg3hran3hxv47xn6,2022-09-16T13:11:35Z,"rally house,house","3916730 Records DK",0.85,0.833,7,-6.848,1,0.349,0.158,0,0.141,0.658,143.641,4
spotify:track:6DUgm736xLiyOivYDDGkOg,"swoosh","swoosh","exotixkz;Klaus Veen",2022-05-05,119902,0,true,azvwtt6iohg3hran3hxv47xn6,2022-09-16T13:11:47Z,"rally house,house","3916730 Records DK",0.869,0.883,1,-5.691,1,0.374,0.189,0,0.103,0.923,167.446,4
spotify:track:2dwnD6tMYqp8zQmfg1XvNQ,"Way It Is","Way It Is","Mr. Belt & Wezol;RSCL",2021-01-25,192905,62,false,azvwtt6iohg3hran3hxv47xn6,2022-09-16T13:12:27Z,"future house,house,stutter house","Spinnin' Records",0.868,0.69,3,-5.606,0,0.0856,0.0227,0.0526,0.059,0.457,123.997,4
spotify:track:2Rzr9nzXM1yX3NB8CwHWQg,"Let It Go (with Marc E. Bassy) - Vintage Culture Remix","Let It Go (with Marc E. Bassy) [Vintage Culture Remix]","Louie Vega;The Martinez Brothers;Vintage Culture;Marc E. Bassy",2021-01-15,204198,1,false,azvwtt6iohg3hran3hxv47xn6,2022-09-16T13:12:28Z,"house de chicago,deep house,house latino,house,disco house,tech house,graves brasileños,electrónica,electro","Defected Records",0.909,0.808,5,-6.588,0,0.147,0.029,0.000463,0.237,0.638,124.015,4
spotify:track:3bX36CK7B1HCckuLzqIGkG,"If I Can't Get Down - Mousse T.'s Funky Shizzle Mix","My House From All Angles (Remixes)","Mike Dunn;Mousse T.",2020-08-28,227265,0,false,azvwtt6iohg3hran3hxv47xn6,2022-09-16T13:12:30Z,"house de chicago,disco house,funky house,acid house,house","Classic Music Company",0.837,0.934,0,-3.575,1,0.0876,0.0116,0.627,0.38,0.847,124.044,4
spotify:track:7LVEBvmKB5uDTg0CGqDo3p,"Who Are You? - Chris Lake Remix","Who Are You? (Chris Lake Remix)","Miane;Chris Lake",2021-02-05,192481,0,false,azvwtt6iohg3hran3hxv47xn6,2022-09-16T13:12:33Z,"tech house,house,bass house","Black Book Records, LLC",0.786,0.87,2,-5.839,1,0.0507,0.0493,0.215,0.0863,0.676,126.011,4
spotify:track:3nl8PyFVqyi1t0qgvaLKvl,"On My Mind - Purple Disco Machine Remix","Diplo (Deluxe)","Diplo;SIDEPIECE;Purple Disco Machine",2022-08-05,263414,55,false,azvwtt6iohg3hran3hxv47xn6,2022-09-16T13:12:35Z,"moombahton,tech house,edm,disco house,nu disco,funky house,house","FFRR",0.729,0.688,0,-6.397,1,0.0331,0.102,0.0651,0.184,0.744,123.011,4
spotify:track:0aR99yr1CNoxlZxm2veB65,"At All","At All / Hilarity Duff EP","KAYTRANADA",2015-04-20,287248,0,false,azvwtt6iohg3hran3hxv47xn6,2022-09-16T21:27:33Z,"","Ultra Records",0.898,0.471,2,-10.13,1,0.519,0.0399,0.698,0.0694,0.41,120.099,4
spotify:track:0U7sbXtHiRvvJPIv3xvDpt,"If Only I Could (feat. Steve Lucas) - Liem Remix","If Only I Could (feat. Steve Lucas)","Fusion Groove Orchestra;stevelucas;Liem",2016-04-01,426945,0,false,azvwtt6iohg3hran3hxv47xn6,2022-09-16T21:27:40Z,"jazz house,disco house,lo-fi house,funky house","Strictly Rhythm Records",0.983,0.936,9,-8.541,0,0.325,0.0943,0.719,0.0902,0.878,126,4
spotify:track:1JlBLihKGyUccTPallnKj6,"In My Soul","In My Soul","Demuja",2021-06-11,282580,17,false,azvwtt6iohg3hran3hxv47xn6,2022-09-17T17:58:19Z,"lo-fi house,jazz house,disco house","Universal Music GmbH",0.803,0.919,8,-8.226,0,0.0721,0.00714,0.965,0.0662,0.648,124.011,4
spotify:track:4MVbVPtmowr4tU4kl3sq7P,"Deep Into The Wild","Journey To The Sun","Demuja",2022-09-16,244189,0,false,azvwtt6iohg3hran3hxv47xn6,2022-09-17T18:09:36Z,"lo-fi house,jazz house,disco house","MUJA",0.736,0.756,8,-7.931,1,0.051,0.00906,0.799,0.0493,0.702,119.972,4
spotify:track:3F8mozm8Oi8GwSPj0sZzHj,"Bring The Bass Back","Journey To The Sun","Demuja",2022-09-16,320627,0,false,azvwtt6iohg3hran3hxv47xn6,2022-09-17T18:09:40Z,"lo-fi house,jazz house,disco house","MUJA",0.804,0.747,10,-9.361,0,0.0571,0.00505,0.907,0.117,0.594,120.001,4
spotify:track:5OMsGo2no5W9hszyNXFJ58,"See","Tyra Banks - EP","Demuja",2016-08-07,360000,0,false,azvwtt6iohg3hran3hxv47xn6,2022-09-17T18:09:50Z,"lo-fi house,jazz house,disco house","MUJA",0.81,0.848,8,-7.259,0,0.0539,0.000965,0.901,0.071,0.535,124.014,4
spotify:track:5S4cQzuBCkRbB3X1E7YK0V,"Come To Me","Come To Me","Demuja",2018-03-30,381889,26,false,azvwtt6iohg3hran3hxv47xn6,2022-09-17T18:09:53Z,"lo-fi house,jazz house,disco house","Champion Records",0.835,0.61,8,-8.131,1,0.0886,0.18,0.396,0.106,0.645,122.002,4
spotify:track:3tjMLbJjWE3y8SfdyPUgwg,"All Night Long","All Night Long","Demuja",2020-11-27,301874,0,false,azvwtt6iohg3hran3hxv47xn6,2022-09-17T18:10:02Z,"lo-fi house,jazz house,disco house","MUJA",0.753,0.591,7,-9.868,1,0.068,0.00101,0.888,0.171,0.54,128.003,4
spotify:track:1zXTDr8wCb6fbXGWELxVO3,"Arrested","Arrested","Demuja",2018-12-17,308000,0,false,azvwtt6iohg3hran3hxv47xn6,2022-09-17T18:10:05Z,"lo-fi house,jazz house,disco house","MUJA",0.774,0.896,7,-7.322,0,0.0611,0.00695,0.888,0.0682,0.353,119.997,4
spotify:track:6tbVS79XlDQNSctKIYEhkP,"Tokyo","For Those Who","Demuja",2019-06-07,386070,20,false,azvwtt6iohg3hran3hxv47xn6,2022-09-17T18:10:09Z,"lo-fi house,jazz house,disco house","Shall Not Fade",0.776,0.828,6,-6.934,0,0.0451,0.0107,0.916,0.0468,0.454,122.014,4
spotify:track:4jTo5Z8nOAu12pzM4Ym1fk,"Mr Jazzy Wung","Hidden Paradise","Demuja",2018-05-24,328374,0,false,azvwtt6iohg3hran3hxv47xn6,2022-09-17T18:10:17Z,"lo-fi house,jazz house,disco house","MUJA",0.776,0.823,11,-7.248,1,0.0479,0.0146,0.798,0.0797,0.847,122.991,4
spotify:track:77PxMs9lLDOuCDhDOPtjq5,"I Want You","Wanted - EP","Demuja",2016-11-18,395435,0,false,azvwtt6iohg3hran3hxv47xn6,2022-09-17T18:10:20Z,"lo-fi house,jazz house,disco house","MUJA",0.774,0.625,7,-9.596,0,0.0409,0.0982,0.809,0.0963,0.287,121.996,4
spotify:track:3bRcNi1lfsQFuIh37ifcSd,"Getting Dark","Rush","Demuja",2018-01-11,361935,22,false,azvwtt6iohg3hran3hxv47xn6,2022-09-17T18:10:23Z,"lo-fi house,jazz house,disco house","House Puff Records",0.881,0.854,0,-7.997,1,0.0843,0.0316,0.619,0.105,0.455,123.983,4
spotify:track:4gws52rm1wH6szEe9wX3xB,"Missing Calls","Classic Warrior","Demuja;Albert Vogt",2018-10-10,388000,0,false,azvwtt6iohg3hran3hxv47xn6,2022-09-17T18:10:33Z,"lo-fi house,jazz house,disco house","MUJA",0.854,0.676,4,-8.926,0,0.0534,0.0493,0.897,0.116,0.494,120.003,4
spotify:track:3he3GtXRftgim4KFRxV6TD,"Angostura","Old Fashioned EP","Demuja",2017-06-02,372773,0,false,azvwtt6iohg3hran3hxv47xn6,2022-09-17T18:10:36Z,"lo-fi house,jazz house,disco house","Traxx Underground",0.811,0.766,7,-10.818,0,0.0333,0.0023,0.914,0.1,0.311,124,4
spotify:track:68GiKTsEOyMO0IAwILmpiT,"Love is Free","Period of Time","Demuja",2021-08-20,313548,21,false,azvwtt6iohg3hran3hxv47xn6,2022-09-17T18:10:41Z,"lo-fi house,jazz house,disco house","Universal Music GmbH",0.764,0.674,7,-7.108,1,0.0907,0.0566,0.878,0.0868,0.424,124,4
spotify:track:2FEmsr2mOv4xQJVWLmBMZq,"Soul Brother","Soul Brother","Demuja",2018-06-22,380865,26,false,azvwtt6iohg3hran3hxv47xn6,2022-09-17T18:10:50Z,"lo-fi house,jazz house,disco house","Lost Palms",0.744,0.764,7,-10.562,0,0.0388,0.0186,0.898,0.0781,0.555,122,4
spotify:track:63L7qr5IHNbbP06RavBX6h,"Kensai","Classic Warrior","Demuja",2018-10-10,316097,0,false,azvwtt6iohg3hran3hxv47xn6,2022-09-17T18:10:58Z,"lo-fi house,jazz house,disco house","MUJA",0.797,0.814,0,-7.442,0,0.0439,0.00861,0.932,0.142,0.624,122.967,4
spotify:track:0ilt9B2kes3KnmPM52qkxx,"Off to Paradise","Off to Paradise","Demuja",2021-12-03,424751,0,false,azvwtt6iohg3hran3hxv47xn6,2022-09-17T18:11:02Z,"lo-fi house,jazz house,disco house","MUJA",0.781,0.641,10,-10.952,0,0.182,0.000513,0.809,0.0508,0.548,127.001,4
spotify:track:4xtjUCTJLNISy0MMXl45IW,"Take It and Leave (Big Bass Version)","Atlantic Avenue","Demuja",2020-03-26,349268,0,false,azvwtt6iohg3hran3hxv47xn6,2022-09-17T18:11:08Z,"lo-fi house,jazz house,disco house","MUJA",0.806,0.787,1,-10.461,1,0.0463,0.0694,0.551,0.134,0.501,122.994,4
spotify:track:4OynFUXsXXeSuWRfvxummE,"Break Junglist","Lekker Setje Beats","Klaus Veen",2020-07-09,167136,0,false,azvwtt6iohg3hran3hxv47xn6,2022-09-17T21:22:01Z,"rally house,house","Klaus Veen Records",0.724,0.967,7,-8.707,1,0.0592,0.241,0.86,0.101,0.304,140.674,4
spotify:track:21JRqTnNDTiMxzTCvzcfc3,"Everybody Loves The Sunshine","Second Nature","Netsky;Daddy Waku;Chantal Kashala",2020-10-30,200930,1,false,azvwtt6iohg3hran3hxv47xn6,2022-09-17T21:22:05Z,"drum and bass,liquid funk,chillstep","Hospital Records",0.53,0.864,6,-4.024,0,0.0495,0.000831,0.0112,0.104,0.0902,171.871,4
spotify:track:6ryPKHgiz6MSGJ1wYqn28b,"Da Fonk (feat. Joni)","Da Fonk (feat. Joni)","Mochakk;Joni",2022-07-01,366141,68,false,azvwtt6iohg3hran3hxv47xn6,2022-09-17T21:22:08Z,"tech house,house","Nervous Records",0.776,0.798,9,-8.6,0,0.0907,0.01,0.793,0.116,0.428,127.007,4
spotify:track:4sIkwgf9bU7rQPvsA37rVQ,"Witte Was","Dun Smeren Geld Verdienen","Goldband",2019-05-13,245581,56,true,azvwtt6iohg3hran3hxv47xn6,2022-09-17T21:22:14Z,"nederpop,holandesa","Goldband",0.831,0.739,7,-9.914,1,0.0524,0.0505,0.00233,0.0842,0.388,128.995,4
spotify:track:46nw6YdpJkEyclznx4VU7o,"Plasma","Planet Piano","DR. GABBA",2022-03-11,251904,56,false,azvwtt6iohg3hran3hxv47xn6,2022-09-17T21:22:17Z,"rally house,house","RAVESTATION",0.811,0.749,3,-9.051,1,0.0636,0.0154,0.886,0.133,0.542,125.995,4
spotify:track:5Z8Dj3LtbyCMiwE86rhg2f,"Marea (we’ve lost dancing)","Actual Life (April 14 - December 17 2020)","Fred again..;The Blessed Madonna",2021-04-15,285375,78,false,azvwtt6iohg3hran3hxv47xn6,2022-09-17T21:22:25Z,"stutter house,house,edm","Atlantic Records UK",0.761,0.781,5,-6.778,0,0.141,0.0681,0.108,0.0607,0.473,123.023,4
spotify:track:1dl8w8jWWN8c00TUKH6vwh,"Pyramid","Pyramid","ALYSS",2017,233684,59,false,azvwtt6iohg3hran3hxv47xn6,2022-09-17T21:22:29Z,"","Columbia",0.655,0.758,3,-9.779,1,0.272,0.0447,0,0.0971,0.414,114.082,4
spotify:track:4IlqQhaxrGPxmg35YcXXuS,"Dancin - Krono Remix","Ibiza 2019","Aaron Smith;Luvli;Krono",2019-11-11,256000,79,false,azvwtt6iohg3hran3hxv47xn6,2022-09-17T21:22:42Z,"","Moody Recordings",0.751,0.727,10,-9.789,0,0.0304,0.0442,0.0338,0.1,0.28,119.982,4
spotify:track:7hYW4hKuPkfaLbzTpg9hQB,"Bayside - Radio Edit","Bayside","Obskür",2020-11-09,197419,74,false,azvwtt6iohg3hran3hxv47xn6,2022-09-17T21:22:45Z,"rally house,house","FFRR",0.688,0.903,1,-3.598,1,0.34,0.0281,0.00000212,0.0855,0.711,123.292,4
spotify:track:53De5pp7L4umlJU7srhacZ,"Take Off, Baby! feat. Orlando - Original Mix","Take Off, Baby!","Ronald Christoph;Orlando",2012-04-09,402842,55,false,azvwtt6iohg3hran3hxv47xn6,2022-09-17T21:22:52Z,"rock espacial,freestyle,italo dance","Evamore Music",0.908,0.518,1,-9.569,1,0.116,0.00406,0.682,0.104,0.624,124.008,4
spotify:track:4vP5AQEH20l7zXfkdMCtzX,"Beautiful People - Obskür Remix","Beautiful People (Obskür Remix)","Barbara Tucker;Obskür",2022-06-22,333771,0,false,azvwtt6iohg3hran3hxv47xn6,2022-09-17T21:22:55Z,"house de chicago,house,funky house,rally house","Strictly Rhythm Records",0.832,0.677,11,-8.78,0,0.105,0.00338,0.0153,0.0494,0.384,128.017,4
spotify:track:2YClnImtfH8LyQAoWxgg1t,"Love VIP","Love VIP / Touchdown VIP","Subsonic",2020-04-10,232500,50,false,azvwtt6iohg3hran3hxv47xn6,2022-09-17T21:22:58Z,"drum and bass,bassline","Crucast",0.851,0.923,2,-0.027,1,0.369,0.0133,0.00123,0.2,0.464,128.069,4
spotify:track:3zhZO3YgIfHCiPi4XyVBe7,"Mindset","Chapters","RUZE",2021-08-13,396294,0,false,azvwtt6iohg3hran3hxv47xn6,2022-09-17T21:23:01Z,"rally house,house,tech house","PIV Records",0.796,0.828,11,-8.103,0,0.068,0.00563,0.289,0.0617,0.775,128.994,4
spotify:track:2HTzzn4hP4PHlX2nLotWF4,"Paris City Jazz","Paris City Jazz","Bellaire",2018-01-19,343911,1,false,azvwtt6iohg3hran3hxv47xn6,2022-09-17T21:23:05Z,"jazz house,disco house,funky house,house","AOC Records",0.773,0.858,0,-7.145,0,0.0465,0.0221,0.621,0.0913,0.811,125.002,4
spotify:track:69IzWtMP6VAEr5kpA5tURl,"A Pimp Named Slickback","Classics II","Lakim",2019-09-06,250775,0,false,azvwtt6iohg3hran3hxv47xn6,2022-09-17T21:23:12Z,"","Tufcat Recordings LLC",0.679,0.852,10,-3.695,0,0.208,0.257,0.422,0.237,0.766,140.022,4
spotify:track:6waIROrW41DqlgD1Kh5TqO,"Homeless","Homeless","Mr. Belt & Wezol",2020-09-25,228240,71,false,azvwtt6iohg3hran3hxv47xn6,2022-09-17T21:23:16Z,"future house,house","Spinnin' Records",0.443,0.881,2,-4.574,0,0.0696,0.0711,0.114,0.0692,0.744,120.942,4
spotify:track:5ziIc2mGCxuB93HmNoNG4u,"Merci","Hardwire EP","RUZE",2022-01-07,360814,37,false,azvwtt6iohg3hran3hxv47xn6,2022-09-17T21:23:19Z,"rally house,house,tech house","Pitch Records",0.794,0.916,7,-8.407,1,0.0784,0.0159,0.592,0.0709,0.453,128.025,4
spotify:track:6h8c94zBXIJTbKuYWS6dXn,"Daytime","Date at the Disco","Bellaire",2021-05-28,310866,31,false,azvwtt6iohg3hran3hxv47xn6,2022-09-17T21:23:22Z,"jazz house,disco house,funky house,house","Allo Floride Records",0.821,0.759,1,-6.805,0,0.038,0.028,0.691,0.128,0.658,126.013,4
spotify:track:1WDxBPu47UpeWv6KV9QXOY,"Gypsy Woman (She's Homeless) (La Da Dee La Da Da) - RobbieG Remix / Radio Edit","Remix The Classics (Vol.1)","Crystal Waters;RobbieG",2015-11-20,191954,57,false,azvwtt6iohg3hran3hxv47xn6,2022-09-17T21:23:25Z,"","Universal Music Enterprises",0.636,0.83,2,-5.809,0,0.0491,0.186,0,0.116,0.244,122.983,4
spotify:track:6oQ92Y6zWAX6tKNL1TcPUI,"Verdwaald","Medicijn","Didier Armeni",2021-10-22,217547,47,false,azvwtt6iohg3hran3hxv47xn6,2022-09-17T21:23:33Z,"rally house,house","Independent",0.811,0.742,7,-9.273,0,0.172,0.0845,0.462,0.137,0.0556,127.984,4
spotify:track:7BStovqcZxf1kzRNWzLclj,"Slapping","All Kinds of Beats","Klaus Veen",2021-06-10,155271,0,false,azvwtt6iohg3hran3hxv47xn6,2022-09-17T21:24:14Z,"rally house,house","Klaus Veen",0.956,0.892,10,-8.004,0,0.202,0.0571,0.596,0.112,0.269,125.241,4
spotify:track:2W5ERTPofQ8wVrkljfqe98,"Body Pump - Sammy Virji Remix","Renaissance (Kiwi Remixes)","Aluna;Sammy Virji",2020-10-13,263000,37,false,azvwtt6iohg3hran3hxv47xn6,2022-09-17T21:24:22Z,"uk garage,bassline,bass house,house","Mad Decent",0.923,0.908,11,-7.158,1,0.312,0.00786,0.603,0.624,0.964,130.018,4
spotify:track:38DqhzcuyxHhQOwoQDmizx,"No Hook II","Fresh Prince Van Noord","ADF Samski",2020-07-24,182603,50,true,azvwtt6iohg3hran3hxv47xn6,2022-09-17T21:24:28Z,"","ADF ENT",0.823,0.513,1,-7.768,0,0.338,0.13,0.0000791,0.1,0.308,92.056,4
spotify:track:4k4RbWcpfIKex1bSVXcWzR,"Zonnestraal - MÖWE Remix","Zonnestraal","De Hofnar;MÖWE",2013,330240,44,false,azvwtt6iohg3hran3hxv47xn6,2022-09-17T21:24:37Z,"tropical house","Crosswalk Records",0.855,0.739,0,-9.56,0,0.133,0.0203,0.579,0.254,0.476,125.005,4
spotify:track:14Iird4vN0qULIBNUPebNf,"Eshays In Laneways","Expert Sleeper","Grant Turismo",2019-12-30,467504,31,false,azvwtt6iohg3hran3hxv47xn6,2022-09-17T21:24:40Z,"lo-fi house","Independent",0.808,0.62,11,-10.862,0,0.16,0.622,0.862,0.0601,0.0863,123.988,4
spotify:track:0vVdhy2328xkrCscdmjRig,"Vakantie - Yung Internet & Weslo's 1 Affoe Remix","Vakantie (Yung Internet & Weslo's 1 Affoe Remix)","Lil Kleine;Yung Internet;Weslo",2016-09-23,199069,34,true,azvwtt6iohg3hran3hxv47xn6,2022-09-17T21:24:43Z,"","Top Notch Music BV",0.833,0.915,1,-5.201,1,0.0584,0.0282,0.0134,0.389,0.874,129.008,4
spotify:track:4HFfI1cHi6dTkFY9Y1tabr,"Something Here for the Club - Vocal","Something Here for the Club","Terrence Parker",2018-09-14,402494,0,false,azvwtt6iohg3hran3hxv47xn6,2022-09-17T21:24:46Z,"disco house,funky house","Intangible Records",0.832,0.854,9,-5.498,1,0.0441,0.000323,0.555,0.0303,0.918,130.035,4
spotify:track:277xBb6mGl8yNEY3tjntiP,"Thru Your Mind","Thru Your Mind","Bassboy",2020-06-22,281625,40,false,azvwtt6iohg3hran3hxv47xn6,2022-09-17T21:25:02Z,"bassline,bass house,uk garage","Rebearth Records",0.897,0.827,11,-5.465,0,0.165,0.0905,0.036,0.112,0.529,130.004,4
spotify:track:0eNI9vlF1bVlf9VcacgOF2,"Los Choukarios","Los Choukarios","Bellecour",2020-06-26,197073,0,false,azvwtt6iohg3hran3hxv47xn6,2022-09-17T21:25:06Z,"bass house,g-house","Insomniac Records",0.838,0.926,0,-2.897,0,0.272,0.155,0.606,0.224,0.588,122.968,4
spotify:track:45DqgsmQgEa22WTmItIIsm,"Feel U","Feel U","Ricky Razu",2017-10-12,391727,36,false,azvwtt6iohg3hran3hxv47xn6,2022-09-17T21:25:09Z,"jazz house,lo-fi house,funky house,disco house","647067 Records DK",0.886,0.917,3,-10.791,1,0.037,0.103,0.88,0.11,0.678,125.02,4
spotify:track:0nrRP2bk19rLc0orkWPQk2,"Wake Me Up","True","Avicii",2013-09-16,247426,89,false,azvwtt6iohg3hran3hxv47xn6,2022-11-12T17:18:07Z,"edm","Pophouse Entertainment Group",0.532,0.783,2,-5.697,1,0.0523,0.0038,0.0012,0.161,0.643,124.08,4
spotify:track:2P4OICZRVAQcYAV2JReRfj,"Waiting For Love","Stories","Avicii",2015-10-02,230613,86,false,azvwtt6iohg3hran3hxv47xn6,2022-11-12T17:18:36Z,"edm","Pophouse Entertainment Group",0.579,0.736,6,-3.863,0,0.0527,0.31,0,0.198,0.613,127.999,4
spotify:track:5UqCQaDshqbIk3pkhy4Pjg,"Levels - Radio Edit","Levels","Avicii",2011-10-28,199906,84,false,azvwtt6iohg3hran3hxv47xn6,2022-11-12T17:18:41Z,"edm","Pophouse Entertainment Group",0.584,0.889,1,-5.941,0,0.0343,0.0462,0.828,0.309,0.464,126.04,4
spotify:track:6Pgkp4qUoTmJIPn7ReaGxL,"Without You (feat. Sandro Cavazza)","AVĪCI (01)","Avicii;Sandro Cavazza",2017-08-10,181672,81,true,azvwtt6iohg3hran3hxv47xn6,2022-11-12T17:19:21Z,"edm","Pophouse Entertainment Group",0.662,0.858,2,-4.844,1,0.0428,0.00163,0,0.0456,0.295,133.993,4
spotify:track:4lhqb6JvbHId48OUJGwymk,"Hey Brother","True","Avicii",2013-09-16,255093,82,false,azvwtt6iohg3hran3hxv47xn6,2022-11-12T17:19:24Z,"edm","Pophouse Entertainment Group",0.545,0.78,7,-4.867,0,0.0436,0.0309,0.0000464,0.0828,0.458,125.014,4
spotify:track:6aPDvttLmezuUlv60ExTH9,"Fades Away (feat. Noonie Bao)","TIM","Avicii;Noonie Bao",2019-06-06,178958,54,false,azvwtt6iohg3hran3hxv47xn6,2022-11-12T17:19:36Z,"edm,pop sueco","Pophouse Entertainment Group",0.53,0.525,0,-8.319,1,0.0585,0.228,0.0000022,0.0812,0.225,134.236,4
spotify:track:3F4CkhBYtnr1Vijvd6zcLE,"I Could Be The One (Avicii Vs. Nicky Romero) - Radio Edit","Race of the Stars: Fit with Music Vol. 2","Avicii;Nicky Romero",2020-11-13,208320,7,false,azvwtt6iohg3hran3hxv47xn6,2022-11-12T17:19:57Z,"edm,big room,electro house,house progresivo","UME - Global Clearing House",0.51,0.79,6,-3.782,0,0.0374,0.335,0.0000623,0.316,0.637,127.946,4
spotify:track:5OJQ7sgz7ZEb9Mxsfqlpiv,"Take Me To America","Take Me To America","Salvatore Ganacci;Dubioza kolektiv",2022-10-27,231134,54,false,azvwtt6iohg3hran3hxv47xn6,2023-01-29T15:15:20Z,"moombahton,ska,ska punk","MDLBEAST Records",0.791,0.894,7,-5.31,1,0.0331,0.000142,0.675,0.223,0.945,134.963,4
spotify:track:6DDQP2rSs9AhsMUpA9bU5V,"See Me","Discover Series, Vol.2","Karl Roks",2022-11-18,183145,16,false,azvwtt6iohg3hran3hxv47xn6,2023-01-29T15:19:16Z,"","Arcadia Music",0.672,0.871,8,-6.113,0,0.0313,0.00394,0.393,0.0894,0.783,123.991,4
spotify:track:2xXrexxpF9Q6cVpFSIAj1h,"Last Night a D.J. Saved My Life - Smeddles More Ass Mix","Last Night a D.J. Saved My Life (Smeddles More Ass Mix)","Indeep;George Smeddles",2022-10-07,369963,46,true,azvwtt6iohg3hran3hxv47xn6,2023-01-29T16:10:41Z,"disco,post-disco,tech house,house","KOOKOO RECORDS",0.84,0.663,6,-8.526,1,0.0602,0.00426,0.649,0.066,0.723,126.003,4
spotify:track:0mVLuJBvxToIMCU0CrpO08,"Chances","Chances","DJ YUKI;Kate Wild",2023-01-27,170039,24,false,azvwtt6iohg3hran3hxv47xn6,2023-01-29T16:15:54Z,"","Xploded Music Limited",0.675,0.907,10,-4.458,0,0.058,0.0596,0.000345,0.101,0.67,127.982,4
spotify:track:5zuex7tbGFz0gSHlrMvQdu,"COULD BE WRONG","COULD BE WRONG","LOSTBOYJAY",2022-12-02,186046,78,false,azvwtt6iohg3hran3hxv47xn6,2023-01-29T16:15:59Z,"rally house,house","Polydor Records",0.875,0.772,0,-8.472,1,0.111,0.0233,0.0016,0.316,0.826,129.024,4
spotify:track:0Li5WIVfAz3m7mNC1CjOmx,"I Miss You","I Miss You","MT SOUL",2022-11-11,162580,22,false,azvwtt6iohg3hran3hxv47xn6,2023-01-29T16:37:01Z,"","Aero. Records",0.605,0.978,5,-3.995,0,0.105,0.026,0.139,0.399,0.57,123.951,4
spotify:track:6LQK9OcjeVgTjN8iLKPVhf,"We Kept Dancing","We Kept Dancing","Samuele Sartini;Jonk & Spook;Roland Clark",2023-01-13,155541,22,false,azvwtt6iohg3hran3hxv47xn6,2023-01-29T16:37:06Z,"funky house,disco house,nu disco","Milk & Sugar Recordings",0.677,0.984,0,-4.938,0,0.0646,0.00753,0.152,0.191,0.56,125.998,4
spotify:track:61050LBESCpYUtKKnzDqYg,"Do It Like Oh","Do It Like Oh","Leon Benesty",2022-12-22,302000,13,false,azvwtt6iohg3hran3hxv47xn6,2023-01-29T16:37:11Z,"","Dobar House",0.804,0.945,10,-5.972,0,0.061,0.00169,0.656,0.0686,0.691,124.996,4
spotify:track:61V5YDZykyPaDnQRN2aUOS,"Brain Storm","Brain Storm / Lost in the Amazonas","Daniel Steinberg",2022-12-09,291429,13,false,azvwtt6iohg3hran3hxv47xn6,2023-01-29T16:37:15Z,"funky house","ARMS & LEGS",0.807,0.923,7,-6.541,1,0.0521,0.0000502,0.694,0.0721,0.774,126.004,4
spotify:track:51OVxEU5ZO5wwmJvcrxlg0,"Baby No","Baby No","Kid Simius;Ede",2023-01-13,303812,9,false,azvwtt6iohg3hran3hxv47xn6,2023-01-29T16:37:20Z,"indie dance,house melódico","Future Disco",0.631,0.862,9,-5.86,0,0.0656,0.000812,0.65,0.0349,0.501,128.001,4
spotify:track:4yUnIfJyactd9T615iFFjQ,"Gaida","Gaida","Mat.Joe;C'mon;OTISTIC",2023-01-19,373333,9,false,azvwtt6iohg3hran3hxv47xn6,2023-01-29T16:37:24Z,"tech house,house,house orgánico","Moon Harbour",0.802,0.825,4,-9.054,0,0.0626,0.0006,0.902,0.355,0.67,126.006,4
spotify:track:7ul5HUgXQCPkgt6Rici5W9,"Lose Control - Edit","Lose Control","Juliet Sikora;Sarah Bird",2023-01-20,222087,7,false,azvwtt6iohg3hran3hxv47xn6,2023-01-29T16:37:28Z,"tech house,deep house","PHXBLK",0.726,0.9,9,-4.86,0,0.0393,0.00569,0.82,0.0781,0.549,130.007,4
spotify:track:4S6M5BQxrpP9pRQIBpVzxP,"Higher Than You","Higher Than You","J. Worra",2022-12-09,192755,34,false,azvwtt6iohg3hran3hxv47xn6,2023-01-29T16:37:32Z,"house,tech house","Never Worry Records",0.739,0.843,0,-5.93,1,0.0743,0.00272,0.668,0.143,0.648,126.983,4
spotify:track:0hJfuyUwtEYMlGgvr3nzz9,"Serotonin Moonbeams","Serotonin Moonbeams","The Blessed Madonna;Uffie",2022-11-11,287440,62,true,azvwtt6iohg3hran3hxv47xn6,2023-01-29T16:37:36Z,"electroclash","Warner Records",0.817,0.876,8,-7.485,0,0.046,0.0332,0.199,0.412,0.671,131.022,4
spotify:track:39JofJHEtg8I4fSyo7Imft,"B.O.T.A. (Baddest Of Them All) - Edit","B.O.T.A. (Baddest Of Them All)","Eliza Rose;Interplanetary Criminal",2022-08-12,226626,76,false,azvwtt6iohg3hran3hxv47xn6,2023-01-29T16:43:33Z,"house,uk garage,breakbeat","Warner Records",0.733,0.921,0,-7.077,1,0.0446,0.161,0.662,0.122,0.729,136.996,4
spotify:track:5Ex4hNz9Vujil1ZBkIf68N,"Push It","Push It","Jesse Jacob",2022-12-23,401542,0,false,azvwtt6iohg3hran3hxv47xn6,2023-01-29T16:44:21Z,"tech house","PIV Records",0.794,0.879,8,-7.509,1,0.0559,0.000256,0.769,0.0512,0.81,130.007,4
spotify:track:0XXV6O17QrAZKm5mtg9ZMC,"Power of Today","Power of Today","Alinka",2023-01-13,379965,16,false,azvwtt6iohg3hran3hxv47xn6,2023-01-29T16:44:28Z,"house de chicago,acid house,indie dance","Needwant",0.797,0.839,5,-7.935,0,0.0546,0.000991,0.918,0.0571,0.406,128.004,4
spotify:track:1UCEPRhT00O3nQfib5fGJL,"Baroque East - Original Mix","Baroque East","Darius Syrossian",2023-01-27,224311,0,false,azvwtt6iohg3hran3hxv47xn6,2023-01-29T16:44:39Z,"tech house,house","Seven Dials Records",0.796,0.804,11,-8.991,0,0.172,0.00212,0.868,0.44,0.428,130.033,4
spotify:track:7L6ZDYK13nVfc6j3QlKNJj,"This Is The Sound","This Is The Sound","Riva Starr;Todd Terry",2022-10-14,192401,1,false,azvwtt6iohg3hran3hxv47xn6,2023-01-29T16:44:52Z,"tech house,house de chicago,house,hip house","Hot Creations",0.771,0.967,9,-4.65,0,0.124,0.0241,0.226,0.357,0.46,125.999,4
spotify:track:3EKj57pZTbNfbIKryAl5Dw,"Lipstick (feat. Robbie Rise)","Lipstick (feat. Robbie Rise)","BLR;Robbie Rise",2022-12-09,226615,0,false,azvwtt6iohg3hran3hxv47xn6,2023-01-29T16:46:08Z,"tech house","Experts Only",0.832,0.931,6,-5.725,0,0.165,0.074,0.187,0.103,0.367,125.051,4
spotify:track:6KCmJ8VI6VYNRNubSqi0Ck,"Lennon","Lennon","ESSEL",2023-01-06,205429,57,false,azvwtt6iohg3hran3hxv47xn6,2023-01-29T16:46:15Z,"tech house","Toolroom",0.892,0.943,1,-3.884,1,0.108,0.012,0.572,0.208,0.254,127.99,4
spotify:track:2c3KCGq6UojB2c8UAFrRON,"New Gold (feat. Tame Impala and Bootie Brown) - Dom Dolla Remix","New Gold (feat. Tame Impala and Bootie Brown) [Dom Dolla Remix]","Gorillaz;Tame Impala;Dom Dolla;Bootie Brown",2022-11-18,274141,56,true,azvwtt6iohg3hran3hxv47xn6,2023-01-29T16:46:19Z,"neopsicodelia,indie,house,tech house","Parlophone UK",0.716,0.897,4,-7.185,0,0.0629,0.012,0.262,0.325,0.358,127.03,4
spotify:track:7jrMFjEq0t09f7m3HnnWXl,"Tell Me Why - MEDUZA Remix","Tell Me Why (MEDUZA Remix)","Supermode;MEDUZA",2022-09-02,171428,72,false,azvwtt6iohg3hran3hxv47xn6,2023-01-29T16:51:56Z,"hipertechno","Axtone Records",0.561,0.928,6,-5.812,0,0.0371,0.087,0.894,0.332,0.182,125.988,4
spotify:track:0NFchYXJVNxHb693dpIs0t,"Work","Work","Kevin McKay;Pupa Nas T;Denise Belfon",2022-12-02,217500,0,false,azvwtt6iohg3hran3hxv47xn6,2023-01-29T16:54:49Z,"tech house,disco house,afro house,house latino,soca,calipso","Glasgow Underground",0.854,0.945,6,-5.532,0,0.108,0.00156,0.0175,0.273,0.394,127.97,4
spotify:track:3aQFj0dc2vv6sAhHSVGoFi,"Maria Maria","Maria Maria","TECH IT DEEP",2022-11-25,161801,0,false,azvwtt6iohg3hran3hxv47xn6,2023-01-29T16:54:52Z,"house latino,afro house","TECH IT DEEP",0.747,0.657,0,-7.652,1,0.0912,0.0967,0.00497,0.278,0.397,128.037,4
spotify:track:6gLDnzjpM0AwOeh9NmmHE0,"Other Side","Other Side","Azzecca",2022-10-28,244337,57,false,azvwtt6iohg3hran3hxv47xn6,2023-01-29T16:54:56Z,"tech house","Higher Ground",0.768,0.846,9,-6.469,1,0.0478,0.00411,0.769,0.0998,0.139,124.981,4
spotify:track:5yN3wXc6fvM5SPTFjL6c4G,"Guddi Riddim","Guddi Riddim","DJ Snake;Wade;Nooran Sisters",2022-12-20,210000,52,false,azvwtt6iohg3hran3hxv47xn6,2023-01-29T16:56:52Z,"tech house,house latino,techno,techengue,sufí,qawwali","DJ Snake Music Productions Limited",0.72,0.984,9,-4.384,0,0.0765,0.00145,0.753,0.0298,0.145,127.998,4
spotify:track:3BW3HN3slcmHuuiXvLbfTi,"Sweet Lies","Sweet Lies","ESSEL",2022-12-09,190560,42,false,azvwtt6iohg3hran3hxv47xn6,2023-02-12T20:02:33Z,"tech house","Love & Other",0.738,0.945,4,-5.932,1,0.0414,0.0414,0.611,0.565,0.732,124.968,4
spotify:track:3uO4nLDiJMH2DkixEFcHIN,"Get Up","Get Up","Eats Everything;ShezAr",2023-02-10,186862,39,false,azvwtt6iohg3hran3hxv47xn6,2023-02-12T20:02:47Z,"techno,house,tech house","Three Six Zero Recordings",0.51,0.833,0,-3.857,1,0.0602,0.00224,0.768,0.0483,0.701,126.978,4
spotify:track:0ZNail0sBLDyANc8rboHhs,"We Give Thee Honor","We Give Thee Honor / Makes Me Wanna","Floorplan",2023-02-10,191820,0,false,azvwtt6iohg3hran3hxv47xn6,2023-02-12T20:02:51Z,"disco house,house de chicago,funky house","Classic Music Company",0.584,0.937,8,-4.137,1,0.044,0.000176,0.124,0.135,0.606,124.952,4
spotify:track:0eRaC5PKJ4BEYI1L1m6Tfg,"Rescue Me - DJ Island Remix","Rescue Me","Groove Armada;DJ Island",2023-02-03,344744,24,false,azvwtt6iohg3hran3hxv47xn6,2023-02-12T20:02:59Z,"big beat,trip hop","Get Physical Music",0.804,0.859,1,-5.976,0,0.0583,0.0401,0.739,0.0827,0.629,122.983,4
spotify:track:2tjWqC7s6tKPl1nBFuHX0m,"Drive","Le Funk","Prunk;Dennis Quin",2023-01-27,239106,0,false,azvwtt6iohg3hran3hxv47xn6,2023-02-12T20:03:03Z,"house,lo-fi house,tech house","PIV Records",0.833,0.731,10,-6.806,0,0.0418,0.00809,0.809,0.116,0.542,126.003,4
spotify:track:46UF5p8aihRkpFGISOa1ck,"Don't Cry For Me - Mark Knight Remix","Don't Cry For Me (The Remixes)","Whitney Houston;Mark Knight",2023-02-03,197903,21,false,azvwtt6iohg3hran3hxv47xn6,2023-02-12T20:03:16Z,"tech house,house,disco house,funky house,house progresivo","RCA Records Label",0.652,0.964,8,-3.48,1,0.0948,0.0524,0.0585,0.122,0.512,123.988,4
spotify:track:2t3FV5IpL1uWeMjt7vOomW,"V I B R A T I O N (w/ Shift K3Y)","V I B R A T I O N","Kaleena Zanders;Shift K3Y",2023-01-20,169831,47,false,azvwtt6iohg3hran3hxv47xn6,2023-02-12T20:03:53Z,"","Helix Records",0.504,0.915,10,-5.38,0,0.0494,0.00123,0.0163,0.331,0.49,126.979,4
spotify:track:6OAlog0TfLYgmT1LVXPOQU,"Need U","Need U","Loods",2023-02-09,202611,0,false,azvwtt6iohg3hran3hxv47xn6,2023-02-12T20:04:10Z,"disco house,lo-fi house","Steel City Dance Discs",0.619,0.969,1,-7.016,1,0.0338,0.00793,0.381,0.0489,0.86,134.002,4
spotify:track:1635wWSdp29PO3GxYhy991,"Bel Mercy","Bel Mercy","Jengi",2022-12-02,169606,65,false,azvwtt6iohg3hran3hxv47xn6,2023-02-12T20:25:33Z,"","FFRR",0.949,0.736,1,-6.17,1,0.0992,0.401,0.736,0.137,0.708,127.016,4
spotify:track:7GlTmlTip8mzLlwgTDvxPe,"Pon De Replay","Pon De Replay","AJAK;Emie",2022-10-28,165419,56,false,azvwtt6iohg3hran3hxv47xn6,2023-08-14T18:43:41Z,"hipertechno,techno","Warner Records",0.752,0.83,6,-3.919,1,0.215,0.0147,0.000546,0.29,0.546,135.097,4
spotify:track:0P5ai6l6EOpT1sOULFFy6W,"Ilanga","Ilanga EP","Aaaron;Deckert;Oluhle",2019-04-05,506489,18,false,azvwtt6iohg3hran3hxv47xn6,2023-08-16T19:58:15Z,"afro tech,house melódico,afro house,indie dance,tribal house,house orgánico","MoBlack Records",0.458,0.745,1,-11.139,1,0.0781,0.00452,0.57,0.0974,0.0696,121.033,4
spotify:track:3SHCb1dzuMzTBPNWLn8wM6,"2020 Souls","Armada Electronic Elements Essentials","Aaaron",2020-06-12,224132,26,false,azvwtt6iohg3hran3hxv47xn6,2023-08-16T19:59:22Z,"afro tech,house melódico,afro house","Armada Electronic Elements",0.787,0.721,5,-11.46,1,0.0367,0.014,0.927,0.15,0.0435,121.003,4
spotify:track:3rMvOnZXUsfoWZ6z170ebC,"Control Freak","Control Freak","Jaden Thompson;Solo Tamas",2019-10-25,381333,0,false,azvwtt6iohg3hran3hxv47xn6,2023-08-16T20:37:26Z,"tech house","Cuttin' Headz",0.8,0.724,9,-9.964,1,0.0635,0.000239,0.781,0.109,0.102,130.993,4
spotify:track:5ZRgDx3elU7sjOPeMxddSM,"Control Freak - Marquis Hawkes Remix","Control Freak","Jaden Thompson;Solo Tamas;Mark Hawkins",2019-10-25,408764,0,false,azvwtt6iohg3hran3hxv47xn6,2023-08-16T20:37:36Z,"tech house,lo-fi house","Cuttin' Headz",0.753,0.792,1,-9.049,1,0.0403,0.0000657,0.849,0.154,0.49,126.991,4
spotify:track:4SS7WAbRmsI4gdKvaQPkk7,"Feel Like Moving","Feel Like Moving","Guti;Jaden Thompson",2020-07-24,400629,0,false,azvwtt6iohg3hran3hxv47xn6,2023-08-16T20:38:23Z,"deep house,tech house","Moscow Records",0.803,0.905,1,-9.589,1,0.0604,0.00932,0.905,0.117,0.417,126.983,4
spotify:track:1fNbpebGtc5Ii2qXA3DkNq,"Move Your Body","Move Your Body","Jaden Thompson",2021-11-05,390245,0,false,azvwtt6iohg3hran3hxv47xn6,2023-08-16T20:38:41Z,"tech house","Midnight Parade",0.776,0.877,1,-6.907,0,0.153,0.00279,0.0247,0.0766,0.852,128.019,4
spotify:track:6EhZYH9MsQvX3IXoRF4Ler,"Move Your Body - Edit","Move Your Body","Jaden Thompson",2021-11-05,180229,0,false,azvwtt6iohg3hran3hxv47xn6,2023-08-16T20:39:03Z,"tech house","Midnight Parade",0.721,0.844,1,-6.603,0,0.162,0.00366,0.00255,0.121,0.936,128.006,4
spotify:track:4f4MAFgZsv0wvBAGtFRkal,"Memories","Memories","Jaden Thompson",2023-03-24,437882,11,false,azvwtt6iohg3hran3hxv47xn6,2023-08-16T20:39:17Z,"tech house","Midnight Parade",0.804,0.866,2,-9.765,1,0.0729,0.0473,0.912,0.127,0.485,126.998,4
spotify:track:59mRR3eDXE7L8pnoALdQc2,"Shimmer","Memories","Jaden Thompson",2023-03-24,390509,3,false,azvwtt6iohg3hran3hxv47xn6,2023-08-16T20:39:21Z,"tech house","Midnight Parade",0.802,0.601,2,-11.769,1,0.0702,0.0156,0.908,0.112,0.0388,128.012,4
spotify:track:4IpAXwxlbBENdWCqQbDHpd,"Feel Like Moving - Edit","Feel Like Moving","Guti;Jaden Thompson",2020-07-24,245669,0,false,azvwtt6iohg3hran3hxv47xn6,2023-08-16T20:39:29Z,"deep house,tech house","Moscow Records",0.803,0.955,5,-9.257,0,0.0563,0.0349,0.9,0.0977,0.536,126.974,4
spotify:track:2CFxJoCCLBSc7UaXLAw58g,"Higher Ground - Eli Brown Remix","CHIEF REMIXES","Gene Farris;Eli Brown",2017-12-29,418053,1,false,azvwtt6iohg3hran3hxv47xn6,2023-08-16T20:39:36Z,"tech house,house de chicago","Material",0.805,0.85,2,-8.884,1,0.0516,0.000749,0.925,0.0532,0.457,124.008,4
spotify:track:7AdY2NaQc7y0uniP4dUR42,"Vortex","VORTEX EP","Jaden Thompson",2017-09-15,425800,2,false,azvwtt6iohg3hran3hxv47xn6,2023-08-16T20:39:46Z,"tech house","Material",0.808,0.885,5,-9.546,0,0.0547,0.00465,0.919,0.117,0.692,124.024,4
spotify:track:0XSLq0q0GwZOu9Ig2qOSzj,"Billz","VORTEX EP","Jaden Thompson",2017-09-15,396186,5,false,azvwtt6iohg3hran3hxv47xn6,2023-08-16T20:39:51Z,"tech house","Material",0.806,0.966,11,-7.034,0,0.069,0.000503,0.673,0.0753,0.14,126.037,4
spotify:track:76Lq3l4TEzt2javAjXezAr,"Different Side","Different Side","Michael Bibi;KinAhau;Audio Bullys",2023-03-03,193710,60,false,azvwtt6iohg3hran3hxv47xn6,2023-08-16T20:41:40Z,"tech house,techno,house,big beat","Solid Grooves Records",0.816,0.704,7,-7.729,1,0.0617,0.000595,0.00467,0.11,0.283,127.979,4
spotify:track:6sCSk3cy0AtcXlzgIOaDjA,"That's Fine","Check This Sound","Mateo Dufour",2022-12-16,400465,20,false,azvwtt6iohg3hran3hxv47xn6,2023-08-16T20:41:48Z,"tech house","No Art",0.8,0.912,7,-8.204,1,0.0569,0.00091,0.225,0.039,0.605,126.02,4
spotify:track:6T9Rie6HYLSlFFM8nNgQzG,"Mantra","Mantra","Monkey Safari",2019-12-20,465975,36,false,azvwtt6iohg3hran3hxv47xn6,2023-08-16T20:42:04Z,"house melódico,house orgánico,afro house,deep house,techno melódico","Get Physical Music",0.808,0.767,11,-8.798,1,0.128,0.000546,0.819,0.101,0.705,125.996,4
spotify:track:0UAEHlFR79k9CJvknSGUNf,"Pump Up The Jam - Edit","Best Of","Technotronic;Felly",2011-01-01,215040,74,false,azvwtt6iohg3hran3hxv47xn6,2023-08-21T18:32:50Z,"eurodance,hip house,dance","ARS Entertainment N.V.",0.862,0.918,10,-7.325,0,0.108,0.0287,0.00000115,0.0492,0.651,124.811,4
spotify:track:1ubespOnUdTDC0HTZXRLQd,"What's Goin On","What's Goin On","East End Dubs",2020-06-19,457402,30,false,azvwtt6iohg3hran3hxv47xn6,2023-09-07T20:03:02Z,"tech house,house","TRMNL",0.811,0.906,3,-8.939,1,0.0764,0.00199,0.878,0.0847,0.745,127.002,4
spotify:track:1s1RkwQURUcPe6pMEKVrHx,"Pachanga","Archive","East End Dubs",2022-10-21,161972,36,false,azvwtt6iohg3hran3hxv47xn6,2023-09-07T20:03:15Z,"tech house,house","East End Dubs",0.795,0.764,10,-8.475,1,0.0653,0.0000897,0.904,0.124,0.42,126.979,4
spotify:track:4x6VzOQTLIrkkCWcDPh5Y0,"bRave","bRave EP","East End Dubs",2019-08-30,394960,0,false,azvwtt6iohg3hran3hxv47xn6,2023-09-07T20:03:45Z,"tech house,house","Fuse London",0.803,0.919,8,-8.667,0,0.0702,0.000301,0.926,0.102,0.754,127.029,4
spotify:track:2Ay0NEc1zDRSHcFJlP7ryc,"Radiance","Archive","East End Dubs",2022-10-21,236303,46,false,azvwtt6iohg3hran3hxv47xn6,2023-09-07T20:04:00Z,"tech house,house","East End Dubs",0.8,0.665,8,-10.533,0,0.051,0.00135,0.867,0.107,0.452,130,4
spotify:track:35MQ5WQ5mREm1EwKOVccGC,"Bossy - Dub","Bossy (Dub)","East End Dubs",2020-06-26,402556,29,false,azvwtt6iohg3hran3hxv47xn6,2023-09-07T20:04:05Z,"tech house,house","East End Dubs",0.811,0.679,8,-8.096,1,0.0585,0.000171,0.912,0.0744,0.852,126.995,4
spotify:track:0amEEjz4Z9s8mwHP7hOmhI,"Zone Interdite","Zone Interdite (Balenciaga Summer 24 Original Soundtrack)","BFRND",2023-10-02,368888,23,false,azvwtt6iohg3hran3hxv47xn6,2023-10-10T14:25:35Z,"","4921983 Records DK2",0.699,0.723,7,-8.892,1,0.0374,0.0204,0.892,0.11,0.0537,107.965,4
spotify:track:26zt79lTciS4tfncBX1qPV,"Boyz N Da Club - Radio Edit","Boyz N Da Club (Radio Edit)","Shermanology",2021-04-30,141395,61,false,azvwtt6iohg3hran3hxv47xn6,2024-05-04T16:28:45Z,"tech house,house","D'EAUPE",0.907,0.707,4,-7.627,0,0.185,0.00983,0.444,0.166,0.566,129.097,4
spotify:track:2xkrujtSjZz7EKAYGbIIzH,"Blah Blah Blah","Blah Blah Blah","Armin van Buuren",2018-05-18,183518,66,false,azvwtt6iohg3hran3hxv47xn6,2024-05-04T16:28:45Z,"trance,trance progresivo,house progresivo,electrónica,edm","Armada Music",0.612,0.963,5,-3.912,0,0.0531,0.00897,0.00378,0.294,0.179,138.009,4
spotify:track:1vKWGVybCJaIDWlqZWJZAc,"Gunslinga","Gunslinga","Pegboard Nerds;MC Mota",2019-03-07,164137,45,false,azvwtt6iohg3hran3hxv47xn6,2024-05-04T16:28:45Z,"dubstep,edm,drumstep,electro house,glitch,drum and bass","Monstercat",0.489,0.968,10,-1.993,0,0.329,0.0453,0.0000017,0.535,0.765,174.176,4
spotify:track:4ZYiV1lD5mJEMIdfIaVsBW,"Love You Like That","Love You Like That","Cloonee",2021-09-17,175000,57,false,azvwtt6iohg3hran3hxv47xn6,2024-05-04T16:28:45Z,"tech house,house","CLNE",0.911,0.656,8,-11.725,0,0.0965,0.00814,0.000327,0.114,0.918,124.957,4
spotify:track:3ag9TLXybdi1oApU1ypDu0,"Базарузиро","Базарузиро","ZAPRAVKA;KYIVSTONER",2021-10-01,104516,37,false,azvwtt6iohg3hran3hxv47xn6,2024-05-04T16:28:45Z,"hard techno,techno,tekno","Gaz",0.84,0.662,0,-9.06,1,0.0742,0.0135,0.024,0.195,0.717,123.975,4
spotify:track:1V7f4rTLNYwRIWfEWAgtjF,"ON THE MOVE","ON THE MOVE","PAWSA",2023-02-03,204820,61,false,azvwtt6iohg3hran3hxv47xn6,2024-05-04T16:28:45Z,"tech house,house","PAWZ",0.821,0.458,0,-12.178,1,0.118,0.0587,0.182,0.0991,0.948,132.023,4
spotify:track:6kTwzV93qpcovlRPmBOXmn,"World Hold On (Children Of The Sky) - FISHER Rework","World Hold On (Children Of The Sky) [FISHER Rework]","Bob Sinclar;FISHER;Steve Edwards",2022-07-08,178304,82,false,azvwtt6iohg3hran3hxv47xn6,2024-05-04T16:28:45Z,"house francés,disco house,tech house,house","Yellow Productions",0.771,0.883,1,-5.242,0,0.0584,0.00605,0.00579,0.135,0.894,127.008,4
spotify:track:0QFnTwhwk0xo8VaLyvPD1q,"STEADY","STEADY","TREASURE SERIES",2019-11-08,178604,36,false,azvwtt6iohg3hran3hxv47xn6,2024-05-04T16:28:45Z,"tech house,house","TREASURE SERIES",0.656,0.547,7,-13.62,1,0.133,0.00605,0.0019,0.113,0.159,129.041,4
spotify:track:3mCxV76XNNfvHfYiElQjHT,"A LITTLE BIT FUNKIER","A LITTLE BIT FUNKIER","PAWSA",2022-03-25,221560,56,false,azvwtt6iohg3hran3hxv47xn6,2024-05-04T16:28:45Z,"tech house,house","PAWZ",0.794,0.598,7,-13.865,1,0.042,0.0393,0.611,0.0596,0.704,130.001,4
spotify:track:1XzFp1ca04OAqeVVYoqKNu,"GOING TO THE PARK","GOING TO THE PARK","PAWSA",2020-09-18,214153,46,false,azvwtt6iohg3hran3hxv47xn6,2024-05-04T16:28:45Z,"tech house,house","PAWZ",0.804,0.767,7,-16.116,1,0.0869,0.000747,0.81,0.104,0.966,129.99,4
spotify:track:6KsWTg6la3h3LeLcQZ2uoD,"Headnoise (Get Hype)","Headnoise (Get Hype)","Martin Ikin;Dope Earth Alien",2019-11-01,179032,48,false,azvwtt6iohg3hran3hxv47xn6,2024-05-04T16:28:45Z,"tech house,house","Cr2 Records",0.704,0.989,11,-6.003,0,0.0564,0.157,0.843,0.0747,0.848,123.971,4
spotify:track:00Zb87Nn3RGKRt4n2WVPQa,"Back 2 Front","Back 2 Front","PAWSA",2019-02-22,211711,41,false,azvwtt6iohg3hran3hxv47xn6,2024-05-04T16:28:45Z,"tech house,house","Solid Grooves Records",0.803,0.71,6,-10.922,1,0.0992,0.000193,0.74,0.0994,0.542,128.986,4
spotify:track:4BG03MHYQwuWENZ31vFlsV,"House & Pressure","House & Pressure","Route 94",2017-05-26,148571,44,false,azvwtt6iohg3hran3hxv47xn6,2024-05-04T16:28:45Z,"house","Hot Creations",0.868,0.66,10,-6.079,0,0.057,0.00459,0.205,0.0843,0.389,125.985,4
spotify:track:1E7sfKbjR7YliVUUSp9mhJ,"RUFFNECK BROTHER","RUFFNECK BROTHER","TREASURE SERIES",2020-10-16,224000,54,false,azvwtt6iohg3hran3hxv47xn6,2024-05-04T16:28:45Z,"tech house,house","TREASURE SERIES",0.869,0.522,0,-11.908,1,0.261,0.00598,0.00101,0.111,0.642,129.021,4
spotify:track:3UW1WvaTGaHYAPXL8XCWeN,"Sundown","Sundown","Biscits",2020-04-17,211448,49,false,azvwtt6iohg3hran3hxv47xn6,2024-05-04T16:28:45Z,"tech house,house","Solotoko",0.774,0.884,1,-7.568,1,0.0499,0.0309,0.136,0.0252,0.867,125.011,4
spotify:track:4CxSd4uDRGbuYMDEuOfXHr,"Room Service - 24 Hour Mix","Room Service (24 Hour Mix)","PAWSA",2022-07-22,284110,52,false,azvwtt6iohg3hran3hxv47xn6,2024-05-04T16:28:45Z,"tech house,house","Solid Grooves Records",0.669,0.546,2,-11.529,1,0.0356,0.0289,0.363,0.0859,0.827,129.996,4
spotify:track:0uU5k5t4YZ1NTnwXCPhga2,"It's A Killa","It's A Killa","FISHER;Shermanology",2022-03-11,200028,53,false,azvwtt6iohg3hran3hxv47xn6,2024-05-04T16:28:45Z,"tech house,house","Intercord",0.778,0.916,7,-5.283,1,0.0433,0.00354,0.00776,0.152,0.82,125.987,4
spotify:track:4YH4e5pBiBlN2JFzi2x15N,"Ride It","Pop That","Shermanology",2020-11-27,213750,18,false,azvwtt6iohg3hran3hxv47xn6,2024-05-04T16:28:45Z,"tech house,house","Sola",0.921,0.669,7,-7.967,1,0.163,0.0112,0.0931,0.0397,0.782,127.984,4
spotify:track:6QNyCBxwG3qhSN0IhObKHA,"Party","Party","PAWSA",2017-09-29,237003,52,false,azvwtt6iohg3hran3hxv47xn6,2024-05-04T16:28:45Z,"tech house,house","PAWZ",0.861,0.834,8,-7.591,1,0.108,0.0502,0.479,0.0706,0.521,126.991,4
spotify:track:4gg4uUTRXXRUMFs8qO3C2g,"U Got Me","U Got Me","ATFC",2020-06-12,160548,61,false,azvwtt6iohg3hran3hxv47xn6,2024-05-10T12:43:49Z,"disco house,funky house,house","Armada Subjekt",0.802,0.928,10,-4.906,0,0.0471,0.0541,0.384,0.331,0.947,124.981,4
spotify:track:6uNH8DLUZMGTkaCKGty1uI,"I Need Someone","I Need Someone","Rene Amesz;Divine",2021-03-12,149264,37,false,azvwtt6iohg3hran3hxv47xn6,2024-05-10T12:43:49Z,"tech house","Armada Subjekt",0.69,0.816,0,-9.68,0,0.072,0.0716,0.0834,0.395,0.712,124.033,4
spotify:track:6GDfe6clOqjn2GIGrV8hS2,"Pop It","Pop It","Cloonee",2021-03-12,214865,34,false,azvwtt6iohg3hran3hxv47xn6,2024-05-10T12:43:49Z,"tech house,house","CLNE",0.841,0.602,11,-7.87,1,0.0602,0.0107,0.152,0.141,0.904,129.984,4
spotify:track:0TZmwiefBLRaNYtkRWH8Uh,"IRLY (I Really Love You)","IRLY (I Really Love You)","Dombresky",2023-02-24,170569,37,false,azvwtt6iohg3hran3hxv47xn6,2024-05-10T12:43:49Z,"bass house,tech house,disco house,g-house,house","Sink or Swim",0.683,0.925,8,-6.528,1,0.0641,0.012,0.0055,0.807,0.617,126.995,4
spotify:track:6cVgPQEvXfXaWoUjZW45PK,"I'm in Love with You","I'm in Love with You","Return Of The Jaded;MELLY OHH",2021-09-10,200631,0,false,azvwtt6iohg3hran3hxv47xn6,2024-05-10T12:43:49Z,"tech house","Techne",0.698,0.83,1,-6.186,1,0.0346,0.034,0.464,0.286,0.335,124.993,4
spotify:track:4NPkQtN5w0T4ju8T6mYVsJ,"Take Control","Take Control","KREAM",2021-03-05,167845,49,false,azvwtt6iohg3hran3hxv47xn6,2024-05-10T12:43:49Z,"techno melódico","Musical Freedom",0.676,0.9,6,-6.469,1,0.0881,0.0105,0.0136,0.0942,0.482,122.984,4
spotify:track:7h50lUuHyHLktWVMnlqpO3,"Something Spectacular","Something Spectacular","PAWSA",2022-06-03,162461,46,false,azvwtt6iohg3hran3hxv47xn6,2024-05-10T12:43:49Z,"tech house,house","Solid Grooves Records",0.802,0.69,1,-9.437,1,0.0538,0.0201,0.256,0.0775,0.291,129.998,4
spotify:track:5cG2xC4qPmUTerZdWupWNi,"Need It","Need It","Ship Wrek",2019-07-01,160739,43,false,azvwtt6iohg3hran3hxv47xn6,2024-05-10T12:43:49Z,"stutter house,bass house","Spinnin' Deep",0.8,0.862,5,-4.373,0,0.068,0.000286,0.843,0.0516,0.405,125.97,4
spotify:track:4yv0m9pimNK02pXmgy5lrZ,"I Hear Stella","I Hear Stella","Alfie Gold",2019-10-18,192108,44,false,azvwtt6iohg3hran3hxv47xn6,2024-05-10T12:43:49Z,"tech house","Circles",0.751,0.934,8,-5.833,0,0.21,0.00975,0.252,0.417,0.878,123.977,4
spotify:track:7IQYnbKrjET0nZbWxbpLpx,"You Are The One","You Are The One","Ferreck Dawn",2019-05-03,155122,0,false,azvwtt6iohg3hran3hxv47xn6,2024-05-10T12:43:49Z,"tech house,house","Defected Records",0.845,0.71,0,-7.704,0,0.0495,0.0404,0.0191,0.114,0.636,125.015,4
spotify:track:4hrks83hUcBvYRJ1S0gnmo,"Wicked & Lazy","Wicked & Lazy","Hollaphonic",2020-06-29,161048,33,false,azvwtt6iohg3hran3hxv47xn6,2024-05-10T12:43:49Z,"tech house","Spinnin' Deep",0.779,0.775,5,-6.488,0,0.0607,0.0523,0.00535,0.124,0.662,124.006,4
spotify:track:7kzGVny9DrrFP9YOvldwVl,"Bustin’","Bustin'","Rene Amesz",2021-06-11,189677,30,false,azvwtt6iohg3hran3hxv47xn6,2024-05-10T12:43:49Z,"tech house","Toolroom Trax",0.811,0.979,9,-6.055,1,0.0565,0.164,0.00218,0.352,0.655,123.998,4
spotify:track:0Uk6JcLoMOKwIP9Qkg1z4q,"Dog Days","Dog Days","PAWSA",2023-11-03,223631,53,false,azvwtt6iohg3hran3hxv47xn6,2024-05-10T12:43:49Z,"tech house,house","Solid Grooves Records",0.796,0.688,5,-9.262,1,0.067,0.00636,0.0172,0.0459,0.876,131.004,4
spotify:track:5hlPdAet2O6wy8DnhES4OJ,"Love On The Line","Love On The Line","Kormak",2018-11-23,174834,0,false,azvwtt6iohg3hran3hxv47xn6,2024-05-10T12:43:49Z,"tech house","DFTD",0.805,0.754,2,-8.456,1,0.0573,0.0258,0.421,0.318,0.67,124.003,4
spotify:track:40r195KtIfLn4GMLvHKpJH,"Catfish","Catfish","PAX",2018-08-20,113763,26,false,azvwtt6iohg3hran3hxv47xn6,2024-05-10T12:43:49Z,"tech house","Armada Subjekt",0.773,0.754,8,-7.119,1,0.075,0.000681,0.134,0.0613,0.701,125.033,4
spotify:track:7poDCUphuuR4mpZ2iqbxcm,"Music Is The Answer","Music Is The Answer","Mike Vale",2019-04-05,251612,0,false,azvwtt6iohg3hran3hxv47xn6,2024-05-10T12:43:49Z,"tech house","Glasgow Underground",0.778,0.982,1,-6.547,0,0.0779,0.000741,0.615,0.602,0.713,124.032,4
spotify:track:1E7HbaOLA8FN3iUynKevpg,"Hypnotized","Hypnotized EP","Bleu Clair",2020-10-23,164526,33,false,azvwtt6iohg3hran3hxv47xn6,2024-05-10T12:43:49Z,"bass house,tech house,g-house","Insomniac Records",0.685,0.918,1,-4.591,1,0.0437,0.0897,0.00635,0.158,0.217,123.977,4
spotify:track:12bU1D9kT3Fnv2WC0dY73X,"U R","U R","Qubiko",2019-03-29,196249,0,false,azvwtt6iohg3hran3hxv47xn6,2024-05-10T12:43:49Z,"disco house,tech house,funky house","DFTD",0.776,0.728,1,-8.426,1,0.0528,0.00228,0.819,0.187,0.515,122,4
spotify:track:5h8a9Q0lLzE9U4hItqsDVM,"Darling","Darling","Rad&Co",2023-05-09,201600,0,false,azvwtt6iohg3hran3hxv47xn6,2024-12-05T17:00:49Z,"rally house,house","Replay Records",0.818,0.77,5,-8.441,0,0.0807,0.00944,0.9,0.058,0.623,124.991,4
spotify:track:22zjLixXX4wHpYy3jCqNgc,"Pure Feelings","Pure Feelings","DTAILR",2020-08-27,163865,44,false,azvwtt6iohg3hran3hxv47xn6,2024-12-05T17:00:49Z,"rally house,house","Elegant Bastards",0.543,0.768,1,-8.228,1,0.0644,0.00609,0.808,0.127,0.189,122.283,4
spotify:track:3jIFcrHrnLgBio9z8mkMBo,"Acrobatic","Acrobatic","SIDEPIECE",2021-04-30,176720,53,false,azvwtt6iohg3hran3hxv47xn6,2024-12-05T17:00:49Z,"tech house,edm","Insomniac Records",0.732,0.949,9,-3.734,1,0.0831,0.00208,0.572,0.348,0.557,125.032,4
spotify:track:6CrNAgxGGcraHZqlbNmSlE,"Like Whoa","Like Whoa","Black V Neck",2021-07-23,186666,45,false,azvwtt6iohg3hran3hxv47xn6,2024-12-05T17:00:49Z,"tech house","This Ain't Bristol",0.773,0.89,6,-7.044,1,0.0578,0.00111,0.871,0.0884,0.745,126.028,4
spotify:track:0LayepGwIR4PgqFkBkYmQB,"Just Feels Tight","Just Feels Tight","FISHER",2021-07-30,197977,53,false,azvwtt6iohg3hran3hxv47xn6,2024-12-05T17:00:49Z,"tech house,house","Intercord",0.808,0.994,1,-6.329,1,0.0709,0.00157,0.876,0.0684,0.732,127.008,4
spotify:track:4tTpmg8AGcChIUnuio4CtR,"At Night - Purple Disco Machine Remix","At Night (Purple Disco Machine Remix)","Shakedown;Purple Disco Machine",2018-05-04,208544,3,false,azvwtt6iohg3hran3hxv47xn6,2024-12-05T17:00:49Z,"disco house,funky house,house,nu disco","Defected Records",0.801,0.601,5,-6.416,0,0.0744,0.0449,0.00485,0.159,0.426,122.004,4
spotify:track:61k7UiVsYL4S19A2XgJYhi,"Drive","Le Funk","Prunk;Dennis Quin",2023-01-27,239106,54,false,azvwtt6iohg3hran3hxv47xn6,2024-12-05T17:00:49Z,"house,lo-fi house,tech house","PIV",0.832,0.731,10,-6.808,0,0.0419,0.00785,0.813,0.116,0.538,125.999,4
spotify:track:6W73mUJoTeNXvbVOSoZvs3,"Da Revolution","Da Revolution E.P.","Luuk Van Dijk",2020-03-30,250312,44,false,azvwtt6iohg3hran3hxv47xn6,2024-12-05T17:00:49Z,"tech house,house","No Art",0.801,0.929,7,-8.11,1,0.0629,0.00065,0.704,0.0951,0.798,127.999,4
spotify:track:3Lt2IUZxj04b2U1Hn8gENk,"Your Eyes","Rush EP","Hart & Neenan",2020-10-09,175767,49,false,azvwtt6iohg3hran3hxv47xn6,2024-12-05T17:00:49Z,"tech house,rally house,house","elrow Limited",0.794,0.795,5,-8.356,0,0.0515,0.0168,0.368,0.0828,0.603,126.985,4
spotify:track:2SweUwDKRlXeCDyaJddhWJ,"Wanna Go Dancin'","Freaks","FISHER",2020-03-31,180504,60,false,azvwtt6iohg3hran3hxv47xn6,2024-12-05T17:00:49Z,"tech house,house","Catch & Release/Astralwerks",0.764,0.856,4,-5.415,1,0.0659,0.00676,0.739,0.0606,0.748,125,4
spotify:track:1U3nHai9ueJCuEXbf8TvBA,"Lithium","Diffusion","Odd Mob",2017-02-13,193432,52,false,azvwtt6iohg3hran3hxv47xn6,2024-12-05T17:00:49Z,"tech house,bass house","Tinted Records",0.795,0.836,7,-5.412,0,0.0486,0.00702,0.546,0.319,0.736,133.995,4
spotify:track:5KFasflYKU9VnMTthjNXNv,"HYPNOSIS","HYPNOSIS","AYYBO;ero808",2022-07-01,158583,62,false,azvwtt6iohg3hran3hxv47xn6,2024-12-05T17:00:49Z,"tech house,house,bass house","Helix Records",0.96,0.872,1,-4.758,0,0.282,0.182,0.00983,0.291,0.7,125.03,4
spotify:track:6sGDxKo6gsklfgStjQ8hp0,"Space Funk '75","Episode VI: Return of the Sponges","The Sponges",2019-02-20,234000,47,true,azvwtt6iohg3hran3hxv47xn6,2024-12-05T17:00:49Z,"bass house,funky house","Box of Cats",0.789,0.781,11,-6.728,1,0.101,0.00473,0.178,0.105,0.542,124.048,4
spotify:track:3tliDNFse3q6EtNAKBjJ13,"Beat Won't Stop","Beat Won't Stop","L.I.T",2021-11-19,180480,1,false,azvwtt6iohg3hran3hxv47xn6,2024-12-05T17:00:49Z,"tech house","Techne",0.878,0.925,5,-6.402,1,0.146,0.0566,0.907,0.0567,0.686,124.996,4
spotify:track:2ncmdVcaW4yTrPkXOIgV6Q,"Crowd Control","Crowd Control","FISHER",2018-03-02,231360,53,false,azvwtt6iohg3hran3hxv47xn6,2024-12-05T17:00:49Z,"tech house,house","DIRTYBIRD",0.871,0.665,9,-7.878,1,0.0618,0.00748,0.353,0.0514,0.855,125.029,4
spotify:track:6A2fGSY2uZcidWpNosshqc,"I Want You (Forever) - Josh Butler Remix - Radio Edit","I Want You (Forever) [Josh Butler Remix]","Carl Cox;Josh Butler",2017-09-01,245714,59,false,azvwtt6iohg3hran3hxv47xn6,2024-12-05T17:00:49Z,"techno,tech house,house,deep house","Cr2 Records",0.87,0.657,9,-8.833,1,0.0746,0.00411,0.0722,0.834,0.297,126.016,4
spotify:track:0m1F05fy6JmrTrJShFHPm4,"Wasabi","Layers","Party Favor;Salvatore Ganacci",2019-04-26,206744,47,false,azvwtt6iohg3hran3hxv47xn6,2024-12-05T17:00:49Z,"edm trap,moombahton","Area 25",0.805,0.752,1,-6.464,1,0.0481,0.00405,0.775,0.176,0.737,126.013,4
spotify:track:5JeBHduTGxXxytZFXBcIlB,"Turn off the Lights - Cages Remix","Turn off the Lights","Chris Lake;Alexis Roberts;Cages",2018-02-23,208857,3,false,azvwtt6iohg3hran3hxv47xn6,2024-12-05T17:00:49Z,"tech house,house,bass house","Black Book",0.667,0.839,11,-6.677,0,0.0542,0.00324,0.00288,0.476,0.337,125.03,4
spotify:track:4w3aeFTHofDdXk35ZCpMzl,"Faith in the Footsteps","Faith in the Footsteps","Rioleval",2021-06-11,222000,37,false,azvwtt6iohg3hran3hxv47xn6,2024-12-05T17:00:49Z,"lo-fi house,jazz house","SoSure Music",0.741,0.908,6,-5.773,0,0.0379,0.00158,0.863,0.0539,0.932,119.99,4
spotify:track:1ZPIAYtvvyABpEVj6l2YK2,"Yeah The Girls","Yeah The Girls","FISHER;MERYLL",2022-09-02,194310,59,false,azvwtt6iohg3hran3hxv47xn6,2024-12-05T17:00:49Z,"tech house,house,hardstyle","Intercord",0.755,0.968,8,-5.282,1,0.0422,0.00114,0.761,0.103,0.786,126.001,4
spotify:track:0uMDkt7tY0EoRg0o0IzYbu,"Pump Up The Jam - NightFunk Radio Edit","Pump Up The Jam (NightFunk Radio Edit)","Technotronic;NightFunk",2020-05-29,213023,49,false,azvwtt6iohg3hran3hxv47xn6,2024-12-05T17:00:49Z,"eurodance,hip house,dance,tech house","Universal Music S.A.",0.853,0.652,11,-8.877,1,0.0935,0.00503,0.0227,0.0904,0.828,129.001,4
spotify:track:2UXF6Sz2y6cYk1tF5f1X7U,"Whatever","Whatever","Kreech",2021-05-07,226046,51,false,azvwtt6iohg3hran3hxv47xn6,2024-12-05T17:00:49Z,"rally house,house","Rawsome Deep",0.777,0.933,7,-8.641,0,0.0551,0.164,0.306,0.107,0.541,128.992,4
spotify:track:0wGFG26QzuMRH03ACmlyW7,"Come Back to Me","Come Back to Me","Deeper Purpose",2022-12-02,217738,48,false,azvwtt6iohg3hran3hxv47xn6,2024-12-05T17:00:49Z,"tech house,house","Club Sweat",0.766,0.86,2,-6.682,1,0.049,0.00597,0.191,0.0543,0.93,126.009,4
spotify:track:4z8LOUCfjIvF5jQ8WY45Ba,"Body Pump - Lady Bee Remix","Renaissance (Remixes)","Aluna;Lady Bee",2021-01-27,176097,39,false,azvwtt6iohg3hran3hxv47xn6,2024-12-05T17:00:49Z,"moombahton,future house","Mad Decent",0.667,0.927,10,-6.183,0,0.0489,0.00265,0.103,0.108,0.544,122.997,4
spotify:track:627JZ3dVd88Xc5IoHOeNT5,"Stop It","Oi Oi","FISHER",2017-11-10,163790,66,false,azvwtt6iohg3hran3hxv47xn6,2024-12-05T17:00:49Z,"tech house,house","DIRTYBIRD",0.859,0.824,8,-7.207,1,0.0512,0.0242,0.66,0.205,0.882,124.015,4
spotify:track:6qnoOnDK3embwtU89Fz5XN,"Take Me To America","Culturally Appropriate","Salvatore Ganacci",2022-11-25,231134,53,false,azvwtt6iohg3hran3hxv47xn6,2024-12-05T17:00:49Z,"moombahton","MDLBEAST Records",0.791,0.894,7,-5.31,1,0.0331,0.000142,0.675,0.223,0.945,134.963,4
spotify:track:5ijp0ctfwwkmkR6hWDQnwn,"Boom Shakalaka","The Return of House Music","Moksi;Emy Perez;Digitzz",2019-08-02,178320,48,true,azvwtt6iohg3hran3hxv47xn6,2024-12-05T17:00:49Z,"bass house,future house,g-house","Barong Family",0.87,0.787,4,-8.091,0,0.206,0.0267,0.144,0.229,0.551,123.953,4
spotify:track:4OfqxEKFF4tFQ0ZK14MTBA,"LEFT TO RIGHT","LEFT TO RIGHT","Odd Mob",2022-08-12,146250,39,false,azvwtt6iohg3hran3hxv47xn6,2024-12-05T17:00:49Z,"tech house,bass house","Tinted Records",0.856,0.959,8,-4.442,1,0.269,0.143,0.35,0.306,0.217,128.018,4
spotify:track:7zp9FOU4cjFdGN1zdWTvcB,"TAKE IT OFF","TAKE IT OFF","FISHER;Aatig",2023-06-23,194604,70,true,azvwtt6iohg3hran3hxv47xn6,2024-12-05T17:00:49Z,"tech house,house","Big Beat Records/Atlantic",0.884,0.707,1,-6.607,1,0.202,0.000502,0.258,0.363,0.582,127.013,4
spotify:track:3FWCaDX512wgCxWZ2nqGUw,"DEEJAU OTHMAN (UMBERELLA TECH HOUSE REMIX)","DEEJAU OTHMAN (UMBERELLA TECH HOUSE REMIX)","ABDELAHAD RECORDS",2023-12-11,245786,0,false,azvwtt6iohg3hran3hxv47xn6,2025-03-12T03:31:34Z,"","5986540 Records DK",0.756,0.822,6,-8.038,0,0.0844,0.000917,0.000693,0.0712,0.78,126.01,4
spotify:track:2Sp77P0mMbXkkQ0CG5K6Ro,"Dancing With The Devil (Demi Lovato)","Adaptations Volume 7","Elephant Music",2019,119874,0,false,azvwtt6iohg3hran3hxv47xn6,2025-03-12T04:00:43Z,"","Elephant Music Global",0.474,0.499,10,-7.057,0,0.0428,0.542,0.000197,0.0589,0.268,73.029,4
spotify:track:0SUmd4VuCaGZwuFxCBboqZ,"Burning Down The House (Talking Heads)","Adaptations Volume 7","Elephant Music",2019,122181,0,false,azvwtt6iohg3hran3hxv47xn6,2025-03-12T04:00:43Z,"","Elephant Music Global",0.527,0.94,8,-4.11,1,0.0595,0.00115,0.00845,0.082,0.252,110.026,4
spotify:track:6zqdvhzpt8AGN6MlOuRdTs,"Chasing Cars (Snow Patrol)","Adaptations Volume 7","Elephant Music",2019,144514,0,false,azvwtt6iohg3hran3hxv47xn6,2025-03-12T04:00:43Z,"","Elephant Music Global",0.527,0.478,2,-8.525,1,0.0263,0.743,0.00000264,0.101,0.242,104.006,4
spotify:track:3G6eMFXP6lkpBTMxduQaHC,"Three Little Birds (Bob Marley & The Wailers)","Adaptations Volume 7","Elephant Music",2019,118312,0,false,azvwtt6iohg3hran3hxv47xn6,2025-03-12T04:00:43Z,"","Elephant Music Global",0.442,0.563,1,-6.351,0,0.0565,0.0623,0.0381,0.506,0.143,134.129,4
spotify:track:3m7ezhPILZTwOe03cPARD0,"Sweet Dreams (Eurythmics)","Adaptations Volume 7","Elephant Music",2019,142931,0,false,azvwtt6iohg3hran3hxv47xn6,2025-03-12T04:00:43Z,"","Elephant Music Global",0.366,0.598,0,-9.19,0,0.106,0.0568,0.000131,0.105,0.113,109.453,4
spotify:track:1TzcdyAJHSn9ZAm6yCHBbY,"I Just Can't Get Enough (Depeche Mode)","Adaptations Volume 7","Elephant Music",2019,134857,0,false,azvwtt6iohg3hran3hxv47xn6,2025-03-12T04:00:43Z,"","Elephant Music Global",0.257,0.728,7,-6.456,0,0.0537,0.0598,0.853,0.111,0.115,104.159,4
spotify:track:0OpQPGvmaX370DrHwaLjph,"You Make Me Feel (Mighty Real) (Sylvester)","Adaptations Volume 7","Elephant Music",2019,123870,0,false,azvwtt6iohg3hran3hxv47xn6,2025-03-12T04:00:43Z,"","Elephant Music Global",0.51,0.64,5,-8.779,0,0.0468,0.00072,0.861,0.127,0.213,93.044,4
spotify:track:7l2Eja0ATEGb42EP8vfOCo,"Groove is in the Heart (Deee-Lite)","Adaptations Volume 7","Elephant Music",2019,133715,0,false,azvwtt6iohg3hran3hxv47xn6,2025-03-12T04:00:43Z,"","Elephant Music Global",0.594,0.881,9,-6.715,1,0.0564,0.00117,0.815,0.0834,0.171,119.959,4
spotify:track:1TbG740B03TI30mJcrlJpm,"Never Leave You Uh Oooh, Uh Oooh (Lumidee)","Adaptations Volume 7","Elephant Music",2019,116400,0,false,azvwtt6iohg3hran3hxv47xn6,2025-03-12T04:00:43Z,"","Elephant Music Global",0.77,0.337,2,-14.904,1,0.0506,0.954,0.957,0.103,0.604,99.968,4
spotify:track:6L9KhhfXejrxLcZ6ywzToM,"No One Knows (QOTSA)","Adaptations Volume 7","Elephant Music",2019,118166,0,false,azvwtt6iohg3hran3hxv47xn6,2025-03-12T04:00:43Z,"","Elephant Music Global",0.311,0.651,10,-5.541,0,0.0524,0.094,0.00817,0.135,0.129,139.769,4
spotify:track:4iOmyUlcHYqa4kNrZlSmVX,"In My Dreams - Extended Deep House Remix","Deep House Trancelations Vol.1","Nale;Kika",2022-04-08,353959,0,false,azvwtt6iohg3hran3hxv47xn6,2025-03-12T05:56:38Z,"","TechnoTrance-Essentials.com",0.665,0.7,11,-10.232,0,0.0506,0.0000735,0.717,0.0743,0.107,114.997,4
spotify:track:5nLaDJyH0ckQQs06K9AYHi,"Walk On By - Francesco Cofano Instrumental","Walk On By","JFC;Francisco;Francesco Cofano",2020-07-01,404092,0,false,azvwtt6iohg3hran3hxv47xn6,2025-03-12T05:58:06Z,"nu disco,disco house,disco italiana","Soulstice Music",0.807,0.811,9,-8.079,1,0.0828,0.000108,0.908,0.139,0.281,119.994,4
spotify:track:4XsPJnS3b8bng8NNjOahKn,"Unbreakable","Unbreakable","Aly & Fila;Roger Shah;Susana",2016-08-29,200000,31,false,azvwtt6iohg3hran3hxv47xn6,2025-03-12T07:06:59Z,"trance,trance progresivo","FSOE",0.437,0.996,7,-2.805,0,0.0908,0.00145,0.13,0.261,0.126,137.997,4
spotify:track:6HfvNJqzFn6GSOT7oGpzwC,"Cloud Nine","Nothing But... House Selections, Vol. 11","Hazzaro",2020-09-07,414720,0,false,azvwtt6iohg3hran3hxv47xn6,2025-03-12T08:19:00Z,"nu disco,funky house,disco house","Nothing But",0.71,0.875,2,-4.14,1,0.0892,0.0000176,0.938,0.069,0.608,124.99,4
spotify:track:00GvqqIkMdHaxChyhZf9Nx,"4U","4U","Matroda;Martin Ikin;Sian-Lee",2024-08-30,180703,56,false,azvwtt6iohg3hran3hxv47xn6,2025-03-30T16:33:13Z,"bass house,tech house,g-house,house,electro house","Terminal Underground",0.786,0.98,2,-3.92,1,0.0852,0.00193,0.866,0.0555,0.517,127.978,4
spotify:track:5WbYTY37jruJHXGwkPCfrc,"Think About You","Music & You","Room 5",2003-11-24,202560,45,false,azvwtt6iohg3hran3hxv47xn6,2025-07-15T01:56:05Z,"disco house,funky house,house francés","[PIAS] Recordings Catalogue",0.639,0.944,1,-6.607,0,0.0776,0.000027,0.154,0.364,0.235,126.043,4
spotify:track:3QVvl1yzXpLslLeN9gfnN3,"U Got Me","Music & You","Room 5",2003-11-24,238466,31,false,azvwtt6iohg3hran3hxv47xn6,2025-07-15T03:51:53Z,"disco house,funky house,house francés","[PIAS] Recordings Catalogue",0.769,0.937,1,-6.005,0,0.0913,0.000278,0.26,0.1,0.519,126.919,4
spotify:track:4NZV1sYGV59U4wy5YdHYsE,"In Your Fantasy (Yaeji Ver.)","In Your Fantasy (Remix)","ATEEZ;Yaeji",2025-07-14,202605,33,false,azvwtt6iohg3hran3hxv47xn6,2025-08-04T19:39:13Z,"k-pop,noise","KQ Entertainment",0.865,0.905,0,-5.774,1,0.0843,0.0439,0.0000385,0.0802,0.719,123.058,4
spotify:track:1wNGpQSw15a7rXjtcK4hK8,"booboo","booboo","Yaeji",2024-08-21,212266,45,false,azvwtt6iohg3hran3hxv47xn6,2025-08-04T19:39:53Z,"","XL Recordings",0.868,0.851,0,-6.555,1,0.135,0.102,0.299,0.0941,0.725,150.008,4
spotify:track:2VeJYNq0R3kWIb5IRyRgYh,"Believe In Ya","Believe In Ya","T-Pain;Yaeji;Girl Talk",2025-01-15,179089,40,false,azvwtt6iohg3hran3hxv47xn6,2025-08-04T19:41:44Z,"plunderphonics","C&G Records",0.789,0.886,5,-3.819,0,0.117,0.315,0.00021,0.121,0.702,106.056,4
spotify:track:5xaCoOIYFxKuJaQAZ1xjuE,"Acid Days","Acid Days EP","Roberto Capuano",2010,442204,1,false,azvwtt6iohg3hran3hxv47xn6,2026-01-29T00:08:51Z,"techno,minimal techno","Loose Records",0.799,0.61,11,-7.517,0,0.0783,0.000271,0.794,0.0793,0.195,127.011,4
spotify:track:2vqE5am9B1aMPzt8poQf2U,"Running Shadows","Acid Days EP","Roberto Capuano",2010,571428,0,false,azvwtt6iohg3hran3hxv47xn6,2026-01-29T00:08:51Z,"techno,minimal techno","Loose Records",0.675,0.789,4,-9.705,0,0.0419,0.000891,0.821,0.0725,0.206,125.998,4
spotify:track:2Y7TjMkhhmma5U3sl5WLH9,"Slow Motion","Acid Days EP","Roberto Capuano",2010,423307,0,false,azvwtt6iohg3hran3hxv47xn6,2026-01-29T00:08:51Z,"techno,minimal techno","Loose Records",0.773,0.544,11,-11.265,1,0.133,0.0128,0.869,0.111,0.333,126.993,4
spotify:track:501L6H4jC2FR13yWy8CkFB,"Pearl","Pearl and Gem","Markantonio;Roberto Capuano",2012-11-23,431590,0,false,azvwtt6iohg3hran3hxv47xn6,2026-01-29T00:10:33Z,"techno,acid techno,minimal techno","Unrilis",0.755,0.903,8,-8.263,0,0.0355,0.00145,0.924,0.0822,0.32,128.987,4
spotify:track:0tbllEVi7Dq79VExGP5ZTz,"Gem","Pearl and Gem","Markantonio;Roberto Capuano",2012-11-23,426283,0,false,azvwtt6iohg3hran3hxv47xn6,2026-01-29T00:10:33Z,"techno,acid techno,minimal techno","Unrilis",0.766,0.914,11,-6.222,0,0.0404,0.0000587,0.898,0.132,0.225,127.002,4
spotify:track:08oGGnorusCzTVqyy2AtJW,"Pearl - Luigi Madonna Club MIx","Pearl and Gem","Markantonio;Roberto Capuano;Luigi Madonna",2012-11-23,432857,0,false,azvwtt6iohg3hran3hxv47xn6,2026-01-29T00:10:33Z,"techno,acid techno,minimal techno","Unrilis",0.771,0.542,6,-10.66,1,0.0676,0.0849,0.937,0.124,0.153,127.004,4
spotify:track:7JDTUjvIHk9nAQ8urzCoMT,"Pearl - Luigi Madonna Dub Mix","Pearl and Gem","Markantonio;Roberto Capuano;Luigi Madonna",2012-11-23,394417,2,false,azvwtt6iohg3hran3hxv47xn6,2026-01-29T00:10:33Z,"techno,acid techno,minimal techno","Unrilis",0.769,0.602,1,-9.972,1,0.0682,0.171,0.932,0.508,0.0826,128.999,4
